0,loan_id,reporting_period,seller_name,servicer_name,5,6,orig_interest_rate,current_interest_rate,orig_upb,current_upb,11,orig_loan_term,origination_date,first_payment_date,loan_age,remaining_months_to_maturity,17,18,orig_ltv,20,21,dti,borrower_credit_score,24,25,26,27,28,29,30,31,modification_flag,33,34,35,36,37,38,delinquency_status,40,41,42,zero_balance_code,44,45,46,47,48,49,50,51,52,53,54,55,56,57,58,59,60,61,62,63,64,65,66,67,68,69,70,71,72,73,74,75,76,77,78,79,80,81,82,83,84,85,86,87,88,89,90,91,92,93,94,95,96,97,98,99,100,101,102,103,104,105,106,107,reporting_date_dt,orig_date_dt,balance_to_orig_ratio,interest_rate_diff,credit_score_band,ltv_band,dti_band,dpd,is_delinquent,hist_delinquent_flag,dpd_rolling_3m_max,dpd_rolling_6m_max,max_hist_dpd,cum_delinquency_months,bal_change_1m,bal_change_3m,is_modified,cum_modifications,status_transitions,vintage_year,servicer_code,missing_dti,missing_ltv,missing_credit,data_quality_score,risk_interaction_ltv_dti,risk_interaction_cs_ltv,future_delinq_3m,next_3m_delinquency_flag,future_delinq_6m,next_6m_delinquency_flag,is_default,is_prepaid,future_default_12m,next_12m_default_flag,future_prepay_12m,next_12m_prepayment_flag,next_state,exception_type,exception_required
,100023020488,82009,R,Other,Other,,5.375,5.375,55000.0,,0.0,240,82009,102009,-1.0,241.0,240.0,92029.0,55,55,1,36,714,,N,C,SF,1,P,OH,17140,452,,FRM,N,N,,,00,,N,,,,,,,,,,,,,,,,,,,,,,,,,,,,,,,,N,,,,,,,N,,,,,,N,,,,,,,,,,,,,,,,N,,,,,,2009-08-01,2009-08-01,,0.0,2.0,0.0,2.0,0,0,0,0.0,0.0,0,0,,,0,0,1,2009,1,0,0,0,100,1980,12.75,0.0,0,0.0,0,0,0,0.0,0,0.0,0,Current,None,0
,100023020488,92009,R,Other,Other,,5.375,5.375,55000.0,,0.0,240,82009,102009,0.0,240.0,240.0,92029.0,55,55,1,36,714,,N,C,SF,1,P,OH,17140,452,,FRM,N,N,,,00,,N,,,,,,,,,,,,,,,,,,,,,,,,,,,,,,,,N,,,,,,,N,,,,,,N,,,,,,,,,,,,,,,,N,,,,,,2009-09-01,2009-08-01,,0.0,2.0,0.0,2.0,0,0,0,0.0,0.0,0,0,,,0,0,1,2009,1,0,0,0,100,1980,12.75,0.0,0,0.0,0,0,0,0.0,0,0.0,0,Current,None,0
,100023020488,102009,R,Other,Other,,5.375,5.375,55000.0,,0.0,240,82009,102009,1.0,239.0,238.0,92029.0,55,55,1,36,714,,N,C,SF,1,P,OH,17140,452,,FRM,N,N,,,00,,N,,,,,,,,,,,,,,,,,,,,,,,,,,,,,,,,N,,,,,,,N,,,,,,N,,,,,,,,,,,,,,,,N,,,,,,2009-10-01,2009-08-01,,0.0,2.0,0.0,2.0,0,0,0,0.0,0.0,0,0,,,0,0,1,2009,1,0,0,0,100,1980,12.75,0.0,0,0.0,0,0,0,0.0,0,0.0,0,Current,None,0
,100023020488,112009,R,Other,Other,,5.375,5.375,55000.0,,0.0,240,82009,102009,2.0,238.0,238.0,92029.0,55,55,1,36,714,,N,C,SF,1,P,OH,17140,452,,FRM,N,N,,,00,,N,,,,,,,,,,,,,,,,,,,,,,,,,,,,,,,,N,,,,,,,N,,,,,,N,,,,,,,,,,,,,,,,N,,,,,,2009-11-01,2009-08-01,,0.0,2.0,0.0,2.0,0,0,0,0.0,0.0,0,0,,,0,0,1,2009,1,0,0,0,100,1980,12.75,0.0,0,0.0,0,0,0,0.0,0,0.0,0,Current,None,0
,100023020488,122009,R,Other,Other,,5.375,5.375,55000.0,,0.0,240,82009,102009,3.0,237.0,236.0,92029.0,55,55,1,36,714,,N,C,SF,1,P,OH,17140,452,,FRM,N,N,,,00,,N,,,,,,,,,,,,,,,,,,,,,,,,,,,,,,,,N,,,,,,,N,,,,,,N,,,,,,,,,,,,,,,,N,,,,,,2009-12-01,2009-08-01,,0.0,2.0,0.0,2.0,0,0,0,0.0,0.0,0,0,,,0,0,1,2009,1,0,0,0,100,1980,12.75,0.0,0,0.0,0,0,0,0.0,0,0.0,0,Current,None,0
,100023020488,12010,R,Other,Other,,5.375,5.375,55000.0,,0.0,240,82009,102009,4.0,236.0,235.0,92029.0,55,55,1,36,714,,N,C,SF,1,P,OH,17140,452,,FRM,N,N,,,00,,N,,,,,,,,,,,,,,,,,,,,,,,,,,,,,,,,N,,,,,,,N,,,,,,N,,,,,,,,,,,,,,,,N,,,,,,2010-01-01,2009-08-01,,0.0,2.0,0.0,2.0,0,0,0,0.0,0.0,0,0,,,0,0,1,2009,1,0,0,0,100,1980,12.75,0.0,0,0.0,0,0,0,0.0,0,0.0,0,Current,None,0
,100023020488,22010,R,Other,Other,,5.375,5.375,55000.0,,54350.98,240,82009,102009,5.0,235.0,235.0,92029.0,55,55,1,36,714,,N,C,SF,1,P,OH,17140,452,,FRM,N,N,,,00,,N,,,,,,,,,,,,,,,,,,,,,,,,,,,,,,,,N,,,,,,,N,,,,,,N,,,,,,,,,,,,,,,,N,,,,,,2010-02-01,2009-08-01,,0.0,2.0,0.0,2.0,0,0,0,0.0,0.0,0,0,,,0,0,1,2009,1,0,0,0,100,1980,12.75,0.0,0,0.0,0,0,0,0.0,0,0.0,0,Current,None,0
,100023020488,32010,R,Other,Other,,5.375,5.375,55000.0,,54219.43,240,82009,102009,6.0,234.0,234.0,92029.0,55,55,1,36,714,,N,C,SF,1,P,OH,17140,452,,FRM,N,N,,,00,,N,,,,,,,,,,,,,,,,,,,,,,,,,,,,,,,,N,,,,,,,N,,,,,,N,,,,,,,,,,,,,,,,N,,,,,,2010-03-01,2009-08-01,,0.0,2.0,0.0,2.0,0,0,0,0.0,0.0,0,0,,,0,0,1,2009,1,0,0,0,100,1980,12.75,0.0,0,0.0,0,0,0,0.0,0,0.0,0,Current,None,0
,100023020488,42010,R,Other,Other,,5.375,5.375,55000.0,,53954.56,240,82009,102009,7.0,233.0,232.0,92029.0,55,55,1,36,714,,N,C,SF,1,P,OH,17140,452,,FRM,N,N,,,00,,N,,,,,,,,,,,,,,,,,,,,,,,,,,,,,,,,N,,,,,,,N,,,,,,N,,,,,,,,,,,,,,,,N,,,,,,2010-04-01,2009-08-01,,0.0,2.0,0.0,2.0,0,0,0,0.0,0.0,0,0,,,0,0,1,2009,1,0,0,0,100,1980,12.75,0.0,0,0.0,0,0,0,0.0,0,0.0,0,Current,None,0
,100023020488,52010,R,Other,Other,,5.375,5.375,55000.0,,53954.56,240,82009,102009,8.0,232.0,232.0,92029.0,55,55,1,36,714,,N,C,SF,1,P,OH,17140,452,,FRM,N,N,,,00,,N,,,,,,,,,,,,,,,,,,,,,,,,,,,,,,,,N,,,,,,,N,,,,,,N,,,,,,,,,,,,,,,,N,,,,,,2010-05-01,2009-08-01,,0.0,2.0,0.0,2.0,0,0,0,0.0,0.0,0,0,,,0,0,1,2009,1,0,0,0,100,1980,12.75,0.0,0,0.0,0,0,0,0.0,0,0.0,0,Current,None,0
,100023020488,62010,R,Other,Other,,5.375,5.375,55000.0,,53821.23,240,82009,102009,9.0,231.0,231.0,92029.0,55,55,1,36,714,,N,C,SF,1,P,OH,17140,452,,FRM,N,N,,,00,,N,,,,,,,,,,,,,,,,,,,,,,,,,,,,,,,,N,,,,,,,N,,,,,,N,,,,,,,,,,,,,,,,N,,,,,,2010-06-01,2009-08-01,,0.0,2.0,0.0,2.0,0,0,0,0.0,0.0,0,0,,,0,0,1,2009,1,0,0,0,100,1980,12.75,0.0,0,0.0,0,0,0,0.0,0,0.0,0,Current,None,0
,100023020488,72010,R,Other,Other,,5.375,5.375,55000.0,,53552.78,240,82009,102009,10.0,230.0,229.0,92029.0,55,55,1,36,714,,N,C,SF,1,P,OH,17140,452,,FRM,N,N,,,00,,N,,,,,,,,,,,,,,,,,,,,,,,,,,,,,,,,N,,,,,,,N,,,,,,N,,,,,,,,,,,,,,,,N,,,,,,2010-07-01,2009-08-01,,0.0,2.0,0.0,2.0,0,0,0,0.0,0.0,0,0,,,0,0,1,2009,1,0,0,0,100,1980,12.75,0.0,0,0.0,0,0,0,0.0,0,0.0,0,Current,None,0
,100023020488,82010,R,Other,Other,,5.375,5.375,55000.0,,53552.78,240,82009,102009,11.0,229.0,229.0,92029.0,55,55,1,36,714,,N,C,SF,1,P,OH,17140,452,,FRM,N,N,,,00,,N,,,,,,,,,,,,,,,,,,,,,,,,,,,,,,,,N,,,,,,,N,,,,,,N,,,,,,,,,,,,,,,,N,,,,,,2010-08-01,2009-08-01,,0.0,2.0,0.0,2.0,0,0,0,0.0,0.0,0,0,,,0,0,1,2009,1,0,0,0,100,1980,12.75,0.0,0,0.0,0,0,0,0.0,0,0.0,0,Current,None,0
,100023020488,92010,R,Other,Other,,5.375,5.375,55000.0,,53281.91,240,82009,102009,12.0,228.0,227.0,92029.0,55,55,1,36,714,,N,C,SF,1,P,OH,17140,452,,FRM,N,N,,,00,,N,,,,,,,,,,,,,,,,,,,,,,,,,,,,,,,,N,,,,,,,N,,,,,,N,,,,,,,,,,,,,,,,N,,,,,,2010-09-01,2009-08-01,,0.0,2.0,0.0,2.0,0,0,0,0.0,0.0,0,0,,,0,0,1,2009,1,0,0,0,100,1980,12.75,0.0,0,0.0,0,0,0,0.0,0,0.0,0,Current,None,0
,100023020488,102010,R,Other,Other,,5.375,5.375,55000.0,,53281.91,240,82009,102009,13.0,227.0,227.0,92029.0,55,55,1,36,714,,N,C,SF,1,P,OH,17140,452,,FRM,N,N,,,00,,N,,,,,,,,,,,,,,,,,,,,,,,,,,,,,,,,N,,,,,,,N,,,,,,N,,,,,,,,,,,,,,,,N,,,,,,2010-10-01,2009-08-01,,0.0,2.0,0.0,2.0,0,0,0,0.0,0.0,0,0,,,0,0,1,2009,1,0,0,0,100,1980,12.75,0.0,0,0.0,0,0,0,0.0,0,0.0,0,Current,None,0
,100023020488,112010,R,Other,Other,,5.375,5.375,55000.0,,53145.57,240,82009,102009,14.0,226.0,226.0,92029.0,55,55,1,36,714,,N,C,SF,1,P,OH,17140,452,,FRM,N,N,,,00,,N,,,,,,,,,,,,,,,,,,,,,,,,,,,,,,,,N,,,,,,,N,,,,,,N,,,,,,,,,,,,,,,,N,,,,,,2010-11-01,2009-08-01,,0.0,2.0,0.0,2.0,0,0,0,0.0,0.0,0,0,,,0,0,1,2009,1,0,0,0,100,1980,12.75,0.0,0,0.0,0,0,0,0.0,0,0.0,0,Current,None,0
,100023020488,122010,R,Other,Other,,5.375,5.375,55000.0,,52871.05,240,82009,102009,15.0,225.0,224.0,92029.0,55,55,1,36,714,,N,C,SF,1,P,OH,17140,452,,FRM,N,N,,,00,,N,,,,,,,,,,,,,,,,,,,,,,,,,,,,,,,,N,,,,,,,N,,,,,,N,,,,,,,,,,,,,,,,N,,,,,,2010-12-01,2009-08-01,,0.0,2.0,0.0,2.0,0,0,0,0.0,0.0,0,0,,,0,0,1,2009,1,0,0,0,100,1980,12.75,0.0,0,0.0,0,0,0,0.0,0,0.0,0,Current,None,0
,100023020488,12011,R,Other,Other,,5.375,5.375,55000.0,,52871.05,240,82009,102009,16.0,224.0,224.0,92029.0,55,55,1,36,714,,N,C,SF,1,P,OH,17140,452,,FRM,N,N,,,00,,N,,,,,,,,,,,,,,,,,,,,,,,,,,,,,,,,N,,,,,,,N,,,,,,N,,,,,,,,,,,,,,,,N,,,,,,2011-01-01,2009-08-01,,0.0,2.0,0.0,2.0,0,0,0,0.0,0.0,0,0,,,0,0,1,2009,1,0,0,0,100,1980,12.75,0.0,0,0.0,0,0,0,0.0,0,0.0,0,Current,None,0
,100023020488,22011,R,Other,Other,,5.375,5.375,55000.0,,52732.87,240,82009,102009,17.0,223.0,223.0,92029.0,55,55,1,36,714,,N,C,SF,1,P,OH,17140,452,,FRM,N,N,,,00,,N,,,,,,,,,,,,,,,,,,,,,,,,,,,,,,,,N,,,,,,,N,,,,,,N,,,,,,,,,,,,,,,,N,,,,,,2011-02-01,2009-08-01,,0.0,2.0,0.0,2.0,0,0,0,0.0,0.0,0,0,,,0,0,1,2009,1,0,0,0,100,1980,12.75,0.0,0,0.0,0,0,0,0.0,0,0.0,0,Current,None,0
,100023020488,32011,R,Other,Other,,5.375,5.375,55000.0,,52594.07,240,82009,102009,18.0,222.0,222.0,92029.0,55,55,1,36,714,,N,C,SF,1,P,OH,17140,452,,FRM,N,N,,,00,,N,,,,,,,,,,,,,,,,,,,,,,,,,,,,,,,,N,,,,,,,N,,,,,,N,,,,,,,,,,,,,,,,N,,,,,,2011-03-01,2009-08-01,,0.0,2.0,0.0,2.0,0,0,0,0.0,0.0,0,0,,,0,0,1,2009,1,0,0,0,100,1980,12.75,0.0,0,0.0,0,0,0,0.0,0,0.0,0,Current,None,0
,100023020488,42011,R,Other,Other,,5.375,5.375,55000.0,,52314.6,240,82009,102009,19.0,221.0,220.0,92029.0,55,55,1,36,714,,N,C,SF,1,P,OH,17140,452,,FRM,N,N,,,00,,N,,,,,,,,,,,,,,,,,,,,,,,,,,,,,,,,N,,,,,,,N,,,,,,N,,,,,,,,,,,,,,,,N,,,,,,2011-04-01,2009-08-01,,0.0,2.0,0.0,2.0,0,0,0,0.0,0.0,0,0,,,0,0,1,2009,1,0,0,0,100,1980,12.75,0.0,0,0.0,0,0,0,0.0,0,0.0,0,Current,None,0
,100023020488,52011,R,Other,Other,,5.375,5.375,55000.0,,52314.6,240,82009,102009,20.0,220.0,220.0,92029.0,55,55,1,36,714,,N,C,SF,1,P,OH,17140,452,,FRM,N,N,,,00,,N,,,,,,,,,,,,,,,,,,,,,,,,,,,,,,,,N,,,,,,,N,,,,,,N,,,,,,,,,,,,,,,,N,,,,,,2011-05-01,2009-08-01,,0.0,2.0,0.0,2.0,0,0,0,0.0,0.0,0,0,,,0,0,1,2009,1,0,0,0,100,1980,12.75,0.0,0,0.0,0,0,0,0.0,0,0.0,0,Current,None,0
,100023020488,62011,R,Other,Other,,5.375,5.375,55000.0,,52032.62,240,82009,102009,21.0,219.0,218.0,92029.0,55,55,1,36,714,,N,C,SF,1,P,OH,17140,452,,FRM,N,N,,,00,,N,,,,,,,,,,,,,,,,,,,,,,,,,,,,,,,,N,,,,,,,N,,,,,,N,,,,,,,,,,,,,,,,N,,,,,,2011-06-01,2009-08-01,,0.0,2.0,0.0,2.0,0,0,0,0.0,0.0,0,0,,,0,0,1,2009,1,0,0,0,100,1980,12.75,0.0,0,0.0,0,0,0,0.0,0,0.0,0,Current,None,0
,100023020488,72011,R,Other,Other,,5.375,5.375,55000.0,,52032.62,240,82009,102009,22.0,218.0,218.0,92029.0,55,55,1,36,714,,N,C,SF,1,P,OH,17140,452,,FRM,N,N,,,00,,N,,,,,,,,,,,,,,,,,,,,,,,,,,,,,,,,N,,,,,,,N,,,,,,N,,,,,,,,,,,,,,,,N,,,,,,2011-07-01,2009-08-01,,0.0,2.0,0.0,2.0,0,0,0,0.0,0.0,0,0,,,0,0,1,2009,1,0,0,0,100,1980,12.75,0.0,0,0.0,0,0,0,0.0,0,0.0,0,Current,None,0
,100023020488,82011,R,Other,Other,,5.375,5.375,55000.0,,51890.69,240,82009,102009,23.0,217.0,217.0,92029.0,55,55,1,36,714,,N,C,SF,1,P,OH,17140,452,,FRM,N,N,,,00,,N,,,,,,,,,,,,,,,,,,,,,,,,,,,,,,,,N,,,,,,,N,,,,,,N,,,,,,,,,,,,,,,,N,,,,,,2011-08-01,2009-08-01,,0.0,2.0,0.0,2.0,0,0,0,0.0,0.0,0,0,,,0,0,1,2009,1,0,0,0,100,1980,12.75,0.0,0,0.0,0,0,0,0.0,0,0.0,0,Current,None,0
,100023020488,92011,R,Other,Other,,5.375,5.375,55000.0,,51604.9,240,82009,102009,24.0,216.0,215.0,92029.0,55,55,1,36,714,,N,C,SF,1,P,OH,17140,452,,FRM,N,N,,,00,,N,,,,,,,,,,,,,,,,,,,,,,,,,,,,,,,,N,,,,,,,N,,,,,,N,,,,,,,,,,,,,,,,N,,,,,,2011-09-01,2009-08-01,,0.0,2.0,0.0,2.0,0,0,0,0.0,0.0,0,0,,,0,0,1,2009,1,0,0,0,100,1980,12.75,0.0,0,0.0,0,0,0,0.0,0,0.0,0,Current,None,0
,100023020488,102011,R,Other,Other,,5.375,5.375,55000.0,,51604.9,240,82009,102009,25.0,215.0,215.0,92029.0,55,55,1,36,714,,N,C,SF,1,P,OH,17140,452,,FRM,N,N,,,00,,N,,,,,,,,,,,,,,,,,,,,,,,,,,,,,,,,N,,,,,,,N,,,,,,N,,,,,,,,,,,,,,,,N,,,,,,2011-10-01,2009-08-01,,0.0,2.0,0.0,2.0,0,0,0,0.0,0.0,0,0,,,0,0,1,2009,1,0,0,0,100,1980,12.75,0.0,0,0.0,0,0,0,0.0,0,0.0,0,Current,None,0
,100023020488,112011,R,Other,Other,,5.375,5.375,55000.0,,51461.05,240,82009,102009,26.0,214.0,214.0,92029.0,55,55,1,36,714,,N,C,SF,1,P,OH,17140,452,,FRM,N,N,,,00,,N,,,,,,,,,,,,,,,,,,,,,,,,,,,,,,,,N,,,,,,,N,,,,,,N,,,,,,,,,,,,,,,,N,,,,,,2011-11-01,2009-08-01,,0.0,2.0,0.0,2.0,0,0,0,0.0,0.0,0,0,,,0,0,1,2009,1,0,0,0,100,1980,12.75,0.0,0,0.0,0,0,0,0.0,0,0.0,0,Current,None,0
,100023020488,122011,R,Other,Other,,5.375,5.375,55000.0,,51171.41,240,82009,102009,27.0,213.0,212.0,92029.0,55,55,1,36,714,,N,C,SF,1,P,OH,17140,452,,FRM,N,N,,,00,,N,,,,,,,,,,,,,,,,,,,,,,,,,,,,,,,,N,,,,,,,N,,,,,,N,,,,,,,,,,,,,,,,N,,,,,,2011-12-01,2009-08-01,,0.0,2.0,0.0,2.0,0,0,0,0.0,0.0,0,0,,,0,0,1,2009,1,0,0,0,100,1980,12.75,0.0,0,0.0,0,0,0,0.0,0,0.0,0,Current,None,0
,100023020488,12012,R,Other,Other,,5.375,5.375,55000.0,,51171.41,240,82009,102009,28.0,212.0,212.0,92029.0,55,55,1,36,714,,N,C,SF,1,P,OH,17140,452,,FRM,N,N,,,00,,N,,,,,,,,,,,,,,,,,,,,,,,,,,,,,,,,N,,,,,,,N,,,,,,N,,,,,,,,,,,,,,,,N,,,,,,2012-01-01,2009-08-01,,0.0,2.0,0.0,2.0,0,0,0,0.0,0.0,0,0,,,0,0,1,2009,1,0,0,0,100,1980,12.75,0.0,0,0.0,0,0,0,0.0,0,0.0,0,Current,None,0
,100023020488,22012,R,Other,Other,,5.375,5.375,55000.0,,51025.61,240,82009,102009,29.0,211.0,211.0,92029.0,55,55,1,36,714,,N,C,SF,1,P,OH,17140,452,,FRM,N,N,,,00,,N,,,,,,,,,,,,,,,,,,,,,,,,,,,,,,,,N,,,,,,,N,,,,,,N,,,,,,,,,,,,,,,,N,,,,,,2012-02-01,2009-08-01,,0.0,2.0,0.0,2.0,0,0,0,0.0,0.0,0,0,,,0,0,1,2009,1,0,0,0,100,1980,12.75,0.0,0,0.0,0,0,0,0.0,0,0.0,0,Current,None,0
,100023020488,32012,R,Other,Other,,5.375,5.375,55000.0,,50732.06,240,82009,102009,30.0,210.0,209.0,92029.0,55,55,1,36,714,,N,C,SF,1,P,OH,17140,452,,FRM,N,N,,,00,,N,,,,,,,,,,,,,,,,,,,,,,,,,,,,,,,,N,,,,,,,N,,,,,,N,,,,,,,,,,,,,,,,N,,,,,,2012-03-01,2009-08-01,,0.0,2.0,0.0,2.0,0,0,0,0.0,0.0,0,0,,,0,0,1,2009,1,0,0,0,100,1980,12.75,0.0,0,0.0,0,0,0,0.0,0,0.0,0,Current,None,0
,100023020488,42012,R,Other,Other,,5.375,5.375,55000.0,,50732.06,240,82009,102009,31.0,209.0,209.0,92029.0,55,55,1,36,714,,N,C,SF,1,P,OH,17140,452,,FRM,N,N,,,00,,N,,,,,,,,,,,,,,,,,,,,,,,,,,,,,,,,N,,,,,,,N,,,,,,N,,,,,,,,,,,,,,,,N,,,,,,2012-04-01,2009-08-01,,0.0,2.0,0.0,2.0,0,0,0,0.0,0.0,0,0,,,0,0,1,2009,1,0,0,0,100,1980,12.75,0.0,0,0.0,0,0,0,0.0,0,0.0,0,Current,None,0
,100023020488,52012,R,Other,Other,,5.375,5.375,55000.0,,50584.3,240,82009,102009,32.0,208.0,208.0,92029.0,55,55,1,36,714,,N,C,SF,1,P,OH,17140,452,,FRM,N,N,,,00,,N,,,,,,,,,,,,,,,,,,,,,,,,,,,,,,,,N,,,,,,,N,,,,,,N,,,,,,,,,,,,,,,,N,,,,,,2012-05-01,2009-08-01,,0.0,2.0,0.0,2.0,0,0,0,0.0,0.0,0,0,,,0,0,1,2009,1,0,0,0,100,1980,12.75,0.0,0,0.0,0,0,0,0.0,0,0.0,0,Current,None,0
,100023020488,62012,R,Other,Other,,5.375,5.375,55000.0,,50286.78,240,82009,102009,33.0,207.0,206.0,92029.0,55,55,1,36,714,,N,C,SF,1,P,OH,17140,452,,FRM,N,N,,,00,,N,,,,,,,,,,,,,,,,,,,,,,,,,,,,,,,,N,,,,,,,N,,,,,,N,,,,,,,,,,,,,,,,N,,,,,,2012-06-01,2009-08-01,,0.0,2.0,0.0,2.0,0,0,0,0.0,0.0,0,0,,,0,0,1,2009,1,0,0,0,100,1980,12.75,0.0,0,0.0,0,0,0,0.0,0,0.0,0,Current,None,0
,100023020488,72012,R,Other,Other,,5.375,5.375,55000.0,,50286.78,240,82009,102009,34.0,206.0,206.0,92029.0,55,55,1,36,714,,N,C,SF,1,P,OH,17140,452,,FRM,N,N,,,00,,N,,,,,,,,,,,,,,,,,,,,,,,,,,,,,,,,N,,,,,,,N,,,,,,N,,,,,,,,,,,,,,,,N,,,,,,2012-07-01,2009-08-01,,0.0,2.0,0.0,2.0,0,0,0,0.0,0.0,0,0,,,0,0,1,2009,1,0,0,0,100,1980,12.75,0.0,0,0.0,0,0,0,0.0,0,0.0,0,Current,None,0
,100023020488,82012,R,Other,Other,,5.375,5.375,55000.0,,49986.6,240,82009,102009,35.0,205.0,204.0,92029.0,55,55,1,36,714,,N,C,SF,1,P,OH,17140,452,,FRM,N,N,,,00,,N,,,,,,,,,,,,,,,,,,,,,,,,,,,,,,,,N,,,,,,,N,,,,,,N,,,,,,,,,,,,,,,,N,,,,,,2012-08-01,2009-08-01,,0.0,2.0,0.0,2.0,0,0,0,0.0,0.0,0,0,,,0,0,1,2009,1,0,0,0,100,1980,12.75,0.0,0,0.0,0,0,0,0.0,0,0.0,0,Current,None,0
,100023020488,92012,R,Other,Other,,5.375,5.375,55000.0,,49986.6,240,82009,102009,36.0,204.0,204.0,92029.0,55,55,1,36,714,,N,C,SF,1,P,OH,17140,452,,FRM,N,N,,,00,,N,,,,,,,,,,,,,,,,,,,,,,,,,,,,,,,,N,,,,,,,N,,,,,,N,,,,,,,,,,,,,,,,N,,,,,,2012-09-01,2009-08-01,,0.0,2.0,0.0,2.0,0,0,0,0.0,0.0,0,0,,,0,0,1,2009,1,0,0,0,100,1980,12.75,0.0,0,0.0,0,0,0,0.0,0,0.0,0,Current,None,0
,100023020488,102012,R,Other,Other,,5.375,5.375,55000.0,,49835.5,240,82009,102009,37.0,203.0,203.0,92029.0,55,55,1,36,714,,N,C,SF,1,P,OH,17140,452,,FRM,N,N,,,00,,N,,,,,,,,,,,,,,,,,,,,,,,,,,,,,,,,N,,,,,,,N,,,,,,N,,,,,,,,,,,,,,,,N,,,,,,2012-10-01,2009-08-01,,0.0,2.0,0.0,2.0,0,0,0,0.0,0.0,0,0,,,0,0,1,2009,1,0,0,0,100,1980,12.75,0.0,0,0.0,0,0,0,0.0,0,0.0,0,Current,None,0
,100023020488,112012,R,Other,Other,,5.375,5.375,55000.0,,49531.26,240,82009,102009,38.0,202.0,201.0,92029.0,55,55,1,36,714,,N,C,SF,1,P,OH,17140,452,,FRM,N,N,,,00,,N,,,,,,,,,,,,,,,,,,,,,,,,,,,,,,,,N,,,,,,,N,,,,,,N,,,,,,,,,,,,,,,,N,,,,,,2012-11-01,2009-08-01,,0.0,2.0,0.0,2.0,0,0,0,0.0,0.0,0,0,,,0,0,1,2009,1,0,0,0,100,1980,12.75,0.0,0,0.0,0,0,0,0.0,0,0.0,0,Current,None,0
,100023020488,122012,R,Other,Other,,5.375,5.375,55000.0,,49531.26,240,82009,102009,39.0,201.0,201.0,92029.0,55,55,1,36,714,,N,C,SF,1,P,OH,17140,452,,FRM,N,N,,,00,,N,,,,,,,,,,,,,,,,,,,,,,,,,,,,,,,,N,,,,,,,N,,,,,,N,,,,,,,,,,,,,,,,N,,,,,,2012-12-01,2009-08-01,,0.0,2.0,0.0,2.0,0,0,0,0.0,0.0,0,0,,,0,0,1,2009,1,0,0,0,100,1980,12.75,0.0,0,0.0,0,0,0,0.0,0,0.0,0,Current,None,0
,100023020488,12013,R,Other,Other,,5.375,5.375,55000.0,,49378.12,240,82009,102009,40.0,200.0,200.0,92029.0,55,55,1,36,714,,N,C,SF,1,P,OH,17140,452,,FRM,N,N,,,00,,N,,,,,,,,,,,,,,,,,,,,,,,,,,,,,,,,N,,,,,,,N,,,,,,N,,,,,,,,,,,,,,,,N,,,,,,2013-01-01,2009-08-01,,0.0,2.0,0.0,2.0,0,0,0,0.0,0.0,0,0,,,0,0,1,2009,1,0,0,0,100,1980,12.75,0.0,0,0.0,0,0,0,0.0,0,0.0,0,Current,None,0
,100023020488,22013,R,Other,Other,,5.375,5.375,55000.0,,49224.29,240,82009,102009,41.0,199.0,199.0,92029.0,55,55,1,36,714,,N,C,SF,1,P,OH,17140,452,,FRM,N,N,,,00,,N,,,,,,,,,,,,,,,,,,,,,,,,,,,,,,,,N,,,,,,,N,,,,,,N,,,,,,,,,,,,,,,,N,,,,,,2013-02-01,2009-08-01,,0.0,2.0,0.0,2.0,0,0,0,0.0,0.0,0,0,,,0,0,1,2009,1,0,0,0,100,1980,12.75,0.0,0,0.0,0,0,0,0.0,0,0.0,0,Current,None,0
,100023020488,32013,R,Other,Other,,5.375,5.375,55000.0,,49069.78,240,82009,102009,42.0,198.0,198.0,92029.0,55,55,1,36,714,,N,C,SF,1,P,OH,17140,452,,FRM,N,N,,,00,,N,,,,,,,,,,,,,,,,,,,,,,,,,,,,,,,,N,,,,,,,N,,,,,,N,,,,,,,,,,,,,,,,N,,,,,,2013-03-01,2009-08-01,,0.0,2.0,0.0,2.0,0,0,0,0.0,0.0,0,0,,,0,0,1,2009,1,0,0,0,100,1980,12.75,0.0,0,0.0,0,0,0,0.0,0,0.0,0,Current,None,0
,100023020488,42013,R,Other,Other,,5.375,5.375,55000.0,,48914.57,240,82009,102009,43.0,197.0,197.0,92029.0,55,55,1,36,714,,N,C,SF,1,P,OH,17140,452,,FRM,N,N,,,00,,N,,,,,,,,,,,,,,,,,,,,,,,,,,,,,,,,N,,,,,,,N,,,,,,N,,,,,,,,,,,,,,,,N,,,,,,2013-04-01,2009-08-01,,0.0,2.0,0.0,2.0,0,0,0,0.0,0.0,0,0,,,0,0,1,2009,1,0,0,0,100,1980,12.75,0.0,0,0.0,0,0,0,0.0,0,0.0,0,Current,None,0
,100023020488,52013,R,Other,Other,,5.375,5.375,55000.0,,48758.66,240,82009,102009,44.0,196.0,196.0,92029.0,55,55,1,36,714,,N,C,SF,1,P,OH,17140,452,,FRM,N,N,,,00,,N,,,,,,,,,,,,,,,,,,,,,,,,,,,,,,,,N,,,,,,,N,,,,,,N,,,,,,,,,,,,,,,,N,,,,,,2013-05-01,2009-08-01,,0.0,2.0,0.0,2.0,0,0,0,0.0,0.0,0,0,,,0,0,1,2009,1,0,0,0,100,1980,12.75,0.0,0,0.0,0,0,0,0.0,0,0.0,0,Current,None,0
,100023020488,62013,R,Other,Other,,5.375,5.375,55000.0,,48602.06,240,82009,102009,45.0,195.0,195.0,92029.0,55,55,1,36,714,,N,C,SF,1,P,OH,17140,452,,FRM,N,N,,,00,,N,,,,,,,,,,,,,,,,,,,,,,,,,,,,,,,,N,,,,,,,N,,,,,,N,,,,,,,,,,,,,,,,N,,,,,,2013-06-01,2009-08-01,,0.0,2.0,0.0,2.0,0,0,0,0.0,0.0,0,0,,,0,0,1,2009,1,0,0,0,100,1980,12.75,0.0,0,0.0,0,0,0,0.0,0,0.0,0,Current,None,0
,100023020488,72013,R,Other,Other,,5.375,5.375,55000.0,,48444.76,240,82009,102009,46.0,194.0,194.0,92029.0,55,55,1,36,714,,N,C,SF,1,P,OH,17140,452,,FRM,N,N,,,00,,N,,,,,,,,,,,,,,,,,,,,,,,,,,,,,,,,N,,,,,,,N,,,,,,N,,,,,,,,,,,,,,,,N,,,,,,2013-07-01,2009-08-01,,0.0,2.0,0.0,2.0,0,0,0,0.0,0.0,0,0,,,0,0,1,2009,1,0,0,0,100,1980,12.75,0.0,0,0.0,0,0,0,0.0,0,0.0,0,Current,None,0
,100023020488,82013,R,Other,Other,,5.375,5.375,55000.0,,48128.04,240,82009,102009,47.0,193.0,192.0,92029.0,55,55,1,36,714,,N,C,SF,1,P,OH,17140,452,,FRM,N,N,,,00,,N,,,,,,,,,,,,,,,,,,,,,,,,,,,,,,,,N,,,,,,,N,,,,,,N,,,,,,,,,,,,,,,,N,,,,,,2013-08-01,2009-08-01,,0.0,2.0,0.0,2.0,0,0,0,0.0,0.0,0,0,,,0,0,1,2009,1,0,0,0,100,1980,12.75,0.0,0,0.0,0,0,0,0.0,0,0.0,0,Current,None,0
,100023020488,92013,R,Other,Other,,5.375,5.375,55000.0,,48128.04,240,82009,102009,48.0,192.0,192.0,92029.0,55,55,1,36,714,,N,C,SF,1,P,OH,17140,452,,FRM,N,N,,,00,,N,,,,,,,,,,,,,,,,,,,,,,,,,,,,,,,,N,,,,,,,N,,,,,,N,,,,,,,,,,,,,,,,N,,,,,,2013-09-01,2009-08-01,,0.0,2.0,0.0,2.0,0,0,0,0.0,0.0,0,0,,,0,0,1,2009,1,0,0,0,100,1980,12.75,0.0,0,0.0,0,0,0,0.0,0,0.0,0,Current,None,0
,100023020488,102013,R,Other,Other,,5.375,5.375,55000.0,,47968.61,240,82009,102009,49.0,191.0,191.0,92029.0,55,55,1,36,714,,N,C,SF,1,P,OH,17140,452,,FRM,N,N,,,00,,N,,,,,,,,,,,,,,,,,,,,,,,,,,,,,,,,N,,,,,,,N,,,,,,N,,,,,,,,,,,,,,,,N,,,,,,2013-10-01,2009-08-01,,0.0,2.0,0.0,2.0,0,0,0,0.0,0.0,0,0,,,0,0,1,2009,1,0,0,0,100,1980,12.75,0.0,0,0.0,0,0,0,0.0,0,0.0,0,Current,None,0
,100023020488,112013,R,Other,Other,,5.375,5.375,55000.0,,47647.61,240,82009,102009,50.0,190.0,189.0,92029.0,55,55,1,36,714,,N,C,SF,1,P,OH,17140,452,,FRM,N,N,,,00,,N,,,,,,,,,,,,,,,,,,,,,,,,,,,,,,,,N,,,,,,,N,,,,,,N,,,,,,,,,,,,,,,,N,,,,,,2013-11-01,2009-08-01,,0.0,2.0,0.0,2.0,0,0,0,0.0,0.0,0,0,,,0,0,1,2009,1,0,0,0,100,1980,12.75,0.0,0,0.0,0,0,0,0.0,0,0.0,0,Current,None,0
,100023020488,122013,R,Other,Other,,5.375,5.375,55000.0,,47486.03,240,82009,102009,51.0,189.0,188.0,92029.0,55,55,1,36,714,,N,C,SF,1,P,OH,17140,452,,FRM,N,N,,,00,,N,,,,,,,,,,,,,,,,,,,,,,,,,,,,,,,,N,,,,,,,N,,,,,,N,,,,,,,,,,,,,,,,N,,,,,,2013-12-01,2009-08-01,,0.0,2.0,0.0,2.0,0,0,0,0.0,0.0,0,0,,,0,0,1,2009,1,0,0,0,100,1980,12.75,0.0,0,0.0,0,0,0,0.0,0,0.0,0,Current,None,0
,100023020488,12014,R,Other,Other,,5.375,5.375,55000.0,,47323.73,240,82009,102009,52.0,188.0,187.0,92029.0,55,55,1,36,714,,N,C,SF,1,P,OH,17140,452,,FRM,N,N,,,00,,N,,,,,,,,,,,,,,,,,,,,,,,,,,,,,,,,N,,,,,,,N,,,,,,N,,,,,,,,,,,,,,,,N,,,,,,2014-01-01,2009-08-01,,0.0,2.0,0.0,2.0,0,0,0,0.0,0.0,0,0,,,0,0,1,2009,1,0,0,0,100,1980,12.75,0.0,0,0.0,0,0,0,0.0,0,0.0,0,Current,None,0
,100023020488,22014,R,Other,Other,,5.375,5.375,55000.0,,47323.73,240,82009,102009,53.0,187.0,187.0,92029.0,55,55,1,36,714,,N,C,SF,1,P,OH,17140,452,,FRM,N,N,,,00,,N,,,,,,,,,,,,,,,,,,,,,,,,,,,,,,,,N,,,,,,,N,,,,,,N,,,,,,,,,,,,,,,,N,,,,,,2014-02-01,2009-08-01,,0.0,2.0,0.0,2.0,0,0,0,0.0,0.0,0,0,,,0,0,1,2009,1,0,0,0,100,1980,12.75,0.0,0,0.0,0,0,0,0.0,0,0.0,0,Current,None,0
,100023020488,32014,R,Other,Other,,5.375,5.375,55000.0,,47160.7,240,82009,102009,54.0,186.0,186.0,92029.0,55,55,1,36,714,,N,C,SF,1,P,OH,17140,452,,FRM,N,N,,,00,,N,,,,,,,,,,,,,,,,,,,,,,,,,,,,,,,,Y,,,,,,,N,,,,,,N,,,,,,,,,,,,,,,,N,,,,,,2014-03-01,2009-08-01,,0.0,2.0,0.0,2.0,0,0,0,0.0,0.0,0,0,,,0,0,1,2009,1,0,0,0,100,1980,12.75,0.0,0,0.0,0,0,0,0.0,0,0.0,0,Current,None,0
,100023020488,42014,R,Other,Other,,5.375,5.375,55000.0,,46996.94,240,82009,102009,55.0,185.0,185.0,92029.0,55,55,1,36,714,,N,C,SF,1,P,OH,17140,452,,FRM,N,N,,,00,,N,,,,,,,,,,,,,,,,,,,,,,,,,,,,,,,,N,,,,,,,N,,,,,,N,,,,,,,,,,,,,,,,N,,,,,,2014-04-01,2009-08-01,,0.0,2.0,0.0,2.0,0,0,0,0.0,0.0,0,0,,,0,0,1,2009,1,0,0,0,100,1980,12.75,0.0,0,0.0,0,0,0,0.0,0,0.0,0,Current,None,0
,100023020488,52014,R,Other,Other,,5.375,5.375,55000.0,,46832.45,240,82009,102009,56.0,184.0,184.0,92029.0,55,55,1,36,714,,N,C,SF,1,P,OH,17140,452,,FRM,N,N,,,00,,N,,,,,,,,,,,,,,,,,,,,,,,,,,,,,,,,N,,,,,,,N,,,,,,N,,,,,,,,,,,,,,,,N,,,,,,2014-05-01,2009-08-01,,0.0,2.0,0.0,2.0,0,0,0,0.0,0.0,0,0,,,0,0,1,2009,1,0,0,0,100,1980,12.75,0.0,0,0.0,0,0,0,0.0,0,0.0,0,Current,None,0
,100023020488,62014,R,Other,Other,,5.375,5.375,55000.0,,46667.22,240,82009,102009,57.0,183.0,183.0,92029.0,55,55,1,36,714,,N,C,SF,1,P,OH,17140,452,,FRM,N,N,,,00,,N,,,,,,,,,,,,,,,,,,,,,,,,,,,,,,,,N,,,,,,,N,,,,,,N,,,,,,,,,,,,,,,,N,,,,,,2014-06-01,2009-08-01,,0.0,2.0,0.0,2.0,0,0,0,0.0,0.0,0,0,,,0,0,1,2009,1,0,0,0,100,1980,12.75,0.0,0,0.0,0,0,0,0.0,0,0.0,0,Current,None,0
,100023020488,72014,R,Other,Other,,5.375,5.375,55000.0,,46501.25,240,82009,102009,58.0,182.0,182.0,92029.0,55,55,1,36,714,,N,C,SF,1,P,OH,17140,452,,FRM,N,N,,,00,,N,,,,,,,,,,,,,,,,,,,,,,,,,,,,,,,,N,,,,,,,N,,,,,,N,,,,,,,,,,,,,,,,N,,,,,,2014-07-01,2009-08-01,,0.0,2.0,0.0,2.0,0,0,0,0.0,0.0,0,0,,,0,0,1,2009,1,0,0,0,100,1980,12.75,0.0,0,0.0,0,0,0,0.0,0,0.0,0,Current,None,0
,100023020488,82014,R,Other,Other,,5.375,5.375,55000.0,,46334.54,240,82009,102009,59.0,181.0,181.0,92029.0,55,55,1,36,714,,N,C,SF,1,P,OH,17140,452,,FRM,N,N,,,00,,N,,,,,,,,,,,,,,,,,,,,,,,,,,,,,,,,N,,,,,,,N,,,,,,N,,,,,,,,,,,,,,,,N,,,,,,2014-08-01,2009-08-01,,0.0,2.0,0.0,2.0,0,0,0,0.0,0.0,0,0,,,0,0,1,2009,1,0,0,0,100,1980,12.75,0.0,0,0.0,0,0,0,0.0,0,0.0,0,Current,None,0
,100023020488,92014,R,Other,Other,,5.375,5.375,55000.0,,46167.08,240,82009,102009,60.0,180.0,180.0,92029.0,55,55,1,36,714,,N,C,SF,1,P,OH,17140,452,,FRM,N,N,,,00,,N,,,,,,,,,,,,,,,,,,,,,,,,,,,,,,,,N,,,,,,,N,,,,,,N,,,,,,,,,,,,,,,,N,,,,,,2014-09-01,2009-08-01,,0.0,2.0,0.0,2.0,0,0,0,0.0,0.0,0,0,,,0,0,1,2009,1,0,0,0,100,1980,12.75,0.0,0,0.0,0,0,0,0.0,0,0.0,0,Current,None,0
,100023020488,102014,R,Other,Other,,5.375,5.375,55000.0,,45998.87,240,82009,102009,61.0,179.0,179.0,92029.0,55,55,1,36,714,,N,C,SF,1,P,OH,17140,452,,FRM,N,N,,,00,,N,,,,,,,,,,,,,,,,,,,,,,,,,,,,,,,,N,,,,,,,N,,,,,,N,,,,,,,,,,,,,,,,N,,,,,,2014-10-01,2009-08-01,,0.0,2.0,0.0,2.0,0,0,0,0.0,0.0,0,0,,,0,0,1,2009,1,0,0,0,100,1980,12.75,0.0,0,0.0,0,0,0,0.0,0,0.0,0,Current,None,0
,100023020488,112014,R,Other,Other,,5.375,5.375,55000.0,,45829.91,240,82009,102009,62.0,178.0,178.0,92029.0,55,55,1,36,714,,N,C,SF,1,P,OH,17140,452,,FRM,N,N,,,00,,N,,,,,,,,,,,,,,,,,,,,,,,,,,,,,,,,N,,,,,,,N,,,,,,N,,,,,,,,,,,,,,,,N,,,,,,2014-11-01,2009-08-01,,0.0,2.0,0.0,2.0,0,0,0,0.0,0.0,0,0,,,0,0,1,2009,1,0,0,0,100,1980,12.75,0.0,0,0.0,0,0,0,0.0,0,0.0,0,Current,None,0
,100023020488,122014,R,Other,Other,,5.375,5.375,55000.0,,45660.19,240,82009,102009,63.0,177.0,177.0,92029.0,55,55,1,36,714,,N,C,SF,1,P,OH,17140,452,,FRM,N,N,,,00,,N,,,,,,,,,,,,,,,,,,,,,,,,,,,,,,,,N,,,,,,,N,,,,,,N,,,,,,,,,,,,,,,,N,,,,,,2014-12-01,2009-08-01,,0.0,2.0,0.0,2.0,0,0,0,0.0,0.0,0,0,,,0,0,1,2009,1,0,0,0,100,1980,12.75,0.0,0,0.0,0,0,0,0.0,0,0.0,0,Current,None,0
,100023020488,12015,R,Other,Other,,5.375,5.375,55000.0,,45489.71,240,82009,102009,64.0,176.0,176.0,92029.0,55,55,1,36,714,,N,C,SF,1,P,OH,17140,452,,FRM,N,N,,,00,,N,,,,,,,,,,,,,,,,,,,,,,,,,,,,,,,,N,,,,,,,N,,,,,,N,,,,,,,,,,,,,,,,N,,,,,,2015-01-01,2009-08-01,,0.0,2.0,0.0,2.0,0,0,0,0.0,0.0,0,0,,,0,0,1,2009,1,0,0,0,100,1980,12.75,0.0,0,0.0,0,0,0,0.0,0,0.0,0,Current,None,0
,100023020488,22015,R,Other,Other,,5.375,5.375,55000.0,,45318.47,240,82009,102009,65.0,175.0,175.0,92029.0,55,55,1,36,714,,N,C,SF,1,P,OH,17140,452,,FRM,N,N,,,00,,N,,,,,,,,,,,,,,,,,,,,,,,,,,,,,,,,N,,,,,,,N,,,,,,N,,,,,,,,,,,,,,,,N,,,,,,2015-02-01,2009-08-01,,0.0,2.0,0.0,2.0,0,0,0,0.0,0.0,0,0,,,0,0,1,2009,1,0,0,0,100,1980,12.75,0.0,0,0.0,0,0,0,0.0,0,0.0,0,Current,None,0
,100023020488,32015,R,Other,Other,,5.375,5.375,55000.0,,45146.46,240,82009,102009,66.0,174.0,174.0,92029.0,55,55,1,36,714,,N,C,SF,1,P,OH,17140,452,,FRM,N,N,,,00,,N,,,,,,,,,,,,,,,,,,,,,,,,,,,,,,,,N,,,,,,,N,,,,,,N,,,,,,,,,,,,,,,,N,,,,,,2015-03-01,2009-08-01,,0.0,2.0,0.0,2.0,0,0,0,0.0,0.0,0,0,,,0,0,1,2009,1,0,0,0,100,1980,12.75,0.0,0,0.0,0,0,0,0.0,0,0.0,0,Current,None,0
,100023020488,42015,R,Other,Other,,5.375,5.375,55000.0,,44973.68,240,82009,102009,67.0,173.0,173.0,92029.0,55,55,1,36,714,,N,C,SF,1,P,OH,17140,452,,FRM,N,N,,,00,,N,,,,,,,,,,,,,,,,,,,,,,,,,,,,,,,,N,,,,,,,N,,,,,,N,,,,,,,,,,,,,,,,N,,,,,,2015-04-01,2009-08-01,,0.0,2.0,0.0,2.0,0,0,0,0.0,0.0,0,0,,,0,0,1,2009,1,0,0,0,100,1980,12.75,0.0,0,0.0,0,0,0,0.0,0,0.0,0,Current,None,0
,100023020488,52015,R,Other,Other,,5.375,5.375,55000.0,,44800.12,240,82009,102009,68.0,172.0,172.0,92029.0,55,55,1,36,714,,N,C,SF,1,P,OH,17140,452,,FRM,N,N,,,00,,N,,,,,,,,,,,,,,,,,,,,,,,,,,,,,,,,N,,,,,,,N,,,,,,N,,,,,,,,,,,,,,,,N,,,,,,2015-05-01,2009-08-01,,0.0,2.0,0.0,2.0,0,0,0,0.0,0.0,0,0,,,0,0,1,2009,1,0,0,0,100,1980,12.75,0.0,0,0.0,0,0,0,0.0,0,0.0,0,Current,None,0
,100023020488,62015,R,Other,Other,,5.375,5.375,55000.0,,44625.79,240,82009,102009,69.0,171.0,171.0,92029.0,55,55,1,36,714,,N,C,SF,1,P,OH,17140,452,,FRM,N,N,,,00,,N,,,,,,,,,,,,,,,,,,,,,,,,,,,,,,,,N,,,,,,,N,,,,,,N,,,,,,,,,,,,,,,,N,,,,,,2015-06-01,2009-08-01,,0.0,2.0,0.0,2.0,0,0,0,0.0,0.0,0,0,,,0,0,1,2009,1,0,0,0,100,1980,12.75,0.0,0,0.0,0,0,0,0.0,0,0.0,0,Current,None,0
,100023020488,72015,R,Other,Other,,5.375,5.375,55000.0,,44450.68,240,82009,102009,70.0,170.0,170.0,92029.0,55,55,1,36,714,,N,C,SF,1,P,OH,17140,452,,FRM,N,N,,,00,,N,,,,,,,,,,,,,,,,,,,,,,,,,,,,,,,,N,,,,,,,N,,,,,,N,,,,,,,,,,,,,,,,N,,,,,,2015-07-01,2009-08-01,,0.0,2.0,0.0,2.0,0,0,0,0.0,0.0,0,0,,,0,0,1,2009,1,0,0,0,100,1980,12.75,0.0,0,0.0,0,0,0,0.0,0,0.0,0,Current,None,0
,100023020488,82015,R,Other,Other,,5.375,5.375,55000.0,,44274.78,240,82009,102009,71.0,169.0,169.0,92029.0,55,55,1,36,714,,N,C,SF,1,P,OH,17140,452,,FRM,N,N,,,00,,N,,,,,,,,,,,,,,,,,,,,,,,,,,,,,,,,N,,,,,,,N,,,,,,N,,,,,,,,,,,,,,,,N,,,,,,2015-08-01,2009-08-01,,0.0,2.0,0.0,2.0,0,0,0,0.0,0.0,0,0,,,0,0,1,2009,1,0,0,0,100,1980,12.75,0.0,0,0.0,0,0,0,0.0,0,0.0,0,Current,None,0
,100023020488,92015,R,Other,Other,,5.375,5.375,55000.0,,44098.09,240,82009,102009,72.0,168.0,168.0,92029.0,55,55,1,36,714,,N,C,SF,1,P,OH,17140,452,,FRM,N,N,,,00,,N,,,,,,,,,,,,,,,,,,,,,,,,,,,,,,,,N,,,,,,,N,,,,,,N,,,,,,,,,,,,,,,,N,,,,,,2015-09-01,2009-08-01,,0.0,2.0,0.0,2.0,0,0,0,0.0,0.0,0,0,,,0,0,1,2009,1,0,0,0,100,1980,12.75,0.0,0,0.0,0,0,0,0.0,0,0.0,0,Current,None,0
,100023020488,102015,R,Other,Other,,5.375,5.375,55000.0,,43920.61,240,82009,102009,73.0,167.0,167.0,92029.0,55,55,1,36,714,,N,C,SF,1,P,OH,17140,452,,FRM,N,N,,,00,,N,,,,,,,,,,,,,,,,,,,,,,,,,,,,,,,,N,,,,,,,N,,,,,,N,,,,,,,,,,,,,,,,N,,,,,,2015-10-01,2009-08-01,,0.0,2.0,0.0,2.0,0,0,0,0.0,0.0,0,0,,,0,0,1,2009,1,0,0,0,100,1980,12.75,0.0,0,0.0,0,0,0,0.0,0,0.0,0,Current,None,0
,100023020488,112015,R,Other,Other,,5.375,5.375,55000.0,,43742.34,240,82009,102009,74.0,166.0,166.0,92029.0,55,55,1,36,714,,N,C,SF,1,P,OH,17140,452,,FRM,N,N,,,00,,N,,,,,,,,,,,,,,,,,,,,,,,,,,,,,,,,N,,,,,,,N,,,,,,N,,,,,,,,,,,,,,,,N,,,,,,2015-11-01,2009-08-01,,0.0,2.0,0.0,2.0,0,0,0,0.0,0.0,0,0,,,0,0,1,2009,1,0,0,0,100,1980,12.75,0.0,0,0.0,0,0,0,0.0,0,0.0,0,Current,None,0
,100023020488,122015,R,Other,Other,,5.375,5.375,55000.0,,43563.27,240,82009,102009,75.0,165.0,165.0,92029.0,55,55,1,36,714,,N,C,SF,1,P,OH,17140,452,,FRM,N,N,,,00,,N,,,,,,,,,,,,,,,,,,,,,,,,,,,,,,,,N,,,,,,,N,,,,,,N,,,,,,,,,,,,,,,,N,,,,,,2015-12-01,2009-08-01,,0.0,2.0,0.0,2.0,0,0,0,0.0,0.0,0,0,,,0,0,1,2009,1,0,0,0,100,1980,12.75,0.0,0,0.0,0,0,0,0.0,0,0.0,0,Current,None,0
,100023020488,12016,R,Other,Other,,5.375,5.375,55000.0,,43383.4,240,82009,102009,76.0,164.0,164.0,92029.0,55,55,1,36,714,,N,C,SF,1,P,OH,17140,452,,FRM,N,N,,,00,,N,,,,,,,,,,,,,,,,,,,,,,,,,,,,,,,,N,,,,,,,N,,,,,,N,,,,,,,,,,,,,,,,N,,,,,,2016-01-01,2009-08-01,,0.0,2.0,0.0,2.0,0,0,0,0.0,0.0,0,0,,,0,0,1,2009,1,0,0,0,100,1980,12.75,0.0,0,0.0,0,0,0,0.0,0,0.0,0,Current,None,0
,100023020488,22016,R,Other,Other,,5.375,5.375,55000.0,,43202.72,240,82009,102009,77.0,163.0,163.0,92029.0,55,55,1,36,714,,N,C,SF,1,P,OH,17140,452,,FRM,N,N,,,00,,N,,,,,,,,,,,,,,,,,,,,,,,,,,,,,,,,N,,,,,,,N,,,,,,N,,,,,,,,,,,,,,,,N,,,,,,2016-02-01,2009-08-01,,0.0,2.0,0.0,2.0,0,0,0,0.0,0.0,0,0,,,0,0,1,2009,1,0,0,0,100,1980,12.75,0.0,0,0.0,0,0,0,0.0,0,0.0,0,Current,None,0
,100023020488,32016,R,Other,Other,,5.375,5.375,55000.0,,43021.23,240,82009,102009,78.0,162.0,162.0,92029.0,55,55,1,36,714,,N,C,SF,1,P,OH,17140,452,,FRM,N,N,,,00,,N,,,,,,,,,,,,,,,,,,,,,,,,,,,,,,,,N,,,,,,,N,,,,,,N,,,,,,,,,,,,,,,,N,,,,,,2016-03-01,2009-08-01,,0.0,2.0,0.0,2.0,0,0,0,0.0,0.0,0,0,,,0,0,1,2009,1,0,0,0,100,1980,12.75,0.0,0,0.0,0,0,0,0.0,0,0.0,0,Current,None,0
,100023020488,42016,R,Other,Other,,5.375,5.375,55000.0,,42838.93,240,82009,102009,79.0,161.0,161.0,92029.0,55,55,1,36,714,,N,C,SF,1,P,OH,17140,452,,FRM,N,N,,,00,,N,,,,,,,,,,,,,,,,,,,,,,,,,,,,,,,,N,,,,,,,N,,,,,,N,,,,,,,,,,,,,,,,N,,,,,,2016-04-01,2009-08-01,,0.0,2.0,0.0,2.0,0,0,0,0.0,0.0,0,0,,,0,0,1,2009,1,0,0,0,100,1980,12.75,0.0,0,0.0,0,0,0,0.0,0,0.0,0,Current,None,0
,100023020488,52016,R,Other,Other,,5.375,5.375,55000.0,,42655.81,240,82009,102009,80.0,160.0,160.0,92029.0,55,55,1,36,714,,N,C,SF,1,P,OH,17140,452,,FRM,N,N,,,00,,N,,,,,,,,,,,,,,,,,,,,,,,,,,,,,,,,N,,,,,,,N,,,,,,N,,,,,,,,,,,,,,,,N,,,,,,2016-05-01,2009-08-01,,0.0,2.0,0.0,2.0,0,0,0,0.0,0.0,0,0,,,0,0,1,2009,1,0,0,0,100,1980,12.75,0.0,0,0.0,0,0,0,0.0,0,0.0,0,Current,None,0
,100023020488,62016,R,Other,Other,,5.375,5.375,55000.0,,42471.87,240,82009,102009,81.0,159.0,159.0,92029.0,55,55,1,36,714,,N,C,SF,1,P,OH,17140,452,,FRM,N,N,,,00,,N,,,,,,,,,,,,,,,,,,,,,,,,,,,,,,,,N,,,,,,,N,,,,,,N,,,,,,,,,,,,,,,,N,,,,,,2016-06-01,2009-08-01,,0.0,2.0,0.0,2.0,0,0,0,0.0,0.0,0,0,,,0,0,1,2009,1,0,0,0,100,1980,12.75,0.0,0,0.0,0,0,0,0.0,0,0.0,0,Current,None,0
,100023020488,72016,R,Other,Other,,5.375,5.375,55000.0,,42287.11,240,82009,102009,82.0,158.0,158.0,92029.0,55,55,1,36,714,,N,C,SF,1,P,OH,17140,452,,FRM,N,N,,,00,,N,,,,,,,,,,,,,,,,,,,,,,,,,,,,,,,,N,,,,,,,N,,,,,,N,,,,,,,,,,,,,,,,N,,,,,,2016-07-01,2009-08-01,,0.0,2.0,0.0,2.0,0,0,0,0.0,0.0,0,0,,,0,0,1,2009,1,0,0,0,100,1980,12.75,0.0,0,0.0,0,0,0,0.0,0,0.0,0,Current,None,0
,100023020488,82016,R,Other,Other,,5.375,5.375,55000.0,,42101.52,240,82009,102009,83.0,157.0,157.0,92029.0,55,55,1,36,714,,N,C,SF,1,P,OH,17140,452,,FRM,N,N,,,00,,N,,,,,,,,,,,,,,,,,,,,,,,,,,,,,,,,N,,,,,,,N,,,,,,N,,,,,,,,,,,,,,,,N,,,,,,2016-08-01,2009-08-01,,0.0,2.0,0.0,2.0,0,0,0,0.0,0.0,0,0,,,0,0,1,2009,1,0,0,0,100,1980,12.75,0.0,0,0.0,0,0,0,0.0,0,0.0,0,Current,None,0
,100023020488,92016,R,Other,Other,,5.375,5.375,55000.0,,41915.1,240,82009,102009,84.0,156.0,156.0,92029.0,55,55,1,36,714,,N,C,SF,1,P,OH,17140,452,,FRM,N,N,,,00,,N,,,,,,,,,,,,,,,,,,,,,,,,,,,,,,,,N,,,,,,,N,,,,,,N,,,,,,,,,,,,,,,,N,,,,,,2016-09-01,2009-08-01,,0.0,2.0,0.0,2.0,0,0,0,0.0,0.0,0,0,,,0,0,1,2009,1,0,0,0,100,1980,12.75,0.0,0,0.0,0,0,0,0.0,0,0.0,0,Current,None,0
,100023020488,102016,R,Other,Other,,5.375,5.375,55000.0,,41727.84,240,82009,102009,85.0,155.0,155.0,92029.0,55,55,1,36,714,,N,C,SF,1,P,OH,17140,452,,FRM,N,N,,,00,,N,,,,,,,,,,,,,,,,,,,,,,,,,,,,,,,,N,,,,,,,N,,,,,,N,,,,,,,,,,,,,,,,N,,,,,,2016-10-01,2009-08-01,,0.0,2.0,0.0,2.0,0,0,0,0.0,0.0,0,0,,,0,0,1,2009,1,0,0,0,100,1980,12.75,0.0,0,0.0,0,0,0,0.0,0,0.0,0,Current,None,0
,100023020488,112016,R,Other,Other,,5.375,5.375,55000.0,,41539.75,240,82009,102009,86.0,154.0,154.0,92029.0,55,55,1,36,714,,N,C,SF,1,P,OH,17140,452,,FRM,N,N,,,00,,N,,,,,,,,,,,,,,,,,,,,,,,,,,,,,,,,N,,,,,,,N,,,,,,N,,,,,,,,,,,,,,,,N,,,,,,2016-11-01,2009-08-01,,0.0,2.0,0.0,2.0,0,0,0,0.0,0.0,0,0,,,0,0,1,2009,1,0,0,0,100,1980,12.75,0.0,0,0.0,0,0,0,0.0,0,0.0,0,Current,None,0
,100023020488,122016,R,Other,Other,,5.375,5.375,55000.0,,41350.81,240,82009,102009,87.0,153.0,153.0,92029.0,55,55,1,36,714,,N,C,SF,1,P,OH,17140,452,,FRM,N,N,,,00,,N,,,,,,,,,,,,,,,,,,,,,,,,,,,,,,,,N,,,,,,,N,,,,,,N,,,,,,,,,,,,,,,,N,,,,,,2016-12-01,2009-08-01,,0.0,2.0,0.0,2.0,0,0,0,0.0,0.0,0,0,,,0,0,1,2009,1,0,0,0,100,1980,12.75,0.0,0,0.0,0,0,0,0.0,0,0.0,0,Current,None,0
,100023020488,12017,R,Other,Other,,5.375,5.375,55000.0,,41161.03,240,82009,102009,88.0,152.0,152.0,92029.0,55,55,1,36,714,,N,C,SF,1,P,OH,17140,452,,FRM,N,N,,,00,,N,,,,,,,,,,,,,,,,,,,,,,,,,,,,,,,,N,,,,,,,N,,,,,,N,,,,,,,,,,,,,,,,N,,,,,,2017-01-01,2009-08-01,,0.0,2.0,0.0,2.0,0,0,0,0.0,0.0,0,0,,,0,0,1,2009,1,0,0,0,100,1980,12.75,0.0,0,0.0,0,0,0,0.0,0,0.0,0,Current,None,0
,100023020488,22017,R,Other,Other,,5.375,5.375,55000.0,,40970.4,240,82009,102009,89.0,151.0,151.0,92029.0,55,55,1,36,714,,N,C,SF,1,P,OH,17140,452,,FRM,N,N,,,00,,N,,,,,,,,,,,,,,,,,,,,,,,,,,,,,,,,N,,,,,,,N,,,,,,N,,,,,,,,,,,,,,,,N,,,,,,2017-02-01,2009-08-01,,0.0,2.0,0.0,2.0,0,0,0,0.0,0.0,0,0,,,0,0,1,2009,1,0,0,0,100,1980,12.75,0.0,0,0.0,0,0,0,0.0,0,0.0,0,Current,None,0
,100023020488,32017,R,Other,Other,,5.375,5.375,55000.0,,40778.91,240,82009,102009,90.0,150.0,150.0,92029.0,55,55,1,36,714,,N,C,SF,1,P,OH,17140,452,,FRM,N,N,,,00,,N,,,,,,,,,,,,,,,,,,,,,,,,,,,,,,,,N,,,,,,,N,,,,,,N,,,,,,,,,,,,,,,,N,,,,,,2017-03-01,2009-08-01,,0.0,2.0,0.0,2.0,0,0,0,0.0,0.0,0,0,,,0,0,1,2009,1,0,0,0,100,1980,12.75,0.0,0,0.0,0,0,0,0.0,0,0.0,0,Current,None,0
,100039488159,82009,R,"Wells Fargo Bank, N.A.","Wells Fargo Bank, N.A.",,4.375,4.375,155000.0,,0.0,180,72009,92009,0.0,180.0,179.0,82024.0,62,62,2,36,795,795.0,N,R,SF,1,P,MN,33460,550,,FRM,N,N,,,00,,N,,,,,,,,,,,,,,,,,,,,,,,,,,,,,,,,N,,,,,,,N,,,,,,N,,,,,,,,,,,,,,,,N,,,,,,2009-08-01,2009-07-01,,0.0,3.0,1.0,2.0,0,0,0,0.0,0.0,0,0,,,0,0,1,2009,3,0,0,0,100,2232,12.61904761904762,0.0,0,0.0,0,0,0,0.0,0,0.0,0,Current,None,0
,100039488159,92009,R,"Wells Fargo Bank, N.A.","Wells Fargo Bank, N.A.",,4.375,4.375,155000.0,,0.0,180,72009,92009,1.0,179.0,178.0,82024.0,62,62,2,36,795,795.0,N,R,SF,1,P,MN,33460,550,,FRM,N,N,,,00,,N,,,,,,,,,,,,,,,,,,,,,,,,,,,,,,,,N,,,,,,,N,,,,,,N,,,,,,,,,,,,,,,,N,,,,,,2009-09-01,2009-07-01,,0.0,3.0,1.0,2.0,0,0,0,0.0,0.0,0,0,,,0,0,1,2009,3,0,0,0,100,2232,12.61904761904762,0.0,0,0.0,0,0,0,0.0,0,0.0,0,Current,None,0
,100039488159,102009,R,"Wells Fargo Bank, N.A.","Wells Fargo Bank, N.A.",,4.375,4.375,155000.0,,0.0,180,72009,92009,2.0,178.0,173.0,82024.0,62,62,2,36,795,795.0,N,R,SF,1,P,MN,33460,550,,FRM,N,N,,,00,,N,,,,,,,,,,,,,,,,,,,,,,,,,,,,,,,,N,,,,,,,N,,,,,,N,,,,,,,,,,,,,,,,N,,,,,,2009-10-01,2009-07-01,,0.0,3.0,1.0,2.0,0,0,0,0.0,0.0,0,0,,,0,0,1,2009,3,0,0,0,100,2232,12.61904761904762,0.0,0,0.0,0,0,0,0.0,0,0.0,0,Current,None,0
,100039488159,112009,R,"Wells Fargo Bank, N.A.","Wells Fargo Bank, N.A.",,4.375,4.375,155000.0,,0.0,180,72009,92009,3.0,177.0,173.0,82024.0,62,62,2,36,795,795.0,N,R,SF,1,P,MN,33460,550,,FRM,N,N,,,00,,N,,,,,,,,,,,,,,,,,,,,,,,,,,,,,,,,N,,,,,,,N,,,,,,N,,,,,,,,,,,,,,,,N,,,,,,2009-11-01,2009-07-01,,0.0,3.0,1.0,2.0,0,0,0,0.0,0.0,0,0,,,0,0,1,2009,3,0,0,0,100,2232,12.61904761904762,0.0,0,0.0,0,0,0,0.0,0,0.0,0,Current,None,0
,100039488159,122009,R,"Wells Fargo Bank, N.A.","Wells Fargo Bank, N.A.",,4.375,4.375,155000.0,,0.0,180,72009,92009,4.0,176.0,171.0,82024.0,62,62,2,36,795,795.0,N,R,SF,1,P,MN,33460,550,,FRM,N,N,,,00,,N,,,,,,,,,,,,,,,,,,,,,,,,,,,,,,,,N,,,,,,,N,,,,,,N,,,,,,,,,,,,,,,,N,,,,,,2009-12-01,2009-07-01,,0.0,3.0,1.0,2.0,0,0,0,0.0,0.0,0,0,,,0,0,1,2009,3,0,0,0,100,2232,12.61904761904762,0.0,0,0.0,0,0,0,0.0,0,0.0,0,Current,None,0
,100039488159,12010,R,"Wells Fargo Bank, N.A.","Wells Fargo Bank, N.A.",,4.375,4.375,155000.0,,0.0,180,72009,92009,5.0,175.0,171.0,82024.0,62,62,2,36,795,795.0,N,R,SF,1,P,MN,33460,550,,FRM,N,N,,,00,,N,,,,,,,,,,,,,,,,,,,,,,,,,,,,,,,,N,,,,,,,N,,,,,,N,,,,,,,,,,,,,,,,N,,,,,,2010-01-01,2009-07-01,,0.0,3.0,1.0,2.0,0,0,0,0.0,0.0,0,0,,,0,0,1,2009,3,0,0,0,100,2232,12.61904761904762,0.0,0,0.0,0,0,0,0.0,0,0.0,0,Current,None,0
,100039488159,22010,R,"Wells Fargo Bank, N.A.","Wells Fargo Bank, N.A.",,4.375,4.375,155000.0,,148204.1,180,72009,92009,6.0,174.0,170.0,82024.0,62,62,2,36,795,795.0,N,R,SF,1,P,MN,33460,550,,FRM,N,N,,,00,,N,,,,,,,,,,,,,,,,,,,,,,,,,,,,,,,,N,,,,,,,N,,,,,,N,,,,,,,,,,,,,,,,N,,,,,,2010-02-01,2009-07-01,,0.0,3.0,1.0,2.0,0,0,0,0.0,0.0,0,0,,,0,0,1,2009,3,0,0,0,100,2232,12.61904761904762,0.0,0,0.0,0,0,0,0.0,0,0.0,0,Current,None,0
,100039488159,32010,R,"Wells Fargo Bank, N.A.","Wells Fargo Bank, N.A.",,4.375,4.375,155000.0,,147457.74,180,72009,92009,7.0,173.0,168.0,82024.0,62,62,2,36,795,795.0,N,R,SF,1,P,MN,33460,550,,FRM,N,N,,,00,,N,,,,,,,,,,,,,,,,,,,,,,,,,,,,,,,,N,,,,,,,N,,,,,,N,,,,,,,,,,,,,,,,N,,,,,,2010-03-01,2009-07-01,,0.0,3.0,1.0,2.0,0,0,0,0.0,0.0,0,0,,,0,0,1,2009,3,0,0,0,100,2232,12.61904761904762,0.0,0,0.0,0,0,0,0.0,0,0.0,0,Current,None,0
,100039488159,42010,R,"Wells Fargo Bank, N.A.","Wells Fargo Bank, N.A.",,4.375,4.375,155000.0,,146625.56,180,72009,92009,8.0,172.0,167.0,82024.0,62,62,2,36,795,795.0,N,R,SF,1,P,MN,33460,550,,FRM,N,N,,,00,,N,,,,,,,,,,,,,,,,,,,,,,,,,,,,,,,,N,,,,,,,N,,,,,,N,,,,,,,,,,,,,,,,N,,,,,,2010-04-01,2009-07-01,,0.0,3.0,1.0,2.0,0,0,0,0.0,0.0,0,0,,,0,0,1,2009,3,0,0,0,100,2232,12.61904761904762,0.0,0,0.0,0,0,0,0.0,0,0.0,0,Current,None,0
,100039488159,52010,R,"Wells Fargo Bank, N.A.","Wells Fargo Bank, N.A.",,4.375,4.375,155000.0,,144918.22,180,72009,92009,9.0,171.0,164.0,82024.0,62,62,2,36,795,795.0,N,R,SF,1,P,MN,33460,550,,FRM,N,N,,,00,,N,,,,,,,,,,,,,,,,,,,,,,,,,,,,,,,,N,,,,,,,N,,,,,,N,,,,,,,,,,,,,,,,N,,,,,,2010-05-01,2009-07-01,,0.0,3.0,1.0,2.0,0,0,0,0.0,0.0,0,0,,,0,0,1,2009,3,0,0,0,100,2232,12.61904761904762,0.0,0,0.0,0,0,0,0.0,0,0.0,0,Current,None,0
,100039488159,62010,R,"Wells Fargo Bank, N.A.","Wells Fargo Bank, N.A.",,4.375,4.375,155000.0,,144059.88,180,72009,92009,10.0,170.0,163.0,82024.0,62,62,2,36,795,795.0,N,R,SF,1,P,MN,33460,550,,FRM,N,N,,,00,,N,,,,,,,,,,,,,,,,,,,,,,,,,,,,,,,,N,,,,,,,N,,,,,,N,,,,,,,,,,,,,,,,N,,,,,,2010-06-01,2009-07-01,,0.0,3.0,1.0,2.0,0,0,0,0.0,0.0,0,0,,,0,0,1,2009,3,0,0,0,100,2232,12.61904761904762,0.0,0,0.0,0,0,0,0.0,0,0.0,0,Current,None,0
,100039488159,72010,R,"Wells Fargo Bank, N.A.","Wells Fargo Bank, N.A.",,4.375,4.375,155000.0,,143298.41,180,72009,92009,11.0,169.0,162.0,82024.0,62,62,2,36,795,795.0,N,R,SF,1,P,MN,33460,550,,FRM,N,N,,,00,,N,,,,,,,,,,,,,,,,,,,,,,,,,,,,,,,,N,,,,,,,N,,,,,,N,,,,,,,,,,,,,,,,N,,,,,,2010-07-01,2009-07-01,,0.0,3.0,1.0,2.0,0,0,0,0.0,0.0,0,0,,,0,0,1,2009,3,0,0,0,100,2232,12.61904761904762,0.0,0,0.0,0,0,0,0.0,0,0.0,0,Current,None,0
,100039488159,82010,R,"Wells Fargo Bank, N.A.","Wells Fargo Bank, N.A.",,4.375,4.375,155000.0,,142532.6,180,72009,92009,12.0,168.0,161.0,82024.0,62,62,2,36,795,795.0,N,R,SF,1,P,MN,33460,550,,FRM,N,N,,,00,,N,,,,,,,,,,,,,,,,,,,,,,,,,,,,,,,,N,,,,,,,N,,,,,,N,,,,,,,,,,,,,,,,N,,,,,,2010-08-01,2009-07-01,,0.0,3.0,1.0,2.0,0,0,0,0.0,0.0,0,0,,,0,0,1,2009,3,0,0,0,100,2232,12.61904761904762,0.0,0,0.0,0,0,0,0.0,0,0.0,0,Current,None,0
,100039488159,92010,R,"Wells Fargo Bank, N.A.","Wells Fargo Bank, N.A.",,4.375,4.375,155000.0,,142532.6,180,72009,92009,13.0,167.0,161.0,82024.0,62,62,2,36,795,795.0,N,R,SF,1,P,MN,33460,550,,FRM,N,N,,,00,,N,,,,,,,,,,,,,,,,,,,,,,,,,,,,,,,,N,,,,,,,N,,,,,,N,,,,,,,,,,,,,,,,N,,,,,,2010-09-01,2009-07-01,,0.0,3.0,1.0,2.0,0,0,0,0.0,0.0,0,0,,,0,0,1,2009,3,0,0,0,100,2232,12.61904761904762,0.0,0,0.0,0,0,0,0.0,0,0.0,0,Current,None,0
,100039488159,102010,R,"Wells Fargo Bank, N.A.","Wells Fargo Bank, N.A.",,4.375,4.375,155000.0,,141864.0,180,72009,92009,14.0,166.0,160.0,82024.0,62,62,2,36,795,795.0,N,R,SF,1,P,MN,33460,550,,FRM,N,N,,,00,,N,,,,,,,,,,,,,,,,,,,,,,,,,,,,,,,,N,,,,,,,N,,,,,,N,,,,,,,,,,,,,,,,N,,,,,,2010-10-01,2009-07-01,,0.0,3.0,1.0,2.0,0,0,0,0.0,0.0,0,0,,,0,0,1,2009,3,0,0,0,100,2232,12.61904761904762,0.0,0,0.0,0,0,0,0.0,0,0.0,0,Current,None,0
,100039488159,112010,R,"Wells Fargo Bank, N.A.","Wells Fargo Bank, N.A.",,4.375,4.375,155000.0,,141192.96,180,72009,92009,15.0,165.0,159.0,82024.0,62,62,2,36,795,795.0,N,R,SF,1,P,MN,33460,550,,FRM,N,N,,,00,,N,,,,,,,,,,,,,,,,,,,,,,,,,,,,,,,,N,,,,,,,N,,,,,,N,,,,,,,,,,,,,,,,N,,,,,,2010-11-01,2009-07-01,,0.0,3.0,1.0,2.0,0,0,0,0.0,0.0,0,0,,,0,0,1,2009,3,0,0,0,100,2232,12.61904761904762,0.0,0,0.0,0,0,0,0.0,0,0.0,0,Current,None,0
,100039488159,122010,R,"Wells Fargo Bank, N.A.","Wells Fargo Bank, N.A.",,4.375,4.375,155000.0,,139643.18,180,72009,92009,16.0,164.0,156.0,82024.0,62,62,2,36,795,795.0,N,R,SF,1,P,MN,33460,550,,FRM,N,N,,,00,,N,,,,,,,,,,,,,,,,,,,,,,,,,,,,,,,,N,,,,,,,N,,,,,,N,,,,,,,,,,,,,,,,N,,,,,,2010-12-01,2009-07-01,,0.0,3.0,1.0,2.0,0,0,0,0.0,0.0,0,0,,,0,0,1,2009,3,0,0,0,100,2232,12.61904761904762,0.0,0,0.0,0,0,0,0.0,0,0.0,0,Current,None,0
,100039488159,12011,R,"Wells Fargo Bank, N.A.","Wells Fargo Bank, N.A.",,4.375,4.375,155000.0,,139643.18,180,72009,92009,17.0,163.0,156.0,82024.0,62,62,2,36,795,795.0,N,R,SF,1,P,MN,33460,550,,FRM,N,N,,,00,,N,,,,,,,,,,,,,,,,,,,,,,,,,,,,,,,,N,,,,,,,N,,,,,,N,,,,,,,,,,,,,,,,N,,,,,,2011-01-01,2009-07-01,,0.0,3.0,1.0,2.0,0,0,0,0.0,0.0,0,0,,,0,0,1,2009,3,0,0,0,100,2232,12.61904761904762,0.0,0,0.0,0,0,0,0.0,0,0.0,0,Current,None,0
,100039488159,22011,R,"Wells Fargo Bank, N.A.","Wells Fargo Bank, N.A.",,4.375,4.375,155000.0,,138764.05,180,72009,92009,18.0,162.0,155.0,82024.0,62,62,2,36,795,795.0,N,R,SF,1,P,MN,33460,550,,FRM,N,N,,,00,,N,,,,,,,,,,,,,,,,,,,,,,,,,,,,,,,,N,,,,,,,N,,,,,,N,,,,,,,,,,,,,,,,N,,,,,,2011-02-01,2009-07-01,,0.0,3.0,1.0,2.0,0,0,0,0.0,0.0,0,0,,,0,0,1,2009,3,0,0,0,100,2232,12.61904761904762,0.0,0,0.0,0,0,0,0.0,0,0.0,0,Current,None,0
,100039488159,32011,R,"Wells Fargo Bank, N.A.","Wells Fargo Bank, N.A.",,4.375,4.375,155000.0,,137881.71,180,72009,92009,19.0,161.0,154.0,82024.0,62,62,2,36,795,795.0,N,R,SF,1,P,MN,33460,550,,FRM,N,N,,,00,,N,,,,,,,,,,,,,,,,,,,,,,,,,,,,,,,,N,,,,,,,N,,,,,,N,,,,,,,,,,,,,,,,N,,,,,,2011-03-01,2009-07-01,,0.0,3.0,1.0,2.0,0,0,0,0.0,0.0,0,0,,,0,0,1,2009,3,0,0,0,100,2232,12.61904761904762,0.0,0,0.0,0,0,0,0.0,0,0.0,0,Current,None,0
,100039488159,42011,R,"Wells Fargo Bank, N.A.","Wells Fargo Bank, N.A.",,4.375,4.375,155000.0,,136996.15,180,72009,92009,20.0,160.0,152.0,82024.0,62,62,2,36,795,795.0,N,R,SF,1,P,MN,33460,550,,FRM,N,N,,,00,,N,,,,,,,,,,,,,,,,,,,,,,,,,,,,,,,,N,,,,,,,N,,,,,,N,,,,,,,,,,,,,,,,N,,,,,,2011-04-01,2009-07-01,,0.0,3.0,1.0,2.0,0,0,0,0.0,0.0,0,0,,,0,0,1,2009,3,0,0,0,100,2232,12.61904761904762,0.0,0,0.0,0,0,0,0.0,0,0.0,0,Current,None,0
,100039488159,52011,R,"Wells Fargo Bank, N.A.","Wells Fargo Bank, N.A.",,4.375,4.375,155000.0,,135215.34,180,72009,92009,21.0,159.0,150.0,82024.0,62,62,2,36,795,795.0,N,R,SF,1,P,MN,33460,550,,FRM,N,N,,,00,,N,,,,,,,,,,,,,,,,,,,,,,,,,,,,,,,,N,,,,,,,N,,,,,,N,,,,,,,,,,,,,,,,N,,,,,,2011-05-01,2009-07-01,,0.0,3.0,1.0,2.0,0,0,0,0.0,0.0,0,0,,,0,0,1,2009,3,0,0,0,100,2232,12.61904761904762,0.0,0,0.0,0,0,0,0.0,0,0.0,0,Current,None,0
,100039488159,62011,R,"Wells Fargo Bank, N.A.","Wells Fargo Bank, N.A.",,4.375,4.375,155000.0,,134420.06,180,72009,92009,22.0,158.0,149.0,82024.0,62,62,2,36,795,795.0,N,R,SF,1,P,MN,33460,550,,FRM,N,N,,,00,,N,,,,,,,,,,,,,,,,,,,,,,,,,,,,,,,,N,,,,,,,N,,,,,,N,,,,,,,,,,,,,,,,N,,,,,,2011-06-01,2009-07-01,,0.0,3.0,1.0,2.0,0,0,0,0.0,0.0,0,0,,,0,0,1,2009,3,0,0,0,100,2232,12.61904761904762,0.0,0,0.0,0,0,0,0.0,0,0.0,0,Current,None,0
,100039488159,72011,R,"Wells Fargo Bank, N.A.","Wells Fargo Bank, N.A.",,4.375,4.375,155000.0,,133521.88,180,72009,92009,23.0,157.0,147.0,82024.0,62,62,2,36,795,795.0,N,R,SF,1,P,MN,33460,550,,FRM,N,N,,,00,,N,,,,,,,,,,,,,,,,,,,,,,,,,,,,,,,,N,,,,,,,N,,,,,,N,,,,,,,,,,,,,,,,N,,,,,,2011-07-01,2009-07-01,,0.0,3.0,1.0,2.0,0,0,0,0.0,0.0,0,0,,,0,0,1,2009,3,0,0,0,100,2232,12.61904761904762,0.0,0,0.0,0,0,0,0.0,0,0.0,0,Current,None,0
,100039488159,82011,R,"Wells Fargo Bank, N.A.","Wells Fargo Bank, N.A.",,4.375,4.375,155000.0,,132570.22,180,72009,92009,24.0,156.0,146.0,82024.0,62,62,2,36,795,795.0,N,R,SF,1,P,MN,33460,550,,FRM,N,N,,,00,,N,,,,,,,,,,,,,,,,,,,,,,,,,,,,,,,,N,,,,,,,N,,,,,,N,,,,,,,,,,,,,,,,N,,,,,,2011-08-01,2009-07-01,,0.0,3.0,1.0,2.0,0,0,0,0.0,0.0,0,0,,,0,0,1,2009,3,0,0,0,100,2232,12.61904761904762,0.0,0,0.0,0,0,0,0.0,0,0.0,0,Current,None,0
,100039488159,92011,R,"Wells Fargo Bank, N.A.","Wells Fargo Bank, N.A.",,4.375,4.375,155000.0,,131615.09,180,72009,92009,25.0,155.0,145.0,82024.0,62,62,2,36,795,795.0,N,R,SF,1,P,MN,33460,550,,FRM,N,N,,,00,,N,,,,,,,,,,,,,,,,,,,,,,,,,,,,,,,,N,,,,,,,N,,,,,,N,,,,,,,,,,,,,,,,N,,,,,,2011-09-01,2009-07-01,,0.0,3.0,1.0,2.0,0,0,0,0.0,0.0,0,0,,,0,0,1,2009,3,0,0,0,100,2232,12.61904761904762,0.0,0,0.0,0,0,0,0.0,0,0.0,0,Current,None,0
,100039488159,102011,R,"Wells Fargo Bank, N.A.","Wells Fargo Bank, N.A.",,4.375,4.375,155000.0,,131615.09,180,72009,92009,26.0,154.0,145.0,82024.0,62,62,2,36,795,795.0,N,R,SF,1,P,MN,33460,550,,FRM,N,N,,,00,,N,,,,,,,,,,,,,,,,,,,,,,,,,,,,,,,,N,,,,,,,N,,,,,,N,,,,,,,,,,,,,,,,N,,,,,,2011-10-01,2009-07-01,,0.0,3.0,1.0,2.0,0,0,0,0.0,0.0,0,0,,,0,0,1,2009,3,0,0,0,100,2232,12.61904761904762,0.0,0,0.0,0,0,0,0.0,0,0.0,0,Current,None,0
,100039488159,112011,R,"Wells Fargo Bank, N.A.","Wells Fargo Bank, N.A.",,4.375,4.375,155000.0,,129794.37,180,72009,92009,27.0,153.0,142.0,82024.0,62,62,2,36,795,795.0,N,R,SF,1,P,MN,33460,550,,FRM,N,N,,,00,,N,,,,,,,,,,,,,,,,,,,,,,,,,,,,,,,,N,,,,,,,N,,,,,,N,,,,,,,,,,,,,,,,N,,,,,,2011-11-01,2009-07-01,,0.0,3.0,1.0,2.0,0,0,0,0.0,0.0,0,0,,,0,0,1,2009,3,0,0,0,100,2232,12.61904761904762,0.0,0,0.0,0,0,0,0.0,0,0.0,0,Current,None,0
,100039488159,122011,R,"Wells Fargo Bank, N.A.","Wells Fargo Bank, N.A.",,4.375,4.375,155000.0,,128829.12,180,72009,92009,28.0,152.0,141.0,82024.0,62,62,2,36,795,795.0,N,R,SF,1,P,MN,33460,550,,FRM,N,N,,,00,,N,,,,,,,,,,,,,,,,,,,,,,,,,,,,,,,,N,,,,,,,N,,,,,,N,,,,,,,,,,,,,,,,N,,,,,,2011-12-01,2009-07-01,,0.0,3.0,1.0,2.0,0,0,0,0.0,0.0,0,0,,,0,0,1,2009,3,0,0,0,100,2232,12.61904761904762,0.0,0,0.0,0,0,0,0.0,0,0.0,0,Current,None,0
,100039488159,12012,R,"Wells Fargo Bank, N.A.","Wells Fargo Bank, N.A.",,4.375,4.375,155000.0,,127860.35,180,72009,92009,29.0,151.0,139.0,82024.0,62,62,2,36,795,795.0,N,R,SF,1,P,MN,33460,550,,FRM,N,N,,,00,,N,,,,,,,,,,,,,,,,,,,,,,,,,,,,,,,,N,,,,,,,N,,,,,,N,,,,,,,,,,,,,,,,N,,,,,,2012-01-01,2009-07-01,,0.0,3.0,1.0,2.0,0,0,0,0.0,0.0,0,0,,,0,0,1,2009,3,0,0,0,100,2232,12.61904761904762,0.0,0,0.0,0,0,0,0.0,0,0.0,0,Current,None,0
,100039488159,22012,R,"Wells Fargo Bank, N.A.","Wells Fargo Bank, N.A.",,4.375,4.375,155000.0,,127860.35,180,72009,92009,30.0,150.0,139.0,82024.0,62,62,2,36,795,795.0,N,R,SF,1,P,MN,33460,550,,FRM,N,N,,,00,,N,,,,,,,,,,,,,,,,,,,,,,,,,,,,,,,,N,,,,,,,N,,,,,,N,,,,,,,,,,,,,,,,N,,,,,,2012-02-01,2009-07-01,,0.0,3.0,1.0,2.0,0,0,0,0.0,0.0,0,0,,,0,0,1,2009,3,0,0,0,100,2232,12.61904761904762,0.0,0,0.0,0,0,0,0.0,0,0.0,0,Current,None,0
,100039488159,32012,R,"Wells Fargo Bank, N.A.","Wells Fargo Bank, N.A.",,4.375,4.375,155000.0,,126888.05,180,72009,92009,31.0,149.0,138.0,82024.0,62,62,2,36,795,795.0,N,R,SF,1,P,MN,33460,550,,FRM,N,N,,,00,,N,,,,,,,,,,,,,,,,,,,,,,,,,,,,,,,,N,,,,,,,N,,,,,,N,,,,,,,,,,,,,,,,N,,,,,,2012-03-01,2009-07-01,,0.0,3.0,1.0,2.0,0,0,0,0.0,0.0,0,0,,,0,0,1,2009,3,0,0,0,100,2232,12.61904761904762,0.0,0,0.0,0,0,0,0.0,0,0.0,0,Current,None,0
,100039488159,42012,R,"Wells Fargo Bank, N.A.","Wells Fargo Bank, N.A.",,4.375,4.375,155000.0,,125912.2,180,72009,92009,32.0,148.0,137.0,82024.0,62,62,2,36,795,795.0,N,R,SF,1,P,MN,33460,550,,FRM,N,N,,,00,,N,,,,,,,,,,,,,,,,,,,,,,,,,,,,,,,,N,,,,,,,N,,,,,,N,,,,,,,,,,,,,,,,N,,,,,,2012-04-01,2009-07-01,,0.0,3.0,1.0,2.0,0,0,0,0.0,0.0,0,0,,,0,0,1,2009,3,0,0,0,100,2232,12.61904761904762,0.0,0,0.0,0,0,0,0.0,0,0.0,0,Current,None,0
,100039488159,52012,R,"Wells Fargo Bank, N.A.","Wells Fargo Bank, N.A.",,4.375,4.375,155000.0,,124932.79,180,72009,92009,33.0,147.0,135.0,82024.0,62,62,2,36,795,795.0,N,R,SF,1,P,MN,33460,550,,FRM,N,N,,,00,,N,,,,,,,,,,,,,,,,,,,,,,,,,,,,,,,,N,,,,,,,N,,,,,,N,,,,,,,,,,,,,,,,N,,,,,,2012-05-01,2009-07-01,,0.0,3.0,1.0,2.0,0,0,0,0.0,0.0,0,0,,,0,0,1,2009,3,0,0,0,100,2232,12.61904761904762,0.0,0,0.0,0,0,0,0.0,0,0.0,0,Current,None,0
,100039488159,62012,R,"Wells Fargo Bank, N.A.","Wells Fargo Bank, N.A.",,4.375,4.375,155000.0,,122963.25,180,72009,92009,34.0,146.0,132.0,82024.0,62,62,2,36,795,795.0,N,R,SF,1,P,MN,33460,550,,FRM,N,N,,,00,,N,,,,,,,,,,,,,,,,,,,,,,,,,,,,,,,,N,,,,,,,N,,,,,,N,,,,,,,,,,,,,,,,N,,,,,,2012-06-01,2009-07-01,,0.0,3.0,1.0,2.0,0,0,0,0.0,0.0,0,0,,,0,0,1,2009,3,0,0,0,100,2232,12.61904761904762,0.0,0,0.0,0,0,0,0.0,0,0.0,0,Current,None,0
,100039488159,72012,R,"Wells Fargo Bank, N.A.","Wells Fargo Bank, N.A.",,4.375,4.375,155000.0,,122963.25,180,72009,92009,35.0,145.0,132.0,82024.0,62,62,2,36,795,795.0,N,R,SF,1,P,MN,33460,550,,FRM,N,N,,,00,,N,,,,,,,,,,,,,,,,,,,,,,,,,,,,,,,,N,,,,,,,N,,,,,,N,,,,,,,,,,,,,,,,N,,,,,,2012-07-01,2009-07-01,,0.0,3.0,1.0,2.0,0,0,0,0.0,0.0,0,0,,,0,0,1,2009,3,0,0,0,100,2232,12.61904761904762,0.0,0,0.0,0,0,0,0.0,0,0.0,0,Current,None,0
,100039488159,82012,R,"Wells Fargo Bank, N.A.","Wells Fargo Bank, N.A.",,4.375,4.375,155000.0,,120956.82,180,72009,92009,36.0,144.0,130.0,82024.0,62,62,2,36,795,795.0,N,R,SF,1,P,MN,33460,550,,FRM,N,N,,,00,,N,,,,,,,,,,,,,,,,,,,,,,,,,,,,,,,,N,,,,,,,N,,,,,,N,,,,,,,,,,,,,,,,N,,,,,,2012-08-01,2009-07-01,,0.0,3.0,1.0,2.0,0,0,0,0.0,0.0,0,0,,,0,0,1,2009,3,0,0,0,100,2232,12.61904761904762,0.0,0,0.0,0,0,0,0.0,0,0.0,0,Current,None,0
,100039488159,92012,R,"Wells Fargo Bank, N.A.","Wells Fargo Bank, N.A.",,4.375,4.375,155000.0,,119936.85,180,72009,92009,37.0,143.0,128.0,82024.0,62,62,2,36,795,795.0,N,R,SF,1,P,MN,33460,550,,FRM,N,N,,,00,,N,,,,,,,,,,,,,,,,,,,,,,,,,,,,,,,,N,,,,,,,N,,,,,,N,,,,,,,,,,,,,,,,N,,,,,,2012-09-01,2009-07-01,,0.0,3.0,1.0,2.0,0,0,0,0.0,0.0,0,0,,,0,0,1,2009,3,0,0,0,100,2232,12.61904761904762,0.0,0,0.0,0,0,0,0.0,0,0.0,0,Current,None,0
,100039488159,102012,R,"Wells Fargo Bank, N.A.","Wells Fargo Bank, N.A.",,4.375,4.375,155000.0,,119936.85,180,72009,92009,38.0,142.0,128.0,82024.0,62,62,2,36,795,795.0,N,R,SF,1,P,MN,33460,550,,FRM,N,N,,,00,,N,,,,,,,,,,,,,,,,,,,,,,,,,,,,,,,,N,,,,,,,N,,,,,,N,,,,,,,,,,,,,,,,N,,,,,,2012-10-01,2009-07-01,,0.0,3.0,1.0,2.0,0,0,0,0.0,0.0,0,0,,,0,0,1,2009,3,0,0,0,100,2232,12.61904761904762,0.0,0,0.0,0,0,0,0.0,0,0.0,0,Current,None,0
,100039488159,112012,R,"Wells Fargo Bank, N.A.","Wells Fargo Bank, N.A.",,4.375,4.375,155000.0,,117855.88,180,72009,92009,39.0,141.0,125.0,82024.0,62,62,2,36,795,795.0,N,R,SF,1,P,MN,33460,550,,FRM,N,N,,,00,,N,,,,,,,,,,,,,,,,,,,,,,,,,,,,,,,,N,,,,,,,N,,,,,,N,,,,,,,,,,,,,,,,N,,,,,,2012-11-01,2009-07-01,,0.0,3.0,1.0,2.0,0,0,0,0.0,0.0,0,0,,,0,0,1,2009,3,0,0,0,100,2232,12.61904761904762,0.0,0,0.0,0,0,0,0.0,0,0.0,0,Current,None,0
,100039488159,122012,R,"Wells Fargo Bank, N.A.","Wells Fargo Bank, N.A.",,4.375,4.375,155000.0,,116824.6,180,72009,92009,40.0,140.0,124.0,82024.0,62,62,2,36,795,795.0,N,R,SF,1,P,MN,33460,550,,FRM,N,N,,,00,,N,,,,,,,,,,,,,,,,,,,,,,,,,,,,,,,,N,,,,,,,N,,,,,,N,,,,,,,,,,,,,,,,N,,,,,,2012-12-01,2009-07-01,,0.0,3.0,1.0,2.0,0,0,0,0.0,0.0,0,0,,,0,0,1,2009,3,0,0,0,100,2232,12.61904761904762,0.0,0,0.0,0,0,0,0.0,0,0.0,0,Current,None,0
,100039488159,12013,R,"Wells Fargo Bank, N.A.","Wells Fargo Bank, N.A.",,4.375,4.375,155000.0,,115774.66,180,72009,92009,41.0,139.0,123.0,82024.0,62,62,2,36,795,795.0,N,R,SF,1,P,MN,33460,550,,FRM,N,N,,,00,,N,,,,,,,,,,,,,,,,,,,,,,,,,,,,,,,,N,,,,,,,N,,,,,,N,,,,,,,,,,,,,,,,N,,,,,,2013-01-01,2009-07-01,,0.0,3.0,1.0,2.0,0,0,0,0.0,0.0,0,0,,,0,0,1,2009,3,0,0,0,100,2232,12.61904761904762,0.0,0,0.0,0,0,0,0.0,0,0.0,0,Current,None,0
,100039488159,22013,R,"Wells Fargo Bank, N.A.","Wells Fargo Bank, N.A.",,4.375,4.375,155000.0,,114735.8,180,72009,92009,42.0,138.0,121.0,82024.0,62,62,2,36,795,795.0,N,R,SF,1,P,MN,33460,550,,FRM,N,N,,,00,,N,,,,,,,,,,,,,,,,,,,,,,,,,,,,,,,,N,,,,,,,N,,,,,,N,,,,,,,,,,,,,,,,N,,,,,,2013-02-01,2009-07-01,,0.0,3.0,1.0,2.0,0,0,0,0.0,0.0,0,0,,,0,0,1,2009,3,0,0,0,100,2232,12.61904761904762,0.0,0,0.0,0,0,0,0.0,0,0.0,0,Current,None,0
,100039488159,32013,R,"Wells Fargo Bank, N.A.","Wells Fargo Bank, N.A.",,4.375,4.375,155000.0,,113693.15,180,72009,92009,43.0,137.0,120.0,82024.0,62,62,2,36,795,795.0,N,R,SF,1,P,MN,33460,550,,FRM,N,N,,,00,,N,,,,,,,,,,,,,,,,,,,,,,,,,,,,,,,,N,,,,,,,N,,,,,,N,,,,,,,,,,,,,,,,N,,,,,,2013-03-01,2009-07-01,,0.0,3.0,1.0,2.0,0,0,0,0.0,0.0,0,0,,,0,0,1,2009,3,0,0,0,100,2232,12.61904761904762,0.0,0,0.0,0,0,0,0.0,0,0.0,0,Current,None,0
,100039488159,42013,R,"Wells Fargo Bank, N.A.","Wells Fargo Bank, N.A.",,4.375,4.375,155000.0,,113693.15,180,72009,92009,44.0,136.0,120.0,82024.0,62,62,2,36,795,795.0,N,R,SF,1,P,MN,33460,550,,FRM,N,N,,,00,,N,,,,,,,,,,,,,,,,,,,,,,,,,,,,,,,,N,,,,,,,N,,,,,,N,,,,,,,,,,,,,,,,N,,,,,,2013-04-01,2009-07-01,,0.0,3.0,1.0,2.0,0,0,0,0.0,0.0,0,0,,,0,0,1,2009,3,0,0,0,100,2232,12.61904761904762,0.0,0,0.0,0,0,0,0.0,0,0.0,0,Current,None,0
,100039488159,52013,R,"Wells Fargo Bank, N.A.","Wells Fargo Bank, N.A.",,4.375,4.375,155000.0,,111556.48,180,72009,92009,45.0,135.0,117.0,82024.0,62,62,2,36,795,795.0,N,R,SF,1,P,MN,33460,550,,FRM,N,N,,,00,,N,,,,,,,,,,,,,,,,,,,,,,,,,,,,,,,,N,,,,,,,N,,,,,,N,,,,,,,,,,,,,,,,N,,,,,,2013-05-01,2009-07-01,,0.0,3.0,1.0,2.0,0,0,0,0.0,0.0,0,0,,,0,0,1,2009,3,0,0,0,100,2232,12.61904761904762,0.0,0,0.0,0,0,0,0.0,0,0.0,0,Current,None,0
,100039488159,62013,R,"Wells Fargo Bank, N.A.","Wells Fargo Bank, N.A.",,4.375,4.375,155000.0,,111556.48,180,72009,92009,46.0,134.0,117.0,82024.0,62,62,2,36,795,795.0,N,R,SF,1,P,MN,33460,550,,FRM,N,N,,,00,,N,,,,,,,,,,,,,,,,,,,,,,,,,,,,,,,,N,,,,,,,N,,,,,,N,,,,,,,,,,,,,,,,N,,,,,,2013-06-01,2009-07-01,,0.0,3.0,1.0,2.0,0,0,0,0.0,0.0,0,0,,,0,0,1,2009,3,0,0,0,100,2232,12.61904761904762,0.0,0,0.0,0,0,0,0.0,0,0.0,0,Current,None,0
,100039488159,72013,R,"Wells Fargo Bank, N.A.","Wells Fargo Bank, N.A.",,4.375,4.375,155000.0,,110487.34,180,72009,92009,47.0,133.0,116.0,82024.0,62,62,2,36,795,795.0,N,R,SF,1,P,MN,33460,550,,FRM,N,N,,,00,,N,,,,,,,,,,,,,,,,,,,,,,,,,,,,,,,,N,,,,,,,N,,,,,,N,,,,,,,,,,,,,,,,N,,,,,,2013-07-01,2009-07-01,,0.0,3.0,1.0,2.0,0,0,0,0.0,0.0,0,0,,,0,0,1,2009,3,0,0,0,100,2232,12.61904761904762,0.0,0,0.0,0,0,0,0.0,0,0.0,0,Current,None,0
,100039488159,82013,R,"Wells Fargo Bank, N.A.","Wells Fargo Bank, N.A.",,4.375,4.375,155000.0,,109404.2,180,72009,92009,48.0,132.0,114.0,82024.0,62,62,2,36,795,795.0,N,R,SF,1,P,MN,33460,550,,FRM,N,N,,,00,,N,,,,,,,,,,,,,,,,,,,,,,,,,,,,,,,,N,,,,,,,N,,,,,,N,,,,,,,,,,,,,,,,N,,,,,,2013-08-01,2009-07-01,,0.0,3.0,1.0,2.0,0,0,0,0.0,0.0,0,0,,,0,0,1,2009,3,0,0,0,100,2232,12.61904761904762,0.0,0,0.0,0,0,0,0.0,0,0.0,0,Current,None,0
,100039488159,92013,R,"Wells Fargo Bank, N.A.","Wells Fargo Bank, N.A.",,4.375,4.375,155000.0,,108477.77,180,72009,92009,49.0,131.0,113.0,82024.0,62,62,2,36,795,795.0,N,R,SF,1,P,MN,33460,550,,FRM,N,N,,,00,,N,,,,,,,,,,,,,,,,,,,,,,,,,,,,,,,,N,,,,,,,N,,,,,,N,,,,,,,,,,,,,,,,N,,,,,,2013-09-01,2009-07-01,,0.0,3.0,1.0,2.0,0,0,0,0.0,0.0,0,0,,,0,0,1,2009,3,0,0,0,100,2232,12.61904761904762,0.0,0,0.0,0,0,0,0.0,0,0.0,0,Current,None,0
,100039488159,102013,R,"Wells Fargo Bank, N.A.","Wells Fargo Bank, N.A.",,4.375,4.375,155000.0,,107397.4,180,72009,92009,50.0,130.0,112.0,82024.0,62,62,2,36,795,795.0,N,R,SF,1,P,MN,33460,550,,FRM,N,N,,,00,,N,,,,,,,,,,,,,,,,,,,,,,,,,,,,,,,,N,,,,,,,N,,,,,,N,,,,,,,,,,,,,,,,N,,,,,,2013-10-01,2009-07-01,,0.0,3.0,1.0,2.0,0,0,0,0.0,0.0,0,0,,,0,0,1,2009,3,0,0,0,100,2232,12.61904761904762,0.0,0,0.0,0,0,0,0.0,0,0.0,0,Current,None,0
,100039488159,112013,R,"Wells Fargo Bank, N.A.","Wells Fargo Bank, N.A.",,4.375,4.375,155000.0,,106313.09,180,72009,92009,51.0,129.0,110.0,82024.0,62,62,2,36,795,795.0,N,R,SF,1,P,MN,33460,550,,FRM,N,N,,,00,,N,,,,,,,,,,,,,,,,,,,,,,,,,,,,,,,,N,,,,,,,N,,,,,,N,,,,,,,,,,,,,,,,N,,,,,,2013-11-01,2009-07-01,,0.0,3.0,1.0,2.0,0,0,0,0.0,0.0,0,0,,,0,0,1,2009,3,0,0,0,100,2232,12.61904761904762,0.0,0,0.0,0,0,0,0.0,0,0.0,0,Current,None,0
,100039488159,122013,R,"Wells Fargo Bank, N.A.","Wells Fargo Bank, N.A.",,4.375,4.375,155000.0,,104533.33,180,72009,92009,52.0,128.0,108.0,82024.0,62,62,2,36,795,795.0,N,R,SF,1,P,MN,33460,550,,FRM,N,N,,,00,,N,,,,,,,,,,,,,,,,,,,,,,,,,,,,,,,,N,,,,,,,N,,,,,,N,,,,,,,,,,,,,,,,N,,,,,,2013-12-01,2009-07-01,,0.0,3.0,1.0,2.0,0,0,0,0.0,0.0,0,0,,,0,0,1,2009,3,0,0,0,100,2232,12.61904761904762,0.0,0,0.0,0,0,0,0.0,0,0.0,0,Current,None,0
,100039488159,12014,R,"Wells Fargo Bank, N.A.","Wells Fargo Bank, N.A.",,4.375,4.375,155000.0,,104533.33,180,72009,92009,53.0,127.0,108.0,82024.0,62,62,2,36,795,795.0,N,R,SF,1,P,MN,33460,550,,FRM,N,N,,,00,,N,,,,,,,,,,,,,,,,,,,,,,,,,,,,,,,,N,,,,,,,N,,,,,,N,,,,,,,,,,,,,,,,N,,,,,,2014-01-01,2009-07-01,,0.0,3.0,1.0,2.0,0,0,0,0.0,0.0,0,0,,,0,0,1,2009,3,0,0,0,100,2232,12.61904761904762,0.0,0,0.0,0,0,0,0.0,0,0.0,0,Current,None,0
,100039488159,22014,R,"Wells Fargo Bank, N.A.","Wells Fargo Bank, N.A.",,4.375,4.375,155000.0,,103738.58,180,72009,92009,54.0,126.0,107.0,82024.0,62,62,2,36,795,795.0,N,R,SF,1,P,MN,33460,550,,FRM,N,N,,,00,,N,,,,,,,,,,,,,,,,,,,,,,,,,,,,,,,,N,,,,,,,N,,,,,,N,,,,,,,,,,,,,,,,N,,,,,,2014-02-01,2009-07-01,,0.0,3.0,1.0,2.0,0,0,0,0.0,0.0,0,0,,,0,0,1,2009,3,0,0,0,100,2232,12.61904761904762,0.0,0,0.0,0,0,0,0.0,0,0.0,0,Current,None,0
,100039488159,32014,R,"Wells Fargo Bank, N.A.","Wells Fargo Bank, N.A.",,4.375,4.375,155000.0,,101790.76,180,72009,92009,55.0,125.0,105.0,82024.0,62,62,2,36,795,795.0,N,R,SF,1,P,MN,33460,550,,FRM,N,N,,,00,,N,,,,,,,,,,,,,,,,,,,,,,,,,,,,,,,,N,,,,,,,N,,,,,,N,,,,,,,,,,,,,,,,N,,,,,,2014-03-01,2009-07-01,,0.0,3.0,1.0,2.0,0,0,0,0.0,0.0,0,0,,,0,0,1,2009,3,0,0,0,100,2232,12.61904761904762,0.0,0,0.0,0,0,0,0.0,0,0.0,0,Current,None,0
,100039488159,42014,R,"Wells Fargo Bank, N.A.","Wells Fargo Bank, N.A.",,4.375,4.375,155000.0,,101790.76,180,72009,92009,56.0,124.0,105.0,82024.0,62,62,2,36,795,795.0,N,R,SF,1,P,MN,33460,550,,FRM,N,N,,,00,,N,,,,,,,,,,,,,,,,,,,,,,,,,,,,,,,,N,,,,,,,N,,,,,,N,,,,,,,,,,,,,,,,N,,,,,,2014-04-01,2009-07-01,,0.0,3.0,1.0,2.0,0,0,0,0.0,0.0,0,0,,,0,0,1,2009,3,0,0,0,100,2232,12.61904761904762,0.0,0,0.0,0,0,0,0.0,0,0.0,0,Current,None,0
,100039488159,52014,R,"Wells Fargo Bank, N.A.","Wells Fargo Bank, N.A.",,4.375,4.375,155000.0,,100686.01,180,72009,92009,57.0,123.0,103.0,82024.0,62,62,2,36,795,795.0,N,R,SF,1,P,MN,33460,550,,FRM,N,N,,,00,,N,,,,,,,,,,,,,,,,,,,,,,,,,,,,,,,,N,,,,,,,N,,,,,,N,,,,,,,,,,,,,,,,N,,,,,,2014-05-01,2009-07-01,,0.0,3.0,1.0,2.0,0,0,0,0.0,0.0,0,0,,,0,0,1,2009,3,0,0,0,100,2232,12.61904761904762,0.0,0,0.0,0,0,0,0.0,0,0.0,0,Current,None,0
,100039488159,62014,R,"Wells Fargo Bank, N.A.","Wells Fargo Bank, N.A.",,4.375,4.375,155000.0,,99877.23,180,72009,92009,58.0,122.0,102.0,82024.0,62,62,2,36,795,795.0,N,R,SF,1,P,MN,33460,550,,FRM,N,N,,,00,,N,,,,,,,,,,,,,,,,,,,,,,,,,,,,,,,,N,,,,,,,N,,,,,,N,,,,,,,,,,,,,,,,N,,,,,,2014-06-01,2009-07-01,,0.0,3.0,1.0,2.0,0,0,0,0.0,0.0,0,0,,,0,0,1,2009,3,0,0,0,100,2232,12.61904761904762,0.0,0,0.0,0,0,0,0.0,0,0.0,0,Current,None,0
,100039488159,72014,R,"Wells Fargo Bank, N.A.","Wells Fargo Bank, N.A.",,4.375,4.375,155000.0,,98765.51,180,72009,92009,59.0,121.0,101.0,82024.0,62,62,2,36,795,795.0,N,R,SF,1,P,MN,33460,550,,FRM,N,N,,,00,,N,,,,,,,,,,,,,,,,,,,,,,,,,,,,,,,,N,,,,,,,N,,,,,,N,,,,,,,,,,,,,,,,N,,,,,,2014-07-01,2009-07-01,,0.0,3.0,1.0,2.0,0,0,0,0.0,0.0,0,0,,,0,0,1,2009,3,0,0,0,100,2232,12.61904761904762,0.0,0,0.0,0,0,0,0.0,0,0.0,0,Current,None,0
,100039488159,82014,R,"Wells Fargo Bank, N.A.","Wells Fargo Bank, N.A.",,4.375,4.375,155000.0,,97949.73,180,72009,92009,60.0,120.0,100.0,82024.0,62,62,2,36,795,795.0,N,R,SF,1,P,MN,33460,550,,FRM,N,N,,,00,,N,,,,,,,,,,,,,,,,,,,,,,,,,,,,,,,,N,,,,,,,N,,,,,,N,,,,,,,,,,,,,,,,N,,,,,,2014-08-01,2009-07-01,,0.0,3.0,1.0,2.0,0,0,0,0.0,0.0,0,0,,,0,0,1,2009,3,0,0,0,100,2232,12.61904761904762,0.0,0,0.0,0,0,0,0.0,0,0.0,0,Current,None,0
,100039488159,92014,R,"Wells Fargo Bank, N.A.","Wells Fargo Bank, N.A.",,4.375,4.375,155000.0,,96830.98,180,72009,92009,61.0,119.0,99.0,82024.0,62,62,2,36,795,795.0,N,R,SF,1,P,MN,33460,550,,FRM,N,N,,,00,,N,,,,,,,,,,,,,,,,,,,,,,,,,,,,,,,,N,,,,,,,N,,,,,,N,,,,,,,,,,,,,,,,N,,,,,,2014-09-01,2009-07-01,,0.0,3.0,1.0,2.0,0,0,0,0.0,0.0,0,0,,,0,0,1,2009,3,0,0,0,100,2232,12.61904761904762,0.0,0,0.0,0,0,0,0.0,0,0.0,0,Current,None,0
,100039488159,102014,R,"Wells Fargo Bank, N.A.","Wells Fargo Bank, N.A.",,4.375,4.375,155000.0,,94580.86,180,72009,92009,62.0,118.0,96.0,82024.0,62,62,2,36,795,795.0,N,R,SF,1,P,MN,33460,550,,FRM,N,N,,,00,,N,,,,,,,,,,,,,,,,,,,,,,,,,,,,,,,,N,,,,,,,N,,,,,,N,,,,,,,,,,,,,,,,N,,,,,,2014-10-01,2009-07-01,,0.0,3.0,1.0,2.0,0,0,0,0.0,0.0,0,0,,,0,0,1,2009,3,0,0,0,100,2232,12.61904761904762,0.0,0,0.0,0,0,0,0.0,0,0.0,0,Current,None,0
,100039488159,112014,R,"Wells Fargo Bank, N.A.","Wells Fargo Bank, N.A.",,4.375,4.375,155000.0,,94580.86,180,72009,92009,63.0,117.0,96.0,82024.0,62,62,2,36,795,795.0,N,R,SF,1,P,MN,33460,550,,FRM,N,N,,,00,,N,,,,,,,,,,,,,,,,,,,,,,,,,,,,,,,,N,,,,,,,N,,,,,,N,,,,,,,,,,,,,,,,N,,,,,,2014-11-01,2009-07-01,,0.0,3.0,1.0,2.0,0,0,0,0.0,0.0,0,0,,,0,0,1,2009,3,0,0,0,100,2232,12.61904761904762,0.0,0,0.0,0,0,0,0.0,0,0.0,0,Current,None,0
,100039488159,122014,R,"Wells Fargo Bank, N.A.","Wells Fargo Bank, N.A.",,4.375,4.375,155000.0,,92515.77,180,72009,92009,64.0,116.0,93.0,82024.0,62,62,2,36,795,795.0,N,R,SF,1,P,MN,33460,550,,FRM,N,N,,,00,,N,,,,,,,,,,,,,,,,,,,,,,,,,,,,,,,,N,,,,,,,N,,,,,,N,,,,,,,,,,,,,,,,N,,,,,,2014-12-01,2009-07-01,,0.0,3.0,1.0,2.0,0,0,0,0.0,0.0,0,0,,,0,0,1,2009,3,0,0,0,100,2232,12.61904761904762,0.0,0,0.0,0,0,0,0.0,0,0.0,0,Current,None,0
,100039488159,12015,R,"Wells Fargo Bank, N.A.","Wells Fargo Bank, N.A.",,4.375,4.375,155000.0,,92515.77,180,72009,92009,65.0,115.0,93.0,82024.0,62,62,2,36,795,795.0,N,R,SF,1,P,MN,33460,550,,FRM,N,N,,,00,,N,,,,,,,,,,,,,,,,,,,,,,,,,,,,,,,,N,,,,,,,N,,,,,,N,,,,,,,,,,,,,,,,N,,,,,,2015-01-01,2009-07-01,,0.0,3.0,1.0,2.0,0,0,0,0.0,0.0,0,0,,,0,0,1,2009,3,0,0,0,100,2232,12.61904761904762,0.0,0,0.0,0,0,0,0.0,0,0.0,0,Current,None,0
,100039488159,22015,R,"Wells Fargo Bank, N.A.","Wells Fargo Bank, N.A.",,4.375,4.375,155000.0,,91477.21,180,72009,92009,66.0,114.0,92.0,82024.0,62,62,2,36,795,795.0,N,R,SF,1,P,MN,33460,550,,FRM,N,N,,,00,,N,,,,,,,,,,,,,,,,,,,,,,,,,,,,,,,,N,,,,,,,N,,,,,,N,,,,,,,,,,,,,,,,N,,,,,,2015-02-01,2009-07-01,,0.0,3.0,1.0,2.0,0,0,0,0.0,0.0,0,0,,,0,0,1,2009,3,0,0,0,100,2232,12.61904761904762,0.0,0,0.0,0,0,0,0.0,0,0.0,0,Current,None,0
,100039488159,32015,R,"Wells Fargo Bank, N.A.","Wells Fargo Bank, N.A.",,4.375,4.375,155000.0,,90434.86,180,72009,92009,67.0,113.0,91.0,82024.0,62,62,2,36,795,795.0,N,R,SF,1,P,MN,33460,550,,FRM,N,N,,,00,,N,,,,,,,,,,,,,,,,,,,,,,,,,,,,,,,,N,,,,,,,N,,,,,,N,,,,,,,,,,,,,,,,N,,,,,,2015-03-01,2009-07-01,,0.0,3.0,1.0,2.0,0,0,0,0.0,0.0,0,0,,,0,0,1,2009,3,0,0,0,100,2232,12.61904761904762,0.0,0,0.0,0,0,0,0.0,0,0.0,0,Current,None,0
,100039488159,42015,R,"Wells Fargo Bank, N.A.","Wells Fargo Bank, N.A.",,4.375,4.375,155000.0,,89188.71,180,72009,92009,68.0,112.0,89.0,82024.0,62,62,2,36,795,795.0,N,R,SF,1,P,MN,33460,550,,FRM,N,N,,,00,,N,,,,,,,,,,,,,,,,,,,,,,,,,,,,,,,,N,,,,,,,N,,,,,,N,,,,,,,,,,,,,,,,N,,,,,,2015-04-01,2009-07-01,,0.0,3.0,1.0,2.0,0,0,0,0.0,0.0,0,0,,,0,0,1,2009,3,0,0,0,100,2232,12.61904761904762,0.0,0,0.0,0,0,0,0.0,0,0.0,0,Current,None,0
,100039488159,52015,R,"Wells Fargo Bank, N.A.","Wells Fargo Bank, N.A.",,4.375,4.375,155000.0,,87938.02,180,72009,92009,69.0,111.0,88.0,82024.0,62,62,2,36,795,795.0,N,R,SF,1,P,MN,33460,550,,FRM,N,N,,,00,,N,,,,,,,,,,,,,,,,,,,,,,,,,,,,,,,,N,,,,,,,N,,,,,,N,,,,,,,,,,,,,,,,N,,,,,,2015-05-01,2009-07-01,,0.0,3.0,1.0,2.0,0,0,0,0.0,0.0,0,0,,,0,0,1,2009,3,0,0,0,100,2232,12.61904761904762,0.0,0,0.0,0,0,0,0.0,0,0.0,0,Current,None,0
,100039488159,62015,R,"Wells Fargo Bank, N.A.","Wells Fargo Bank, N.A.",,4.375,4.375,155000.0,,86982.77,180,72009,92009,70.0,110.0,87.0,82024.0,62,62,2,36,795,795.0,N,R,SF,1,P,MN,33460,550,,FRM,N,N,,,00,,N,,,,,,,,,,,,,,,,,,,,,,,,,,,,,,,,N,,,,,,,N,,,,,,N,,,,,,,,,,,,,,,,N,,,,,,2015-06-01,2009-07-01,,0.0,3.0,1.0,2.0,0,0,0,0.0,0.0,0,0,,,0,0,1,2009,3,0,0,0,100,2232,12.61904761904762,0.0,0,0.0,0,0,0,0.0,0,0.0,0,Current,None,0
,100039488159,72015,R,"Wells Fargo Bank, N.A.","Wells Fargo Bank, N.A.",,4.375,4.375,155000.0,,85724.03,180,72009,92009,71.0,109.0,85.0,82024.0,62,62,2,36,795,795.0,N,R,SF,1,P,MN,33460,550,,FRM,N,N,,,00,,N,,,,,,,,,,,,,,,,,,,,,,,,,,,,,,,,N,,,,,,,N,,,,,,N,,,,,,,,,,,,,,,,N,,,,,,2015-07-01,2009-07-01,,0.0,3.0,1.0,2.0,0,0,0,0.0,0.0,0,0,,,0,0,1,2009,3,0,0,0,100,2232,12.61904761904762,0.0,0,0.0,0,0,0,0.0,0,0.0,0,Current,None,0
,100039488159,82015,R,"Wells Fargo Bank, N.A.","Wells Fargo Bank, N.A.",,4.375,4.375,155000.0,,84860.71,180,72009,92009,72.0,108.0,84.0,82024.0,62,62,2,36,795,795.0,N,R,SF,1,P,MN,33460,550,,FRM,N,N,,,00,,N,,,,,,,,,,,,,,,,,,,,,,,,,,,,,,,,N,,,,,,,N,,,,,,N,,,,,,,,,,,,,,,,N,,,,,,2015-08-01,2009-07-01,,0.0,3.0,1.0,2.0,0,0,0,0.0,0.0,0,0,,,0,0,1,2009,3,0,0,0,100,2232,12.61904761904762,0.0,0,0.0,0,0,0,0.0,0,0.0,0,Current,None,0
,100039488159,92015,R,"Wells Fargo Bank, N.A.","Wells Fargo Bank, N.A.",,4.375,4.375,155000.0,,83566.87,180,72009,92009,73.0,107.0,83.0,82024.0,62,62,2,36,795,795.0,N,R,SF,1,P,MN,33460,550,,FRM,N,N,,,00,,N,,,,,,,,,,,,,,,,,,,,,,,,,,,,,,,,N,,,,,,,N,,,,,,N,,,,,,,,,,,,,,,,N,,,,,,2015-09-01,2009-07-01,,0.0,3.0,1.0,2.0,0,0,0,0.0,0.0,0,0,,,0,0,1,2009,3,0,0,0,100,2232,12.61904761904762,0.0,0,0.0,0,0,0,0.0,0,0.0,0,Current,None,0
,100039488159,102015,R,"Wells Fargo Bank, N.A.","Wells Fargo Bank, N.A.",,4.375,4.375,155000.0,,82268.31,180,72009,92009,74.0,106.0,81.0,82024.0,62,62,2,36,795,795.0,N,R,SF,1,P,MN,33460,550,,FRM,N,N,,,00,,N,,,,,,,,,,,,,,,,,,,,,,,,,,,,,,,,N,,,,,,,N,,,,,,N,,,,,,,,,,,,,,,,N,,,,,,2015-10-01,2009-07-01,,0.0,3.0,1.0,2.0,0,0,0,0.0,0.0,0,0,,,0,0,1,2009,3,0,0,0,100,2232,12.61904761904762,0.0,0,0.0,0,0,0,0.0,0,0.0,0,Current,None,0
,100039488159,112015,R,"Wells Fargo Bank, N.A.","Wells Fargo Bank, N.A.",,4.375,4.375,155000.0,,80965.02,180,72009,92009,75.0,105.0,80.0,82024.0,62,62,2,36,795,795.0,N,R,SF,1,P,MN,33460,550,,FRM,N,N,,,00,,N,,,,,,,,,,,,,,,,,,,,,,,,,,,,,,,,N,,,,,,,N,,,,,,N,,,,,,,,,,,,,,,,N,,,,,,2015-11-01,2009-07-01,,0.0,3.0,1.0,2.0,0,0,0,0.0,0.0,0,0,,,0,0,1,2009,3,0,0,0,100,2232,12.61904761904762,0.0,0,0.0,0,0,0,0.0,0,0.0,0,Current,None,0
,100039488159,122015,R,"Wells Fargo Bank, N.A.","Wells Fargo Bank, N.A.",,4.375,4.375,155000.0,,78771.53,180,72009,92009,76.0,104.0,77.0,82024.0,62,62,2,36,795,795.0,N,R,SF,1,P,MN,33460,550,,FRM,N,N,,,00,,N,,,,,,,,,,,,,,,,,,,,,,,,,,,,,,,,N,,,,,,,N,,,,,,N,,,,,,,,,,,,,,,,N,,,,,,2015-12-01,2009-07-01,,0.0,3.0,1.0,2.0,0,0,0,0.0,0.0,0,0,,,0,0,1,2009,3,0,0,0,100,2232,12.61904761904762,0.0,0,0.0,0,0,0,0.0,0,0.0,0,Current,None,0
,100039488159,12016,R,"Wells Fargo Bank, N.A.","Wells Fargo Bank, N.A.",,4.375,4.375,155000.0,,78771.53,180,72009,92009,77.0,103.0,77.0,82024.0,62,62,2,36,795,795.0,N,R,SF,1,P,MN,33460,550,,FRM,N,N,,,00,,N,,,,,,,,,,,,,,,,,,,,,,,,,,,,,,,,N,,,,,,,N,,,,,,N,,,,,,,,,,,,,,,,N,,,,,,2016-01-01,2009-07-01,,0.0,3.0,1.0,2.0,0,0,0,0.0,0.0,0,0,,,0,0,1,2009,3,0,0,0,100,2232,12.61904761904762,0.0,0,0.0,0,0,0,0.0,0,0.0,0,Current,None,0
,100039488159,22016,R,"Wells Fargo Bank, N.A.","Wells Fargo Bank, N.A.",,4.375,4.375,155000.0,,76134.65,180,72009,92009,78.0,102.0,74.0,82024.0,62,62,2,36,795,795.0,N,R,SF,1,P,MN,33460,550,,FRM,N,N,,,00,,N,,,,,,,,,,,,,,,,,,,,,,,,,,,,,,,,N,,,,,,,N,,,,,,N,,,,,,,,,,,,,,,,N,,,,,,2016-02-01,2009-07-01,,0.0,3.0,1.0,2.0,0,0,0,0.0,0.0,0,0,,,0,0,1,2009,3,0,0,0,100,2232,12.61904761904762,0.0,0,0.0,0,0,0,0.0,0,0.0,0,Current,None,0
,100039488159,32016,R,"Wells Fargo Bank, N.A.","Wells Fargo Bank, N.A.",,4.375,4.375,155000.0,,76134.65,180,72009,92009,79.0,101.0,74.0,82024.0,62,62,2,36,795,795.0,N,R,SF,1,P,MN,33460,550,,FRM,N,N,,,00,,N,,,,,,,,,,,,,,,,,,,,,,,,,,,,,,,,N,,,,,,,N,,,,,,N,,,,,,,,,,,,,,,,N,,,,,,2016-03-01,2009-07-01,,0.0,3.0,1.0,2.0,0,0,0,0.0,0.0,0,0,,,0,0,1,2009,3,0,0,0,100,2232,12.61904761904762,0.0,0,0.0,0,0,0,0.0,0,0.0,0,Current,None,0
,100039488159,42016,R,"Wells Fargo Bank, N.A.","Wells Fargo Bank, N.A.",,4.375,4.375,155000.0,,73478.5,180,72009,92009,80.0,100.0,72.0,82024.0,62,62,2,36,795,795.0,N,R,SF,1,P,MN,33460,550,,FRM,N,N,,,00,,N,,,,,,,,,,,,,,,,,,,,,,,,,,,,,,,,N,,,,,,,N,,,,,,N,,,,,,,,,,,,,,,,N,,,,,,2016-04-01,2009-07-01,,0.0,3.0,1.0,2.0,0,0,0,0.0,0.0,0,0,,,0,0,1,2009,3,0,0,0,100,2232,12.61904761904762,0.0,0,0.0,0,0,0,0.0,0,0.0,0,Current,None,0
,100039488159,52016,R,"Wells Fargo Bank, N.A.","Wells Fargo Bank, N.A.",,4.375,4.375,155000.0,,73478.5,180,72009,92009,81.0,99.0,72.0,82024.0,62,62,2,36,795,795.0,N,R,SF,1,P,MN,33460,550,,FRM,N,N,,,00,,N,,,,,,,,,,,,,,,,,,,,,,,,,,,,,,,,N,,,,,,,N,,,,,,N,,,,,,,,,,,,,,,,N,,,,,,2016-05-01,2009-07-01,,0.0,3.0,1.0,2.0,0,0,0,0.0,0.0,0,0,,,0,0,1,2009,3,0,0,0,100,2232,12.61904761904762,0.0,0,0.0,0,0,0,0.0,0,0.0,0,Current,None,0
,100039488159,62016,R,"Wells Fargo Bank, N.A.","Wells Fargo Bank, N.A.",,4.375,4.375,155000.0,,72143.16,180,72009,92009,82.0,98.0,70.0,82024.0,62,62,2,36,795,795.0,N,R,SF,1,P,MN,33460,550,,FRM,N,N,,,00,,N,,,,,,,,,,,,,,,,,,,,,,,,,,,,,,,,N,,,,,,,N,,,,,,N,,,,,,,,,,,,,,,,N,,,,,,2016-06-01,2009-07-01,,0.0,3.0,1.0,2.0,0,0,0,0.0,0.0,0,0,,,0,0,1,2009,3,0,0,0,100,2232,12.61904761904762,0.0,0,0.0,0,0,0,0.0,0,0.0,0,Current,None,0
,100039488159,72016,R,"Wells Fargo Bank, N.A.","Wells Fargo Bank, N.A.",,4.375,4.375,155000.0,,70802.95,180,72009,92009,83.0,97.0,69.0,82024.0,62,62,2,36,795,795.0,N,R,SF,1,P,MN,33460,550,,FRM,N,N,,,00,,N,,,,,,,,,,,,,,,,,,,,,,,,,,,,,,,,N,,,,,,,N,,,,,,N,,,,,,,,,,,,,,,,N,,,,,,2016-07-01,2009-07-01,,0.0,3.0,1.0,2.0,0,0,0,0.0,0.0,0,0,,,0,0,1,2009,3,0,0,0,100,2232,12.61904761904762,0.0,0,0.0,0,0,0,0.0,0,0.0,0,Current,None,0
,100039488159,82016,R,"Wells Fargo Bank, N.A.","Wells Fargo Bank, N.A.",,4.375,4.375,155000.0,,69457.86,180,72009,92009,84.0,96.0,67.0,82024.0,62,62,2,36,795,795.0,N,R,SF,1,P,MN,33460,550,,FRM,N,N,,,00,,N,,,,,,,,,,,,,,,,,,,,,,,,,,,,,,,,N,,,,,,,N,,,,,,N,,,,,,,,,,,,,,,,N,,,,,,2016-08-01,2009-07-01,,0.0,3.0,1.0,2.0,0,0,0,0.0,0.0,0,0,,,0,0,1,2009,3,0,0,0,100,2232,12.61904761904762,0.0,0,0.0,0,0,0,0.0,0,0.0,0,Current,None,0
,100039488159,92016,R,"Wells Fargo Bank, N.A.","Wells Fargo Bank, N.A.",,4.375,4.375,155000.0,,68127.52,180,72009,92009,85.0,95.0,66.0,82024.0,62,62,2,36,795,795.0,N,R,SF,1,P,MN,33460,550,,FRM,N,N,,,00,,N,,,,,,,,,,,,,,,,,,,,,,,,,,,,,,,,N,,,,,,,N,,,,,,N,,,,,,,,,,,,,,,,N,,,,,,2016-09-01,2009-07-01,,0.0,3.0,1.0,2.0,0,0,0,0.0,0.0,0,0,,,0,0,1,2009,3,0,0,0,100,2232,12.61904761904762,0.0,0,0.0,0,0,0,0.0,0,0.0,0,Current,None,0
,100039488159,102016,R,"Wells Fargo Bank, N.A.","Wells Fargo Bank, N.A.",,4.375,4.375,155000.0,,66750.04,180,72009,92009,86.0,94.0,64.0,82024.0,62,62,2,36,795,795.0,N,R,SF,1,P,MN,33460,550,,FRM,N,N,,,00,,N,,,,,,,,,,,,,,,,,,,,,,,,,,,,,,,,N,,,,,,,N,,,,,,N,,,,,,,,,,,,,,,,N,,,,,,2016-10-01,2009-07-01,,0.0,3.0,1.0,2.0,0,0,0,0.0,0.0,0,0,,,0,0,1,2009,3,0,0,0,100,2232,12.61904761904762,0.0,0,0.0,0,0,0,0.0,0,0.0,0,Current,None,0
,100039488159,112016,R,"Wells Fargo Bank, N.A.","Wells Fargo Bank, N.A.",,4.375,4.375,155000.0,,65409.83,180,72009,92009,87.0,93.0,63.0,82024.0,62,62,2,36,795,795.0,N,R,SF,1,P,MN,33460,550,,FRM,N,N,,,00,,N,,,,,,,,,,,,,,,,,,,,,,,,,,,,,,,,N,,,,,,,N,,,,,,N,,,,,,,,,,,,,,,,N,,,,,,2016-11-01,2009-07-01,,0.0,3.0,1.0,2.0,0,0,0,0.0,0.0,0,0,,,0,0,1,2009,3,0,0,0,100,2232,12.61904761904762,0.0,0,0.0,0,0,0,0.0,0,0.0,0,Current,None,0
,100039488159,122016,R,"Wells Fargo Bank, N.A.","Wells Fargo Bank, N.A.",,4.375,4.375,155000.0,,62714.73,180,72009,92009,88.0,92.0,60.0,82024.0,62,62,2,36,795,795.0,N,R,SF,1,P,MN,33460,550,,FRM,N,N,,,00,,N,,,,,,,,,,,,,,,,,,,,,,,,,,,,,,,,N,,,,,,,N,,,,,,N,,,,,,,,,,,,,,,,N,,,,,,2016-12-01,2009-07-01,,0.0,3.0,1.0,2.0,0,0,0,0.0,0.0,0,0,,,0,0,1,2009,3,0,0,0,100,2232,12.61904761904762,0.0,0,0.0,0,0,0,0.0,0,0.0,0,Current,None,0
,100039488159,12017,R,"Wells Fargo Bank, N.A.","Wells Fargo Bank, N.A.",,4.375,4.375,155000.0,,61359.81,180,72009,92009,89.0,91.0,58.0,82024.0,62,62,2,36,795,795.0,N,R,SF,1,P,MN,33460,550,,FRM,N,N,,,00,,N,,,,,,,,,,,,,,,,,,,,,,,,,,,,,,,,N,,,,,,,N,,,,,,N,,,,,,,,,,,,,,,,N,,,,,,2017-01-01,2009-07-01,,0.0,3.0,1.0,2.0,0,0,0,0.0,0.0,0,0,,,0,0,1,2009,3,0,0,0,100,2232,12.61904761904762,0.0,0,0.0,0,0,0,0.0,0,0.0,0,Current,None,0
,100039488159,22017,R,"Wells Fargo Bank, N.A.","Wells Fargo Bank, N.A.",,4.375,4.375,155000.0,,61359.81,180,72009,92009,90.0,90.0,58.0,82024.0,62,62,2,36,795,795.0,N,R,SF,1,P,MN,33460,550,,FRM,N,N,,,00,,N,,,,,,,,,,,,,,,,,,,,,,,,,,,,,,,,N,,,,,,,N,,,,,,N,,,,,,,,,,,,,,,,N,,,,,,2017-02-01,2009-07-01,,0.0,3.0,1.0,2.0,0,0,0,0.0,0.0,0,0,,,0,0,1,2009,3,0,0,0,100,2232,12.61904761904762,0.0,0,0.0,0,0,0,0.0,0,0.0,0,Current,None,0
,100039488159,32017,R,"Wells Fargo Bank, N.A.","Wells Fargo Bank, N.A.",,4.375,4.375,155000.0,,58635.13,180,72009,92009,91.0,89.0,56.0,82024.0,62,62,2,36,795,795.0,N,R,SF,1,P,MN,33460,550,,FRM,N,N,,,00,,N,,,,,,,,,,,,,,,,,,,,,,,,,,,,,,,,N,,,,,,,N,,,,,,N,,,,,,,,,,,,,,,,N,,,,,,2017-03-01,2009-07-01,,0.0,3.0,1.0,2.0,0,0,0,0.0,0.0,0,0,,,0,0,1,2009,3,0,0,0,100,2232,12.61904761904762,0.0,0,0.0,0,0,0,0.0,0,0.0,0,Current,None,0
,100050465903,82009,R,"Pnc Bank, N.A.","Pnc Bank, N.A.",,5.5,5.5,620000.0,,0.0,360,72009,92009,0.0,360.0,360.0,82039.0,74,84,2,54,710,720.0,N,R,SF,1,P,VA,47900,201,,FRM,N,N,,,00,,N,,,,,,,,,,,,,,,,,,,,,,,,,,,,,,,,N,,,,,,,N,,,,,,N,,,,,,,,,,,,,,,,N,,,,,,2009-08-01,2009-07-01,,0.0,2.0,1.0,3.0,0,0,0,0.0,0.0,0,0,,,0,0,1,2009,2,0,0,0,100,3996,9.466666666666669,0.0,0,0.0,0,0,0,0.0,0,0.0,0,Current,None,0
,100050465903,92009,R,"Pnc Bank, N.A.","Pnc Bank, N.A.",,5.5,5.5,620000.0,,0.0,360,72009,92009,1.0,359.0,359.0,82039.0,74,84,2,54,710,720.0,N,R,SF,1,P,VA,47900,201,,FRM,N,N,,,00,,N,,,,,,,,,,,,,,,,,,,,,,,,,,,,,,,,N,,,,,,,N,,,,,,N,,,,,,,,,,,,,,,,N,,,,,,2009-09-01,2009-07-01,,0.0,2.0,1.0,3.0,0,0,0,0.0,0.0,0,0,,,0,0,1,2009,2,0,0,0,100,3996,9.466666666666669,0.0,0,0.0,0,0,0,0.0,0,0.0,0,Current,None,0
,100050465903,102009,R,"Pnc Bank, N.A.","Pnc Bank, N.A.",,5.5,5.5,620000.0,,0.0,360,72009,92009,2.0,358.0,358.0,82039.0,74,84,2,54,710,720.0,N,R,SF,1,P,VA,47900,201,,FRM,N,N,,,00,,N,,,,,,,,,,,,,,,,,,,,,,,,,,,,,,,,N,,,,,,,N,,,,,,N,,,,,,,,,,,,,,,,N,,,,,,2009-10-01,2009-07-01,,0.0,2.0,1.0,3.0,0,0,0,0.0,0.0,0,0,,,0,0,1,2009,2,0,0,0,100,3996,9.466666666666669,0.0,0,0.0,0,0,0,0.0,0,0.0,0,Current,None,0
,100050465903,112009,R,"Pnc Bank, N.A.","Pnc Bank, N.A.",,5.5,5.5,620000.0,,0.0,360,72009,92009,3.0,357.0,357.0,82039.0,74,84,2,54,710,720.0,N,R,SF,1,P,VA,47900,201,,FRM,N,N,,,00,,N,,,,,,,,,,,,,,,,,,,,,,,,,,,,,,,,N,,,,,,,N,,,,,,N,,,,,,,,,,,,,,,,N,,,,,,2009-11-01,2009-07-01,,0.0,2.0,1.0,3.0,0,0,0,0.0,0.0,0,0,,,0,0,1,2009,2,0,0,0,100,3996,9.466666666666669,0.0,0,0.0,0,0,0,0.0,0,0.0,0,Current,None,0
,100050465903,122009,R,"Pnc Bank, N.A.","Pnc Bank, N.A.",,5.5,5.5,620000.0,,0.0,360,72009,92009,4.0,356.0,356.0,82039.0,74,84,2,54,710,720.0,N,R,SF,1,P,VA,47900,201,,FRM,N,N,,,00,,N,,,,,,,,,,,,,,,,,,,,,,,,,,,,,,,,N,,,,,,,N,,,,,,N,,,,,,,,,,,,,,,,N,,,,,,2009-12-01,2009-07-01,,0.0,2.0,1.0,3.0,0,0,0,0.0,0.0,0,0,,,0,0,1,2009,2,0,0,0,100,3996,9.466666666666669,0.0,0,0.0,0,0,0,0.0,0,0.0,0,Current,None,0
,100050465903,12010,R,"Pnc Bank, N.A.","Pnc Bank, N.A.",,5.5,5.5,620000.0,,0.0,360,72009,92009,5.0,355.0,355.0,82039.0,74,84,2,54,710,720.0,N,R,SF,1,P,VA,47900,201,,FRM,N,N,,,00,,N,,,,,,,,,,,,,,,,,,,,,,,,,,,,,,,,N,,,,,,,N,,,,,,N,,,,,,,,,,,,,,,,N,,,,,,2010-01-01,2009-07-01,,0.0,2.0,1.0,3.0,0,0,0,0.0,0.0,0,0,,,0,0,1,2009,2,0,0,0,100,3996,9.466666666666669,0.0,0,0.0,0,0,0,0.0,0,0.0,0,Current,None,0
,100050465903,22010,R,"Pnc Bank, N.A.","Pnc Bank, N.A.",,5.5,5.5,620000.0,,615881.26,360,72009,92009,6.0,354.0,354.0,82039.0,74,84,2,54,710,720.0,N,R,SF,1,P,VA,47900,201,,FRM,N,N,,,00,,N,,,,,,,,,,,,,,,,,,,,,,,,,,,,,,,,N,,,,,,,N,,,,,,N,,,,,,,,,,,,,,,,N,,,,,,2010-02-01,2009-07-01,,0.0,2.0,1.0,3.0,0,0,0,0.0,0.0,0,0,,,0,0,1,2009,2,0,0,0,100,3996,9.466666666666669,0.0,0,0.0,0,0,0,0.0,0,0.0,0,Current,None,0
,100050465903,32010,R,"Pnc Bank, N.A.","Pnc Bank, N.A.",,5.5,5.5,620000.0,,615183.75,360,72009,92009,7.0,353.0,353.0,82039.0,74,84,2,54,710,720.0,N,R,SF,1,P,VA,47900,201,,FRM,N,N,,,00,,N,,,,,,,,,,,,,,,,,,,,,,,,,,,,,,,,N,,,,,,,N,,,,,,N,,,,,,,,,,,,,,,,N,,,,,,2010-03-01,2009-07-01,,0.0,2.0,1.0,3.0,0,0,0,0.0,0.0,0,0,,,0,0,1,2009,2,0,0,0,100,3996,9.466666666666669,0.0,0,0.0,0,0,0,0.0,0,0.0,0,Current,None,0
,100050465903,42010,R,"Pnc Bank, N.A.","Pnc Bank, N.A.",,5.5,5.5,620000.0,,614483.04,360,72009,92009,8.0,352.0,352.0,82039.0,74,84,2,54,710,720.0,N,R,SF,1,P,VA,47900,201,,FRM,N,N,,,00,,N,,,,,,,,,,,,,,,,,,,,,,,,,,,,,,,,N,,,,,,,N,,,,,,N,,,,,,,,,,,,,,,,N,,,,,,2010-04-01,2009-07-01,,0.0,2.0,1.0,3.0,0,0,0,0.0,0.0,0,0,,,0,0,1,2009,2,0,0,0,100,3996,9.466666666666669,0.0,0,0.0,0,0,0,0.0,0,0.0,0,Current,None,0
,100050465903,52010,R,"Pnc Bank, N.A.","Pnc Bank, N.A.",,5.5,5.5,620000.0,,613779.12,360,72009,92009,9.0,351.0,351.0,82039.0,74,84,2,54,710,720.0,N,R,SF,1,P,VA,47900,201,,FRM,N,N,,,00,,N,,,,,,,,,,,,,,,,,,,,,,,,,,,,,,,,N,,,,,,,N,,,,,,N,,,,,,,,,,,,,,,,N,,,,,,2010-05-01,2009-07-01,,0.0,2.0,1.0,3.0,0,0,0,0.0,0.0,0,0,,,0,0,1,2009,2,0,0,0,100,3996,9.466666666666669,0.0,0,0.0,0,0,0,0.0,0,0.0,0,Current,None,0
,100050465903,62010,R,"Pnc Bank, N.A.","Pnc Bank, N.A.",,5.5,5.5,620000.0,,613071.97,360,72009,92009,10.0,350.0,350.0,82039.0,74,84,2,54,710,720.0,N,R,SF,1,P,VA,47900,201,,FRM,N,N,,,00,,N,,,,,,,,,,,,,,,,,,,,,,,,,,,,,,,,N,,,,,,,N,,,,,,N,,,,,,,,,,,,,,,,N,,,,,,2010-06-01,2009-07-01,,0.0,2.0,1.0,3.0,0,0,0,0.0,0.0,0,0,,,0,0,1,2009,2,0,0,0,100,3996,9.466666666666669,0.0,0,0.0,0,0,0,0.0,0,0.0,0,Current,None,0
,100050465903,72010,R,"Pnc Bank, N.A.","Pnc Bank, N.A.",,5.5,5.5,620000.0,,612361.58,360,72009,92009,11.0,349.0,349.0,82039.0,74,84,2,54,710,720.0,N,R,SF,1,P,VA,47900,201,,FRM,N,N,,,00,,N,,,,,,,,,,,,,,,,,,,,,,,,,,,,,,,,N,,,,,,,N,,,,,,N,,,,,,,,,,,,,,,,N,,,,,,2010-07-01,2009-07-01,,0.0,2.0,1.0,3.0,0,0,0,0.0,0.0,0,0,,,0,0,1,2009,2,0,0,0,100,3996,9.466666666666669,0.0,0,0.0,0,0,0,0.0,0,0.0,0,Current,None,0
,100050465903,82010,R,"Pnc Bank, N.A.","Pnc Bank, N.A.",,5.5,5.5,620000.0,,611474.78,360,72009,92009,12.0,348.0,348.0,82039.0,74,84,2,54,710,720.0,N,R,SF,1,P,VA,47900,201,,FRM,N,N,,,00,,N,,,,,,,,,,,,,,,,,,,,,,,,,,,,,,,,N,,,,,,,N,,,,,,N,,,,,,,,,,,,,,,,N,,,,,,2010-08-01,2009-07-01,,0.0,2.0,1.0,3.0,0,0,0,0.0,0.0,0,0,,,0,0,1,2009,2,0,0,0,100,3996,9.466666666666669,0.0,0,0.0,0,0,0,0.0,0,0.0,0,Current,None,0
,100050465903,92010,R,"Pnc Bank, N.A.","Pnc Bank, N.A.",,5.5,5.5,620000.0,,610757.07,360,72009,92009,13.0,347.0,347.0,82039.0,74,84,2,54,710,720.0,N,R,SF,1,P,VA,47900,201,,FRM,N,N,,,00,,N,,,,,,,,,,,,,,,,,,,,,,,,,,,,,,,,N,,,,,,,N,,,,,,N,,,,,,,,,,,,,,,,N,,,,,,2010-09-01,2009-07-01,,0.0,2.0,1.0,3.0,0,0,0,0.0,0.0,0,0,,,0,0,1,2009,2,0,0,0,100,3996,9.466666666666669,0.0,0,0.0,0,0,0,0.0,0,0.0,0,Current,None,0
,100050465903,102010,R,"Pnc Bank, N.A.","Pnc Bank, N.A.",,5.5,5.5,620000.0,,610036.07,360,72009,92009,14.0,346.0,346.0,82039.0,74,84,2,54,710,720.0,N,R,SF,1,P,VA,47900,201,,FRM,N,N,,,00,,N,,,,,,,,,,,,,,,,,,,,,,,,,,,,,,,,N,,,,,,,N,,,,,,N,,,,,,,,,,,,,,,,N,,,,,,2010-10-01,2009-07-01,,0.0,2.0,1.0,3.0,0,0,0,0.0,0.0,0,0,,,0,0,1,2009,2,0,0,0,100,3996,9.466666666666669,0.0,0,0.0,0,0,0,0.0,0,0.0,0,Current,None,0
,100050465903,112010,R,"Pnc Bank, N.A.","Pnc Bank, N.A.",,5.5,5.5,620000.0,,609311.77,360,72009,92009,15.0,345.0,345.0,82039.0,74,84,2,54,710,720.0,N,R,SF,1,P,VA,47900,201,,FRM,N,N,,,00,,N,,,,,,,,,,,,,,,,,,,,,,,,,,,,,,,,N,,,,,,,N,,,,,,N,,,,,,,,,,,,,,,,N,,,,,,2010-11-01,2009-07-01,,0.0,2.0,1.0,3.0,0,0,0,0.0,0.0,0,0,,,0,0,1,2009,2,0,0,0,100,3996,9.466666666666669,0.0,0,0.0,0,0,0,0.0,0,0.0,0,Current,None,0
,100050465903,122010,R,"Pnc Bank, N.A.","Pnc Bank, N.A.",,5.5,5.5,620000.0,,608584.15,360,72009,92009,16.0,344.0,344.0,82039.0,74,84,2,54,710,720.0,N,R,SF,1,P,VA,47900,201,,FRM,N,N,,,00,,N,,,,,,,,,,,,,,,,,,,,,,,,,,,,,,,,N,,,,,,,N,,,,,,N,,,,,,,,,,,,,,,,N,,,,,,2010-12-01,2009-07-01,,0.0,2.0,1.0,3.0,0,0,0,0.0,0.0,0,0,,,0,0,1,2009,2,0,0,0,100,3996,9.466666666666669,0.0,0,0.0,0,0,0,0.0,0,0.0,0,Current,None,0
,100050465903,12011,R,"Pnc Bank, N.A.","Pnc Bank, N.A.",,5.5,5.5,620000.0,,607853.19,360,72009,92009,17.0,343.0,343.0,82039.0,74,84,2,54,710,720.0,N,R,SF,1,P,VA,47900,201,,FRM,N,N,,,00,,N,,,,,,,,,,,,,,,,,,,,,,,,,,,,,,,,N,,,,,,,N,,,,,,N,,,,,,,,,,,,,,,,N,,,,,,2011-01-01,2009-07-01,,0.0,2.0,1.0,3.0,0,0,0,0.0,0.0,0,0,,,0,0,1,2009,2,0,0,0,100,3996,9.466666666666669,0.0,0,0.0,0,0,0,0.0,0,0.0,0,Current,None,0
,100050465903,22011,R,"Pnc Bank, N.A.","Pnc Bank, N.A.",,5.5,5.5,620000.0,,607118.88,360,72009,92009,18.0,342.0,342.0,82039.0,74,84,2,54,710,720.0,N,R,SF,1,P,VA,47900,201,,FRM,N,N,,,00,,N,,,,,,,,,,,,,,,,,,,,,,,,,,,,,,,,N,,,,,,,N,,,,,,N,,,,,,,,,,,,,,,,N,,,,,,2011-02-01,2009-07-01,,0.0,2.0,1.0,3.0,0,0,0,0.0,0.0,0,0,,,0,0,1,2009,2,0,0,0,100,3996,9.466666666666669,0.0,0,0.0,0,0,0,0.0,0,0.0,0,Current,None,0
,100050465903,32011,R,"Pnc Bank, N.A.","Pnc Bank, N.A.",,5.5,5.5,620000.0,,606381.21,360,72009,92009,19.0,341.0,341.0,82039.0,74,84,2,54,710,720.0,N,R,SF,1,P,VA,47900,201,,FRM,N,N,,,00,,N,,,,,,,,,,,,,,,,,,,,,,,,,,,,,,,,N,,,,,,,N,,,,,,N,,,,,,,,,,,,,,,,N,,,,,,2011-03-01,2009-07-01,,0.0,2.0,1.0,3.0,0,0,0,0.0,0.0,0,0,,,0,0,1,2009,2,0,0,0,100,3996,9.466666666666669,0.0,0,0.0,0,0,0,0.0,0,0.0,0,Current,None,0
,100050465903,42011,R,"Pnc Bank, N.A.","Pnc Bank, N.A.",,5.5,5.5,620000.0,,605640.16,360,72009,92009,20.0,340.0,340.0,82039.0,74,84,2,54,710,720.0,N,R,SF,1,P,VA,47900,201,,FRM,N,N,,,00,,N,,,,,,,,,,,,,,,,,,,,,,,,,,,,,,,,N,,,,,,,N,,,,,,N,,,,,,,,,,,,,,,,N,,,,,,2011-04-01,2009-07-01,,0.0,2.0,1.0,3.0,0,0,0,0.0,0.0,0,0,,,0,0,1,2009,2,0,0,0,100,3996,9.466666666666669,0.0,0,0.0,0,0,0,0.0,0,0.0,0,Current,None,0
,100050465903,52011,R,"Pnc Bank, N.A.","Pnc Bank, N.A.",,5.5,5.5,620000.0,,604895.71,360,72009,92009,21.0,339.0,339.0,82039.0,74,84,2,54,710,720.0,N,R,SF,1,P,VA,47900,201,,FRM,N,N,,,00,,N,,,,,,,,,,,,,,,,,,,,,,,,,,,,,,,,N,,,,,,,N,,,,,,N,,,,,,,,,,,,,,,,N,,,,,,2011-05-01,2009-07-01,,0.0,2.0,1.0,3.0,0,0,0,0.0,0.0,0,0,,,0,0,1,2009,2,0,0,0,100,3996,9.466666666666669,0.0,0,0.0,0,0,0,0.0,0,0.0,0,Current,None,0
,100050465903,62011,R,"Pnc Bank, N.A.","Pnc Bank, N.A.",,5.5,5.5,620000.0,,604147.85,360,72009,92009,22.0,338.0,338.0,82039.0,74,84,2,54,710,720.0,N,R,SF,1,P,VA,47900,201,,FRM,N,N,,,00,,N,,,,,,,,,,,,,,,,,,,,,,,,,,,,,,,,N,,,,,,,N,,,,,,N,,,,,,,,,,,,,,,,N,,,,,,2011-06-01,2009-07-01,,0.0,2.0,1.0,3.0,0,0,0,0.0,0.0,0,0,,,0,0,1,2009,2,0,0,0,100,3996,9.466666666666669,0.0,0,0.0,0,0,0,0.0,0,1.0,1,Current,None,0
,100050465903,72011,R,"Pnc Bank, N.A.","Pnc Bank, N.A.",,5.5,5.5,620000.0,,603396.56,360,72009,92009,23.0,337.0,337.0,82039.0,74,84,2,54,710,720.0,N,R,SF,1,P,VA,47900,201,,FRM,N,N,,,00,,N,,,,,,,,,,,,,,,,,,,,,,,,,,,,,,,,N,,,,,,,N,,,,,,N,,,,,,,,,,,,,,,,N,,,,,,2011-07-01,2009-07-01,,0.0,2.0,1.0,3.0,0,0,0,0.0,0.0,0,0,,,0,0,1,2009,2,0,0,0,100,3996,9.466666666666669,0.0,0,0.0,0,0,0,0.0,0,1.0,1,Current,None,0
,100050465903,82011,R,"Pnc Bank, N.A.","Pnc Bank, N.A.",,5.5,5.5,620000.0,,602641.83,360,72009,92009,24.0,336.0,336.0,82039.0,74,84,2,54,710,720.0,N,R,SF,1,P,VA,47900,201,,FRM,N,N,,,00,,N,,,,,,,,,,,,,,,,,,,,,,,,,,,,,,,,N,,,,,,,N,,,,,,N,,,,,,,,,,,,,,,,N,,,,,,2011-08-01,2009-07-01,,0.0,2.0,1.0,3.0,0,0,0,0.0,0.0,0,0,,,0,0,1,2009,2,0,0,0,100,3996,9.466666666666669,0.0,0,0.0,0,0,0,0.0,0,1.0,1,Current,None,0
,100050465903,92011,R,"Pnc Bank, N.A.","Pnc Bank, N.A.",,5.5,5.5,620000.0,,601883.64,360,72009,92009,25.0,335.0,335.0,82039.0,74,84,2,54,710,720.0,N,R,SF,1,P,VA,47900,201,,FRM,N,N,,,00,,N,,,,,,,,,,,,,,,,,,,,,,,,,,,,,,,,N,,,,,,,N,,,,,,N,,,,,,,,,,,,,,,,N,,,,,,2011-09-01,2009-07-01,,0.0,2.0,1.0,3.0,0,0,0,0.0,0.0,0,0,,,0,0,1,2009,2,0,0,0,100,3996,9.466666666666669,0.0,0,0.0,0,0,0,0.0,0,1.0,1,Current,None,0
,100050465903,102011,R,"Pnc Bank, N.A.","Pnc Bank, N.A.",,5.5,5.5,620000.0,,601121.97,360,72009,92009,26.0,334.0,334.0,82039.0,74,84,2,54,710,720.0,N,R,SF,1,P,VA,47900,201,,FRM,N,N,,,00,,N,,,,,,,,,,,,,,,,,,,,,,,,,,,,,,,,N,,,,,,,N,,,,,,N,,,,,,,,,,,,,,,,N,,,,,,2011-10-01,2009-07-01,,0.0,2.0,1.0,3.0,0,0,0,0.0,0.0,0,0,,,0,0,1,2009,2,0,0,0,100,3996,9.466666666666669,0.0,0,0.0,0,0,0,0.0,0,1.0,1,Current,None,0
,100050465903,112011,R,"Pnc Bank, N.A.","Pnc Bank, N.A.",,5.5,5.5,620000.0,,600356.81,360,72009,92009,27.0,333.0,333.0,82039.0,74,84,2,54,710,720.0,N,R,SF,1,P,VA,47900,201,,FRM,N,N,,,00,,N,,,,,,,,,,,,,,,,,,,,,,,,,,,,,,,,N,,,,,,,N,,,,,,N,,,,,,,,,,,,,,,,N,,,,,,2011-11-01,2009-07-01,,0.0,2.0,1.0,3.0,0,0,0,0.0,0.0,0,0,,,0,0,1,2009,2,0,0,0,100,3996,9.466666666666669,0.0,0,0.0,0,0,0,0.0,0,1.0,1,Current,None,0
,100050465903,122011,R,"Pnc Bank, N.A.","Pnc Bank, N.A.",,5.5,5.5,620000.0,,599588.15,360,72009,92009,28.0,332.0,332.0,82039.0,74,84,2,54,710,720.0,N,R,SF,1,P,VA,47900,201,,FRM,N,N,,,00,,N,,,,,,,,,,,,,,,,,,,,,,,,,,,,,,,,N,,,,,,,N,,,,,,N,,,,,,,,,,,,,,,,N,,,,,,2011-12-01,2009-07-01,,0.0,2.0,1.0,3.0,0,0,0,0.0,0.0,0,0,,,0,0,1,2009,2,0,0,0,100,3996,9.466666666666669,0.0,0,0.0,0,0,0,0.0,0,1.0,1,Current,None,0
,100050465903,12012,R,"Pnc Bank, N.A.","Pnc Bank, N.A.",,5.5,5.5,620000.0,,598815.96,360,72009,92009,29.0,331.0,331.0,82039.0,74,84,2,54,710,720.0,N,R,SF,1,P,VA,47900,201,,FRM,N,N,,,00,,N,,,,,,,,,,,,,,,,,,,,,,,,,,,,,,,,N,,,,,,,N,,,,,,N,,,,,,,,,,,,,,,,N,,,,,,2012-01-01,2009-07-01,,0.0,2.0,1.0,3.0,0,0,0,0.0,0.0,0,0,,,0,0,1,2009,2,0,0,0,100,3996,9.466666666666669,0.0,0,0.0,0,0,0,0.0,0,1.0,1,Current,None,0
,100050465903,22012,R,"Pnc Bank, N.A.","Pnc Bank, N.A.",,5.5,5.5,620000.0,,597839.22,360,72009,92009,30.0,330.0,330.0,82039.0,74,84,2,54,710,720.0,N,R,SF,1,P,VA,47900,201,,FRM,N,N,,,00,,N,,,,,,,,,,,,,,,,,,,,,,,,,,,,,,,,N,,,,,,,N,,,,,,N,,,,,,,,,,,,,,,,N,,,,,,2012-02-01,2009-07-01,,0.0,2.0,1.0,3.0,0,0,0,0.0,0.0,0,0,,,0,0,1,2009,2,0,0,0,100,3996,9.466666666666669,0.0,0,0.0,0,0,0,0.0,0,1.0,1,Current,None,0
,100050465903,32012,R,"Pnc Bank, N.A.","Pnc Bank, N.A.",,5.5,5.5,620000.0,,597059.02,360,72009,92009,31.0,329.0,329.0,82039.0,74,84,2,54,710,720.0,N,R,SF,1,P,VA,47900,201,,FRM,N,N,,,00,,N,,,,,,,,,,,,,,,,,,,,,,,,,,,,,,,,N,,,,,,,N,,,,,,N,,,,,,,,,,,,,,,,N,,,,,,2012-03-01,2009-07-01,,0.0,2.0,1.0,3.0,0,0,0,0.0,0.0,0,0,,,0,0,1,2009,2,0,0,0,100,3996,9.466666666666669,0.0,0,0.0,0,0,0,0.0,0,1.0,1,Current,None,0
,100050465903,42012,R,"Pnc Bank, N.A.","Pnc Bank, N.A.",,5.5,5.5,620000.0,,596275.24,360,72009,92009,32.0,328.0,328.0,82039.0,74,84,2,54,710,720.0,N,R,SF,1,P,VA,47900,201,,FRM,N,N,,,00,,N,,,,,,,,,,,,,,,,,,,,,,,,,,,,,,,,N,,,,,,,N,,,,,,N,,,,,,,,,,,,,,,,N,,,,,,2012-04-01,2009-07-01,,0.0,2.0,1.0,3.0,0,0,0,0.0,0.0,0,0,,,0,0,1,2009,2,0,0,0,100,3996,9.466666666666669,0.0,0,0.0,0,0,0,0.0,0,1.0,1,Current,None,0
,100050465903,52012,R,"Pnc Bank, N.A.","Pnc Bank, N.A.",,5.5,5.5,620000.0,,595487.87,360,72009,92009,33.0,327.0,327.0,82039.0,74,84,2,54,710,720.0,N,R,SF,1,P,VA,47900,201,,FRM,N,N,,,00,,N,,,,,,,,,,,,,,,,,,,,,,,,,,,,,,,,N,,,,,,,N,,,,,,N,,,,,,,,,,,,,,,,N,,,,,,2012-05-01,2009-07-01,,0.0,2.0,1.0,3.0,0,0,0,0.0,0.0,0,0,,,0,0,1,2009,2,0,0,0,100,3996,9.466666666666669,0.0,0,0.0,0,0,0,0.0,0,1.0,1,Prepaid,None,0
,100050465903,62012,R,"Pnc Bank, N.A.",,,5.5,,620000.0,,0.0,360,72009,92009,0.0,360.0,,,74,84,2,54,710,720.0,N,R,SF,1,P,VA,47900,201,,FRM,N,N,,,XX,,,,1.0,62012.0,595487.87,,,,,,,,,,,,,,,,,,,,,,,,,,,,,,,,,,,N,,,,,,N,,,,,,,,,,,,,,,,N,,N,,,,2012-06-01,2009-07-01,,,2.0,1.0,3.0,0,0,0,0.0,0.0,0,0,,,0,0,1,2009,2,0,0,0,100,3996,9.466666666666669,0.0,0,0.0,0,0,1,0.0,0,0.0,0,,None,0
,100352555665,92009,R,"Jpmorgan Chase Bank, National Association","Jp Morgan Chase Bank, Na",,4.625,4.625,165000.0,,0.0,360,92009,112009,-1.0,361.0,360.0,102039.0,75,75,1,19,762,,N,C,SF,2,P,CA,17020,959,,FRM,N,N,,,00,,N,,,,,,,,,,,,,,,,,,,,,,,,,,,,,,,,N,,,,,,,N,,,,,,N,,,,,,,,,,,,,,,,N,,,,,,2009-09-01,2009-09-01,,0.0,3.0,1.0,0.0,0,0,0,0.0,0.0,0,0,,,0,0,1,2009,0,0,0,0,100,1425,10.026315789473683,0.0,0,0.0,0,0,0,0.0,0,0.0,0,Current,None,0
,100352555665,102009,R,"Jpmorgan Chase Bank, National Association","Jp Morgan Chase Bank, Na",,4.625,4.625,165000.0,,0.0,360,92009,112009,0.0,360.0,360.0,102039.0,75,75,1,19,762,,N,C,SF,2,P,CA,17020,959,,FRM,N,N,,,00,,N,,,,,,,,,,,,,,,,,,,,,,,,,,,,,,,,N,,,,,,,N,,,,,,N,,,,,,,,,,,,,,,,N,,,,,,2009-10-01,2009-09-01,,0.0,3.0,1.0,0.0,0,0,0,0.0,0.0,0,0,,,0,0,1,2009,0,0,0,0,100,1425,10.026315789473683,0.0,0,0.0,0,0,0,0.0,0,0.0,0,Current,None,0
,100352555665,112009,R,"Jpmorgan Chase Bank, National Association","Jp Morgan Chase Bank, Na",,4.625,4.625,165000.0,,0.0,360,92009,112009,1.0,359.0,359.0,102039.0,75,75,1,19,762,,N,C,SF,2,P,CA,17020,959,,FRM,N,N,,,00,,N,,,,,,,,,,,,,,,,,,,,,,,,,,,,,,,,N,,,,,,,N,,,,,,N,,,,,,,,,,,,,,,,N,,,,,,2009-11-01,2009-09-01,,0.0,3.0,1.0,0.0,0,0,0,0.0,0.0,0,0,,,0,0,1,2009,0,0,0,0,100,1425,10.026315789473683,0.0,0,0.0,0,0,0,0.0,0,0.0,0,Current,None,0
,100352555665,122009,R,"Jpmorgan Chase Bank, National Association","Jp Morgan Chase Bank, Na",,4.625,4.625,165000.0,,0.0,360,92009,112009,2.0,358.0,358.0,102039.0,75,75,1,19,762,,N,C,SF,2,P,CA,17020,959,,FRM,N,N,,,00,,N,,,,,,,,,,,,,,,,,,,,,,,,,,,,,,,,N,,,,,,,N,,,,,,N,,,,,,,,,,,,,,,,N,,,,,,2009-12-01,2009-09-01,,0.0,3.0,1.0,0.0,0,0,0,0.0,0.0,0,0,,,0,0,1,2009,0,0,0,0,100,1425,10.026315789473683,0.0,0,0.0,0,0,0,0.0,0,0.0,0,Current,None,0
,100352555665,12010,R,"Jpmorgan Chase Bank, National Association","Jp Morgan Chase Bank, Na",,4.625,4.625,165000.0,,0.0,360,92009,112009,3.0,357.0,357.0,102039.0,75,75,1,19,762,,N,C,SF,2,P,CA,17020,959,,FRM,N,N,,,00,,N,,,,,,,,,,,,,,,,,,,,,,,,,,,,,,,,N,,,,,,,N,,,,,,N,,,,,,,,,,,,,,,,N,,,,,,2010-01-01,2009-09-01,,0.0,3.0,1.0,0.0,0,0,0,0.0,0.0,0,0,,,0,0,1,2009,0,0,0,0,100,1425,10.026315789473683,0.0,0,0.0,0,0,0,0.0,0,0.0,0,Current,None,0
,100352555665,22010,R,"Jpmorgan Chase Bank, National Association","Jp Morgan Chase Bank, Na",,4.625,4.625,165000.0,,0.0,360,92009,112009,4.0,356.0,356.0,102039.0,75,75,1,19,762,,N,C,SF,2,P,CA,17020,959,,FRM,N,N,,,00,,N,,,,,,,,,,,,,,,,,,,,,,,,,,,,,,,,N,,,,,,,N,,,,,,N,,,,,,,,,,,,,,,,N,,,,,,2010-02-01,2009-09-01,,0.0,3.0,1.0,0.0,0,0,0,0.0,0.0,0,0,,,0,0,1,2009,0,0,0,0,100,1425,10.026315789473683,0.0,0,0.0,0,0,0,0.0,0,0.0,0,Current,None,0
,100352555665,32010,R,"Jpmorgan Chase Bank, National Association","Jp Morgan Chase Bank, Na",,4.625,4.625,165000.0,,163929.82,360,92009,112009,5.0,355.0,355.0,102039.0,75,75,1,19,762,,N,C,SF,2,P,CA,17020,959,,FRM,N,N,,,00,,N,,,,,,,,,,,,,,,,,,,,,,,,,,,,,,,,N,,,,,,,N,,,,,,N,,,,,,,,,,,,,,,,N,,,,,,2010-03-01,2009-09-01,,0.0,3.0,1.0,0.0,0,0,0,0.0,0.0,0,0,,,0,0,1,2009,0,0,0,0,100,1425,10.026315789473683,0.0,0,0.0,0,0,0,0.0,0,0.0,0,Current,None,0
,100352555665,42010,R,"Jpmorgan Chase Bank, National Association","Jp Morgan Chase Bank, Na",,4.625,4.625,165000.0,,163713.3,360,92009,112009,6.0,354.0,354.0,102039.0,75,75,1,19,762,,N,C,SF,2,P,CA,17020,959,,FRM,N,N,,,00,,N,,,,,,,,,,,,,,,,,,,,,,,,,,,,,,,,N,,,,,,,N,,,,,,N,,,,,,,,,,,,,,,,N,,,,,,2010-04-01,2009-09-01,,0.0,3.0,1.0,0.0,0,0,0,0.0,0.0,0,0,,,0,0,1,2009,0,0,0,0,100,1425,10.026315789473683,0.0,0,0.0,0,0,0,0.0,0,0.0,0,Current,None,0
,100352555665,52010,R,"Jpmorgan Chase Bank, National Association","Jp Morgan Chase Bank, Na",,4.625,4.625,165000.0,,163495.95,360,92009,112009,7.0,353.0,353.0,102039.0,75,75,1,19,762,,N,C,SF,2,P,CA,17020,959,,FRM,N,N,,,00,,N,,,,,,,,,,,,,,,,,,,,,,,,,,,,,,,,N,,,,,,,N,,,,,,N,,,,,,,,,,,,,,,,N,,,,,,2010-05-01,2009-09-01,,0.0,3.0,1.0,0.0,0,0,0,0.0,0.0,0,0,,,0,0,1,2009,0,0,0,0,100,1425,10.026315789473683,0.0,0,0.0,0,0,0,0.0,0,0.0,0,Current,None,0
,100352555665,62010,R,"Jpmorgan Chase Bank, National Association","Jp Morgan Chase Bank, Na",,4.625,4.625,165000.0,,163277.76,360,92009,112009,8.0,352.0,352.0,102039.0,75,75,1,19,762,,N,C,SF,2,P,CA,17020,959,,FRM,N,N,,,00,,N,,,,,,,,,,,,,,,,,,,,,,,,,,,,,,,,N,,,,,,,N,,,,,,N,,,,,,,,,,,,,,,,N,,,,,,2010-06-01,2009-09-01,,0.0,3.0,1.0,0.0,0,0,0,0.0,0.0,0,0,,,0,0,1,2009,0,0,0,0,100,1425,10.026315789473683,0.0,0,1.0,1,0,0,0.0,0,0.0,0,Current,None,0
,100352555665,72010,R,"Jpmorgan Chase Bank, National Association","Jp Morgan Chase Bank, Na",,4.625,4.625,165000.0,,163058.73,360,92009,112009,9.0,351.0,351.0,102039.0,75,75,1,19,762,,N,C,SF,2,P,CA,17020,959,,FRM,N,N,,,00,,N,,,,,,,,,,,,,,,,,,,,,,,,,,,,,,,,N,,,,,,,N,,,,,,N,,,,,,,,,,,,,,,,N,,,,,,2010-07-01,2009-09-01,,0.0,3.0,1.0,0.0,0,0,0,0.0,0.0,0,0,,,0,0,1,2009,0,0,0,0,100,1425,10.026315789473683,0.0,0,1.0,1,0,0,0.0,0,0.0,0,Current,None,0
,100352555665,82010,R,"Jpmorgan Chase Bank, National Association","Jp Morgan Chase Bank, Na",,4.625,4.625,165000.0,,162838.86,360,92009,112009,10.0,350.0,350.0,102039.0,75,75,1,19,762,,N,C,SF,2,P,CA,17020,959,,FRM,N,N,,,00,,N,,,,,,,,,,,,,,,,,,,,,,,,,,,,,,,,N,,,,,,,N,,,,,,N,,,,,,,,,,,,,,,,N,,,,,,2010-08-01,2009-09-01,,0.0,3.0,1.0,0.0,0,0,0,0.0,0.0,0,0,,,0,0,1,2009,0,0,0,0,100,1425,10.026315789473683,0.0,0,1.0,1,0,0,0.0,0,0.0,0,Current,None,0
,100352555665,92010,R,"Jpmorgan Chase Bank, National Association","Jp Morgan Chase Bank, Na",,4.625,4.625,165000.0,,162618.14,360,92009,112009,11.0,349.0,349.0,102039.0,75,75,1,19,762,,N,C,SF,2,P,CA,17020,959,,FRM,N,N,,,00,,N,,,,,,,,,,,,,,,,,,,,,,,,,,,,,,,,N,,,,,,,N,,,,,,N,,,,,,,,,,,,,,,,N,,,,,,2010-09-01,2009-09-01,,0.0,3.0,1.0,0.0,0,0,0,0.0,0.0,0,0,,,0,0,1,2009,0,0,0,0,100,1425,10.026315789473683,1.0,1,1.0,1,0,0,0.0,0,0.0,0,Current,None,0
,100352555665,102010,R,"Jpmorgan Chase Bank, National Association","Jp Morgan Chase Bank, Na",,4.625,4.625,165000.0,,162396.57,360,92009,112009,12.0,348.0,348.0,102039.0,75,75,1,19,762,,N,C,SF,2,P,CA,17020,959,,FRM,N,N,,,00,,N,,,,,,,,,,,,,,,,,,,,,,,,,,,,,,,,N,,,,,,,N,,,,,,N,,,,,,,,,,,,,,,,N,,,,,,2010-10-01,2009-09-01,,0.0,3.0,1.0,0.0,0,0,0,0.0,0.0,0,0,,,0,0,1,2009,0,0,0,0,100,1425,10.026315789473683,1.0,1,1.0,1,0,0,0.0,0,0.0,0,Current,None,0
,100352555665,112010,R,"Jpmorgan Chase Bank, National Association","Jp Morgan Chase Bank, Na",,4.625,4.625,165000.0,,162174.14,360,92009,112009,13.0,347.0,347.0,102039.0,75,75,1,19,762,,N,C,SF,2,P,CA,17020,959,,FRM,N,N,,,00,,N,,,,,,,,,,,,,,,,,,,,,,,,,,,,,,,,N,,,,,,,N,,,,,,N,,,,,,,,,,,,,,,,N,,,,,,2010-11-01,2009-09-01,,0.0,3.0,1.0,0.0,0,0,0,0.0,0.0,0,0,,,0,0,1,2009,0,0,0,0,100,1425,10.026315789473683,1.0,1,1.0,1,0,0,0.0,0,0.0,0,Delinquent,None,0
,100352555665,122010,R,"Jpmorgan Chase Bank, National Association","Jp Morgan Chase Bank, Na",,4.625,4.625,165000.0,,162174.14,360,92009,112009,14.0,346.0,347.0,102039.0,75,75,1,19,762,,N,C,SF,2,P,CA,17020,959,,FRM,N,N,,,01,,N,,,,,,,,,,,,,,,,,,,,,,,,,,,,,,,,N,,,,,,,N,,,,,,N,,,,,,,,,,,,,,,,N,,,,,,2010-12-01,2009-09-01,,0.0,3.0,1.0,0.0,30,1,1,30.0,30.0,30,1,,,0,0,2,2009,0,0,0,0,100,1425,10.026315789473683,1.0,1,1.0,1,0,0,0.0,0,0.0,0,Delinquent,None,0
,100352555665,12011,R,"Jpmorgan Chase Bank, National Association","Jp Morgan Chase Bank, Na",,4.625,4.625,165000.0,,161950.86,360,92009,112009,15.0,345.0,346.0,102039.0,75,75,1,19,762,,N,C,SF,2,P,CA,17020,959,,FRM,N,N,,,01,,N,,,,,,,,,,,,,,,,,,,,,,,,,,,,,,,,N,,,,,,,N,,,,,,N,,,,,,,,,,,,,,,,N,,,,,,2011-01-01,2009-09-01,,0.0,3.0,1.0,0.0,30,1,1,30.0,30.0,30,2,,,0,0,2,2009,0,0,0,0,100,1425,10.026315789473683,1.0,1,1.0,1,0,0,0.0,0,0.0,0,Delinquent,None,0
,100352555665,22011,R,"Jpmorgan Chase Bank, National Association","Jp Morgan Chase Bank, Na",,4.625,4.625,165000.0,,161950.86,360,92009,112009,16.0,344.0,346.0,102039.0,75,75,1,19,762,,N,C,SF,2,P,CA,17020,959,,FRM,N,N,,,02,,N,,,,,,,,,,,,,,,,,,,,,,,,,,,,,,,,N,,,,,,,N,,,,,,N,,,,,,,,,,,,,,,,N,,,,,,2011-02-01,2009-09-01,,0.0,3.0,1.0,0.0,60,1,1,60.0,60.0,60,3,,,0,0,3,2009,0,0,0,0,100,1425,10.026315789473683,1.0,1,1.0,1,0,0,0.0,0,0.0,0,Delinquent,None,0
,100352555665,32011,R,"Jpmorgan Chase Bank, National Association","Jp Morgan Chase Bank, Na",,4.625,4.625,165000.0,,161950.86,360,92009,112009,17.0,343.0,346.0,102039.0,75,75,1,19,762,,N,C,SF,2,P,CA,17020,959,,FRM,N,N,,,03,,N,,,,,,,,,,,,,,,,,,,,,,,,,,,,,,,,N,,,,,,,N,,,,,,N,,,,,,,,,,,,,,,,N,,,,,,2011-03-01,2009-09-01,,0.0,3.0,1.0,0.0,90,1,1,90.0,90.0,90,4,,,0,0,4,2009,0,0,0,0,100,1425,10.026315789473683,1.0,1,1.0,1,0,0,0.0,0,0.0,0,Delinquent,Severe Delinquency (>90 DPD),1
,100352555665,42011,R,"Jpmorgan Chase Bank, National Association","Jp Morgan Chase Bank, Na",,4.625,4.625,165000.0,,161950.86,360,92009,112009,18.0,342.0,346.0,102039.0,75,75,1,19,762,,N,C,SF,2,P,CA,17020,959,,FRM,N,N,,,04,,N,,,,,,,,,,,,,,,,,,,,,,,,,,,,,,,,N,,,,,,,N,,,,,,N,,,,,,,,,,,,,,,,N,,,,,,2011-04-01,2009-09-01,,0.0,3.0,1.0,0.0,120,1,1,120.0,120.0,120,5,,,0,0,5,2009,0,0,0,0,100,1425,10.026315789473683,1.0,1,1.0,1,0,0,0.0,0,0.0,0,Delinquent,Severe Delinquency (>90 DPD),1
,100352555665,52011,R,"Jpmorgan Chase Bank, National Association","Jp Morgan Chase Bank, Na",,4.625,4.625,165000.0,,161950.86,360,92009,112009,19.0,341.0,346.0,102039.0,75,75,1,19,762,,N,C,SF,2,P,CA,17020,959,,FRM,N,N,,,05,,N,,,,,,,,,,,,,,,,,,,,,,,,,,,,,,,,N,,,,,,,N,,,,,,N,,,,,,,,,,,,,,,,N,,,,,,2011-05-01,2009-09-01,,0.0,3.0,1.0,0.0,150,1,1,150.0,150.0,150,6,,,0,0,6,2009,0,0,0,0,100,1425,10.026315789473683,1.0,1,1.0,1,0,0,0.0,0,0.0,0,Delinquent,Severe Delinquency (>90 DPD),1
,100352555665,62011,R,"Jpmorgan Chase Bank, National Association","Jp Morgan Chase Bank, Na",,4.625,4.625,165000.0,,161950.86,360,92009,112009,20.0,340.0,346.0,102039.0,75,75,1,19,762,,N,C,SF,2,P,CA,17020,959,,FRM,N,N,,,06,,N,,,,,,,,,,,,,,,,,,,,,,,,,,,,,,,,N,,,,,,,N,,,,,,N,,,,,,,,,,,,,,,,N,,,,,,2011-06-01,2009-09-01,,0.0,3.0,1.0,0.0,180,1,1,180.0,180.0,180,7,,,0,0,7,2009,0,0,0,0,100,1425,10.026315789473683,1.0,1,1.0,1,0,0,0.0,0,0.0,0,Delinquent,Severe Delinquency (>90 DPD),1
,100352555665,72011,R,"Jpmorgan Chase Bank, National Association","Jp Morgan Chase Bank, Na",,4.625,4.625,165000.0,,161950.86,360,92009,112009,21.0,339.0,346.0,102039.0,75,75,1,19,762,,N,C,SF,2,P,CA,17020,959,,FRM,N,N,,,07,,N,,,,,,,,,,,,,,,,,,,,,,,,,,,,,,,,N,,,,,,,N,,,,,,N,,,,,,,,,,,,,,,,N,,,,,,2011-07-01,2009-09-01,,0.0,3.0,1.0,0.0,210,1,1,210.0,210.0,210,8,,,0,0,8,2009,0,0,0,0,100,1425,10.026315789473683,1.0,1,1.0,1,0,0,0.0,0,0.0,0,Delinquent,Severe Delinquency (>90 DPD),1
,100352555665,82011,R,"Jpmorgan Chase Bank, National Association","Jp Morgan Chase Bank, Na",,4.625,4.625,165000.0,,161950.86,360,92009,112009,22.0,338.0,346.0,102039.0,75,75,1,19,762,,N,C,SF,2,P,CA,17020,959,,FRM,N,N,,,08,,N,,,,,,,,,,,,,,,,,,,,,,,,,,,,,,,,N,,,,,,,N,,,,,,N,,,,,,,,,,,,,,,,N,,,,,,2011-08-01,2009-09-01,,0.0,3.0,1.0,0.0,240,1,1,240.0,240.0,240,9,,,0,0,9,2009,0,0,0,0,100,1425,10.026315789473683,1.0,1,1.0,1,0,0,0.0,0,0.0,0,Delinquent,Severe Delinquency (>90 DPD),1
,100352555665,92011,R,"Jpmorgan Chase Bank, National Association","Jp Morgan Chase Bank, Na",,4.625,4.625,165000.0,,161950.86,360,92009,112009,23.0,337.0,346.0,102039.0,75,75,1,19,762,,N,C,SF,2,P,CA,17020,959,,FRM,N,N,,,09,,N,,,,,,,,,,,,,,,,,,,,,,,,,,,,,,,,N,,,,,,,N,,,,,,N,,,,,,,,,,,,,,,,N,,,,,,2011-09-01,2009-09-01,,0.0,3.0,1.0,0.0,270,1,1,270.0,270.0,270,10,,,0,0,10,2009,0,0,0,0,100,1425,10.026315789473683,1.0,1,1.0,1,0,0,0.0,0,0.0,0,Delinquent,Severe Delinquency (>90 DPD),1
,100352555665,102011,R,"Jpmorgan Chase Bank, National Association","Jp Morgan Chase Bank, Na",,4.625,4.625,165000.0,,161950.86,360,92009,112009,24.0,336.0,346.0,102039.0,75,75,1,19,762,,N,C,SF,2,P,CA,17020,959,,FRM,N,N,,,10,,N,,,,,,,,,,,,,,,,,,,,,,,,,,,,,,,,N,,,,,,,N,,,,,,N,,,,,,,,,,,,,,,,N,,,,,,2011-10-01,2009-09-01,,0.0,3.0,1.0,0.0,300,1,1,300.0,300.0,300,11,,,0,0,11,2009,0,0,0,0,100,1425,10.026315789473683,1.0,1,1.0,1,0,0,0.0,0,0.0,0,Delinquent,Severe Delinquency (>90 DPD),1
,100352555665,112011,R,"Jpmorgan Chase Bank, National Association","Jp Morgan Chase Bank, Na",,4.625,4.625,165000.0,,161950.86,360,92009,112009,25.0,335.0,346.0,102039.0,75,75,1,19,762,,N,C,SF,2,P,CA,17020,959,,FRM,N,N,,,11,,N,,,,,,,,,,,,,,,,,,,,,,,,,,,,,,,,N,,,,,,,N,,,,,,N,,,,,,,,,,,,,,,,N,,,,,,2011-11-01,2009-09-01,,0.0,3.0,1.0,0.0,330,1,1,330.0,330.0,330,12,,,0,0,12,2009,0,0,0,0,100,1425,10.026315789473683,1.0,1,1.0,1,0,0,0.0,0,0.0,0,Delinquent,Severe Delinquency (>90 DPD),1
,100352555665,122011,R,"Jpmorgan Chase Bank, National Association","Jp Morgan Chase Bank, Na",,4.625,4.625,165000.0,,161950.86,360,92009,112009,26.0,334.0,346.0,102039.0,75,75,1,19,762,,N,C,SF,2,P,CA,17020,959,,FRM,N,N,,,12,,N,,,,,,,,,,,,,,,,,,,,,,,,,,,,,,,,N,,,,,,,N,,,,,,N,,,,,,,,,,,,,,,,N,,,,,,2011-12-01,2009-09-01,,0.0,3.0,1.0,0.0,360,1,1,360.0,360.0,360,13,,,0,0,13,2009,0,0,0,0,100,1425,10.026315789473683,1.0,1,1.0,1,0,0,0.0,0,0.0,0,Delinquent,Severe Delinquency (>90 DPD),1
,100352555665,12012,R,"Jpmorgan Chase Bank, National Association","Jp Morgan Chase Bank, Na",,4.625,4.625,165000.0,,161950.86,360,92009,112009,27.0,333.0,346.0,102039.0,75,75,1,19,762,,N,C,SF,2,P,CA,17020,959,,FRM,N,N,,,13,,N,,,,,,,,,,,,,,,,,,,,,,,,,,,,,,,,N,,,,,,,N,,,,,,N,,,,,,,,,,,,,,,,N,,,,,,2012-01-01,2009-09-01,,0.0,3.0,1.0,0.0,390,1,1,390.0,390.0,390,14,,,0,0,14,2009,0,0,0,0,100,1425,10.026315789473683,1.0,1,1.0,1,0,0,0.0,0,0.0,0,Delinquent,Severe Delinquency (>90 DPD),1
,100352555665,22012,R,"Jpmorgan Chase Bank, National Association","Jp Morgan Chase Bank, Na",,4.625,4.625,165000.0,,161950.86,360,92009,112009,28.0,332.0,346.0,102039.0,75,75,1,19,762,,N,C,SF,2,P,CA,17020,959,,FRM,N,N,,,14,,N,,,,,,,,,,,,,,,,,,,,,,,,,,,,,,,,N,,,,,,,N,,,,,,N,,,,,,,,,,,,,,,,N,,,,,,2012-02-01,2009-09-01,,0.0,3.0,1.0,0.0,420,1,1,420.0,420.0,420,15,,,0,0,15,2009,0,0,0,0,100,1425,10.026315789473683,1.0,1,1.0,1,0,0,0.0,0,0.0,0,Delinquent,Severe Delinquency (>90 DPD),1
,100352555665,32012,R,"Jpmorgan Chase Bank, National Association","Jp Morgan Chase Bank, Na",,4.625,4.625,165000.0,,161950.86,360,92009,112009,29.0,331.0,346.0,102039.0,75,75,1,19,762,,N,C,SF,2,P,CA,17020,959,,FRM,N,N,,,15,,N,,,,,,,,,,,,,,,,,,,,,,,,,,,,,,,,N,,,,,,,N,,,,,,N,,,,,,,,,,,,,,,,N,,,,,,2012-03-01,2009-09-01,,0.0,3.0,1.0,0.0,450,1,1,450.0,450.0,450,16,,,0,0,16,2009,0,0,0,0,100,1425,10.026315789473683,1.0,1,1.0,1,0,0,0.0,0,0.0,0,Delinquent,Severe Delinquency (>90 DPD),1
,100352555665,42012,R,"Jpmorgan Chase Bank, National Association","Jp Morgan Chase Bank, Na",,4.625,4.625,165000.0,,161950.86,360,92009,112009,30.0,330.0,346.0,102039.0,75,75,1,19,762,,N,C,SF,2,P,CA,17020,959,,FRM,N,N,,,16,,N,,,,,,,,,,,,,,,,,,,,,,,,,,,,,,,,N,,,,,,,N,,,,,,N,,,,,,,,,,,,,,,,N,,,,,,2012-04-01,2009-09-01,,0.0,3.0,1.0,0.0,480,1,1,480.0,480.0,480,17,,,0,0,17,2009,0,0,0,0,100,1425,10.026315789473683,1.0,1,1.0,1,0,0,0.0,0,0.0,0,Delinquent,Severe Delinquency (>90 DPD),1
,100352555665,52012,R,"Jpmorgan Chase Bank, National Association","Jp Morgan Chase Bank, Na",,4.625,4.625,165000.0,,161950.86,360,92009,112009,31.0,329.0,346.0,102039.0,75,75,1,19,762,,N,C,SF,2,P,CA,17020,959,,FRM,N,N,,,17,,N,,,,,,,,,,,,,,,,,,,,,,,,,,,,,,,,N,,,,,,,N,,,,,,N,,,,,,,,,,,,,,,,N,,,,,,2012-05-01,2009-09-01,,0.0,3.0,1.0,0.0,510,1,1,510.0,510.0,510,18,,,0,0,18,2009,0,0,0,0,100,1425,10.026315789473683,1.0,1,1.0,1,0,0,0.0,0,0.0,0,Delinquent,Severe Delinquency (>90 DPD),1
,100352555665,62012,R,"Jpmorgan Chase Bank, National Association","Jp Morgan Chase Bank, Na",,4.625,4.625,165000.0,,161950.86,360,92009,112009,32.0,328.0,346.0,102039.0,75,75,1,19,762,,N,C,SF,2,P,CA,17020,959,,FRM,N,N,,,18,,N,,,,,,,,,,,,,,,,,,,,,,,,,,,,,,,,N,,,,,,,N,,,,,,N,,,,,,,,,,,,,,,,N,,,,,,2012-06-01,2009-09-01,,0.0,3.0,1.0,0.0,540,1,1,540.0,540.0,540,19,,,0,0,19,2009,0,0,0,0,100,1425,10.026315789473683,1.0,1,1.0,1,0,0,0.0,0,0.0,0,Delinquent,Severe Delinquency (>90 DPD),1
,100352555665,72012,R,"Jpmorgan Chase Bank, National Association","Jp Morgan Chase Bank, Na",,4.625,4.625,165000.0,,161950.86,360,92009,112009,33.0,327.0,346.0,102039.0,75,75,1,19,762,,N,C,SF,2,P,CA,17020,959,,FRM,N,N,,,19,,N,,,,,,,,,,,,,,,,,,,,,,,,,,,,,,,,N,,,,,,,N,,,,,,N,,,,,,,,,,,,,,,,N,,,,,,2012-07-01,2009-09-01,,0.0,3.0,1.0,0.0,570,1,1,570.0,570.0,570,20,,,0,0,20,2009,0,0,0,0,100,1425,10.026315789473683,1.0,1,1.0,1,0,0,0.0,0,0.0,0,Delinquent,Severe Delinquency (>90 DPD),1
,100352555665,82012,R,"Jpmorgan Chase Bank, National Association","Jp Morgan Chase Bank, Na",,4.625,4.625,165000.0,,161950.86,360,92009,112009,34.0,326.0,346.0,102039.0,75,75,1,19,762,,N,C,SF,2,P,CA,17020,959,,FRM,N,N,,,20,,N,,,,,,,,,,,,,,,,,,,,,,,,,,,,,,,,N,,,,,,,N,,,,,,N,,,,,,,,,,,,,,,,N,,,,,,2012-08-01,2009-09-01,,0.0,3.0,1.0,0.0,600,1,1,600.0,600.0,600,21,,,0,0,21,2009,0,0,0,0,100,1425,10.026315789473683,1.0,1,1.0,1,0,0,0.0,0,0.0,0,Delinquent,Severe Delinquency (>90 DPD),1
,100352555665,92012,R,"Jpmorgan Chase Bank, National Association","Jp Morgan Chase Bank, Na",,4.625,4.625,165000.0,,161950.86,360,92009,112009,35.0,325.0,346.0,102039.0,75,75,1,19,762,,N,C,SF,2,P,CA,17020,959,,FRM,N,N,,,21,,N,,,,,,,,,,,,,,,,,,,,,,,,,,,,,,,,N,,,,,,,N,,,,,,N,,,,,,,,,,,,,,,,N,,,,,,2012-09-01,2009-09-01,,0.0,3.0,1.0,0.0,630,1,1,630.0,630.0,630,22,,,0,0,22,2009,0,0,0,0,100,1425,10.026315789473683,1.0,1,1.0,1,0,0,0.0,0,0.0,0,Delinquent,Severe Delinquency (>90 DPD),1
,100352555665,102012,R,"Jpmorgan Chase Bank, National Association","Jp Morgan Chase Bank, Na",,4.625,4.625,165000.0,,161950.86,360,92009,112009,36.0,324.0,346.0,102039.0,75,75,1,19,762,,N,C,SF,2,P,CA,17020,959,,FRM,N,N,,,22,,N,,,,,,,,,,,,,,,,,,,,,,,,,,,,,,,,N,,,,,,,N,,,,,,N,,,,,,,,,,,,,,,,N,,,,,,2012-10-01,2009-09-01,,0.0,3.0,1.0,0.0,660,1,1,660.0,660.0,660,23,,,0,0,23,2009,0,0,0,0,100,1425,10.026315789473683,1.0,1,1.0,1,0,0,1.0,1,0.0,0,Delinquent,Severe Delinquency (>90 DPD),1
,100352555665,112012,R,"Jpmorgan Chase Bank, National Association","Jp Morgan Chase Bank, Na",,4.625,4.625,165000.0,,161950.86,360,92009,112009,37.0,323.0,346.0,102039.0,75,75,1,19,762,,N,C,SF,2,P,CA,17020,959,,FRM,N,N,,,23,,N,,,,,,,,,,,,,,,,,,,,,,,,,,,,,,,,N,,,,,,,N,,,,,,N,,,,,,,,,,,,,,,,N,,,,,,2012-11-01,2009-09-01,,0.0,3.0,1.0,0.0,690,1,1,690.0,690.0,690,24,,,0,0,24,2009,0,0,0,0,100,1425,10.026315789473683,1.0,1,1.0,1,0,0,1.0,1,0.0,0,Delinquent,Severe Delinquency (>90 DPD),1
,100352555665,122012,R,"Jpmorgan Chase Bank, National Association","Jp Morgan Chase Bank, Na",,4.625,4.625,165000.0,,161950.86,360,92009,112009,38.0,322.0,346.0,102039.0,75,75,1,19,762,,N,C,SF,2,P,CA,17020,959,,FRM,N,N,,,24,,N,,,,,,,,,,,,,,,,,,,,,,,,,,,,,,,,N,,,,,,,N,,,,,,N,,,,,,,,,,,,,,,,N,,,,,,2012-12-01,2009-09-01,,0.0,3.0,1.0,0.0,720,1,1,720.0,720.0,720,25,,,0,0,25,2009,0,0,0,0,100,1425,10.026315789473683,1.0,1,1.0,1,0,0,1.0,1,0.0,0,Delinquent,Severe Delinquency (>90 DPD),1
,100352555665,12013,R,"Jpmorgan Chase Bank, National Association","Jp Morgan Chase Bank, Na",,4.625,4.625,165000.0,,161950.86,360,92009,112009,39.0,321.0,346.0,102039.0,75,75,1,19,762,,N,C,SF,2,P,CA,17020,959,,FRM,N,N,,,25,,N,,,,,,,,,,,,,,,,,,,,,,,,,,,,,,,,N,,,,,,,N,,,,,,N,,,,,,,,,,,,,,,,N,,,,,,2013-01-01,2009-09-01,,0.0,3.0,1.0,0.0,750,1,1,750.0,750.0,750,26,,,0,0,26,2009,0,0,0,0,100,1425,10.026315789473683,1.0,1,1.0,1,0,0,1.0,1,0.0,0,Delinquent,Severe Delinquency (>90 DPD),1
,100352555665,22013,R,"Jpmorgan Chase Bank, National Association","Jp Morgan Chase Bank, Na",,4.625,4.625,165000.0,,161950.86,360,92009,112009,40.0,320.0,346.0,102039.0,75,75,1,19,762,,N,C,SF,2,P,CA,17020,959,,FRM,N,N,,,26,,N,,,,,,,,,,,,,,,,,,,,,,,,,,,,,,,,N,,,,,,,N,,,,,,N,,,,,,,,,,,,,,,,N,,,,,,2013-02-01,2009-09-01,,0.0,3.0,1.0,0.0,780,1,1,780.0,780.0,780,27,,,0,0,27,2009,0,0,0,0,100,1425,10.026315789473683,1.0,1,1.0,1,0,0,1.0,1,0.0,0,Delinquent,Severe Delinquency (>90 DPD),1
,100352555665,32013,R,"Jpmorgan Chase Bank, National Association","Jp Morgan Chase Bank, Na",,4.625,4.625,165000.0,,161950.86,360,92009,112009,41.0,319.0,346.0,102039.0,75,75,1,19,762,,N,C,SF,2,P,CA,17020,959,,FRM,N,N,,,27,,N,,,,,,,,,,,,,,,,,,,,,,,,,,,,,,,,N,,,,,,,N,,,,,,N,,,,,,,,,,,,,,,,N,,,,,,2013-03-01,2009-09-01,,0.0,3.0,1.0,0.0,810,1,1,810.0,810.0,810,28,,,0,0,28,2009,0,0,0,0,100,1425,10.026315789473683,1.0,1,1.0,1,0,0,1.0,1,0.0,0,Delinquent,Severe Delinquency (>90 DPD),1
,100352555665,42013,R,"Jpmorgan Chase Bank, National Association","Jp Morgan Chase Bank, Na",,4.625,4.625,165000.0,,161950.86,360,92009,112009,42.0,318.0,346.0,102039.0,75,75,1,19,762,,N,C,SF,2,P,CA,17020,959,,FRM,N,N,,,28,,N,,,,,,,,,,,,,,,,,,,,,,,,,,,,,,,,N,,,,,,,N,,,,,,N,,,,,,,,,,,,,,,,N,,,,,,2013-04-01,2009-09-01,,0.0,3.0,1.0,0.0,840,1,1,840.0,840.0,840,29,,,0,0,29,2009,0,0,0,0,100,1425,10.026315789473683,1.0,1,1.0,1,0,0,1.0,1,0.0,0,Delinquent,Severe Delinquency (>90 DPD),1
,100352555665,52013,R,"Jpmorgan Chase Bank, National Association","Jp Morgan Chase Bank, Na",,4.625,4.625,165000.0,,161950.86,360,92009,112009,43.0,317.0,346.0,102039.0,75,75,1,19,762,,N,C,SF,2,P,CA,17020,959,,FRM,N,N,,,29,,N,,,,,,,,,,,,,,,,,,,,,,,,,,,,,,,,N,,,,,,,N,,,,,,N,,,,,,,,,,,,,,,,N,,,,,,2013-05-01,2009-09-01,,0.0,3.0,1.0,0.0,870,1,1,870.0,870.0,870,30,,,0,0,30,2009,0,0,0,0,100,1425,10.026315789473683,1.0,1,1.0,1,0,0,1.0,1,0.0,0,Delinquent,Severe Delinquency (>90 DPD),1
,100352555665,62013,R,"Jpmorgan Chase Bank, National Association","Jp Morgan Chase Bank, Na",,4.625,4.625,165000.0,,161950.86,360,92009,112009,44.0,316.0,346.0,102039.0,75,75,1,19,762,,N,C,SF,2,P,CA,17020,959,,FRM,N,N,,,30,,N,,,,,,,,,,,,,,,,,,,,,,,,,,,,,,,,N,,,,,,,N,,,,,,N,,,,,,,,,,,,,,,,N,,,,,,2013-06-01,2009-09-01,,0.0,3.0,1.0,0.0,900,1,1,900.0,900.0,900,31,,,0,0,31,2009,0,0,0,0,100,1425,10.026315789473683,1.0,1,1.0,1,0,0,1.0,1,0.0,0,Delinquent,Severe Delinquency (>90 DPD),1
,100352555665,72013,R,"Jpmorgan Chase Bank, National Association","Jp Morgan Chase Bank, Na",,4.625,4.625,165000.0,,161950.86,360,92009,112009,45.0,315.0,346.0,102039.0,75,75,1,19,762,,N,C,SF,2,P,CA,17020,959,,FRM,N,N,,,31,,N,,,,,,,,,,,,,,,,,,,,,,,,,,,,,,,,N,,,,,,,N,,,,,,N,,,,,,,,,,,,,,,,N,,,,,,2013-07-01,2009-09-01,,0.0,3.0,1.0,0.0,930,1,1,930.0,930.0,930,32,,,0,0,32,2009,0,0,0,0,100,1425,10.026315789473683,1.0,1,1.0,1,0,0,1.0,1,0.0,0,Delinquent,Severe Delinquency (>90 DPD),1
,100352555665,82013,R,"Jpmorgan Chase Bank, National Association","Jp Morgan Chase Bank, Na",,4.625,4.625,165000.0,,161950.86,360,92009,112009,46.0,314.0,346.0,102039.0,75,75,1,19,762,,N,C,SF,2,P,CA,17020,959,,FRM,N,N,,,32,,N,,,,,,,,,,,,,,,,,,,,,,,,,,,,,,,,N,,,,,,,N,,,,,,N,,,,,,,,,,,,,,,,N,,,,,,2013-08-01,2009-09-01,,0.0,3.0,1.0,0.0,960,1,1,960.0,960.0,960,33,,,0,0,33,2009,0,0,0,0,100,1425,10.026315789473683,1.0,1,1.0,1,0,0,1.0,1,0.0,0,Delinquent,Severe Delinquency (>90 DPD),1
,100352555665,92013,R,"Jpmorgan Chase Bank, National Association","Jp Morgan Chase Bank, Na",,4.625,4.625,165000.0,,161950.86,360,92009,112009,47.0,313.0,346.0,102039.0,75,75,1,19,762,,N,C,SF,2,P,CA,17020,959,,FRM,N,N,,,33,,N,,,,,,,,,,,,,,,,,,,,,,,,,,,,,,,,N,,,,,,,N,,,,,,N,,,,,,,,,,,,,,,,N,,,,,,2013-09-01,2009-09-01,,0.0,3.0,1.0,0.0,990,1,1,990.0,990.0,990,34,,,0,0,34,2009,0,0,0,0,100,1425,10.026315789473683,0.0,0,0.0,0,0,0,1.0,1,0.0,0,Default,Severe Delinquency (>90 DPD),1
,100352555665,102013,R,"Jpmorgan Chase Bank, National Association",,,4.625,,165000.0,,0.0,360,92009,112009,0.0,360.0,,,75,75,1,19,762,,N,C,SF,2,P,CA,17020,959,,FRM,N,N,,,XX,,,,9.0,102013.0,161950.86,,,,,122010.0,102013.0,82014.0,6034.63,2639.45,2384.96,4590.36,3637.52,122077.75,,,,,,,,,,,,,,,,,,,,,,N,,,,,,N,,,,,,,,,,,,,,,,N,,N,,,,2013-10-01,2009-09-01,,,3.0,1.0,0.0,0,0,1,990.0,990.0,990,34,,,0,0,35,2009,0,0,0,0,100,1425,10.026315789473683,0.0,0,0.0,0,1,0,0.0,0,0.0,0,,None,0
,100829595540,72009,B,Other,Other,,5.875,5.875,175000.0,,0.0,360,72009,92009,-1.0,361.0,360.0,82039.0,80,90,2,32,666,699.0,N,P,PU,1,P,FL,23540,326,,FRM,N,N,,,00,,N,,,,,,,,,,,,,,,,,,,,,,,,,,,,,,,,N,,,,,,,N,,,,,,N,,,,,,,,,,,,,,,,N,,,,,,2009-07-01,2009-07-01,,0.0,1.0,1.0,1.0,0,0,0,0.0,0.0,0,0,,,0,0,1,2009,1,0,0,0,100,2560,8.222222222222221,0.0,0,0.0,0,0,0,0.0,0,0.0,0,Current,None,0
,100829595540,82009,B,Other,Other,,5.875,5.875,175000.0,,0.0,360,72009,92009,0.0,360.0,359.0,82039.0,80,90,2,32,666,699.0,N,P,PU,1,P,FL,23540,326,,FRM,N,N,,,00,,N,,,,,,,,,,,,,,,,,,,,,,,,,,,,,,,,Y,,,,,,,N,,,,,,N,,,,,,,,,,,,,,,,N,,,,,,2009-08-01,2009-07-01,,0.0,1.0,1.0,1.0,0,0,0,0.0,0.0,0,0,,,0,0,1,2009,1,0,0,0,100,2560,8.222222222222221,0.0,0,0.0,0,0,0,0.0,0,0.0,0,Current,None,0
,100829595540,92009,B,Other,Other,,5.875,5.875,175000.0,,0.0,360,72009,92009,1.0,359.0,359.0,82039.0,80,90,2,32,666,699.0,N,P,PU,1,P,FL,23540,326,,FRM,N,N,,,00,,N,,,,,,,,,,,,,,,,,,,,,,,,,,,,,,,,N,,,,,,,N,,,,,,N,,,,,,,,,,,,,,,,N,,,,,,2009-09-01,2009-07-01,,0.0,1.0,1.0,1.0,0,0,0,0.0,0.0,0,0,,,0,0,1,2009,1,0,0,0,100,2560,8.222222222222221,0.0,0,0.0,0,0,0,0.0,0,0.0,0,Current,None,0
,100829595540,102009,B,Other,Other,,5.875,5.875,175000.0,,0.0,360,72009,92009,2.0,358.0,358.0,82039.0,80,90,2,32,666,699.0,N,P,PU,1,P,FL,23540,326,,FRM,N,N,,,00,,N,,,,,,,,,,,,,,,,,,,,,,,,,,,,,,,,N,,,,,,,N,,,,,,N,,,,,,,,,,,,,,,,N,,,,,,2009-10-01,2009-07-01,,0.0,1.0,1.0,1.0,0,0,0,0.0,0.0,0,0,,,0,0,1,2009,1,0,0,0,100,2560,8.222222222222221,0.0,0,0.0,0,0,0,0.0,0,0.0,0,Current,None,0
,100829595540,112009,B,Other,Other,,5.875,5.875,175000.0,,0.0,360,72009,92009,3.0,357.0,357.0,82039.0,80,90,2,32,666,699.0,N,P,PU,1,P,FL,23540,326,,FRM,N,N,,,00,,N,,,,,,,,,,,,,,,,,,,,,,,,,,,,,,,,N,,,,,,,N,,,,,,N,,,,,,,,,,,,,,,,N,,,,,,2009-11-01,2009-07-01,,0.0,1.0,1.0,1.0,0,0,0,0.0,0.0,0,0,,,0,0,1,2009,1,0,0,0,100,2560,8.222222222222221,0.0,0,0.0,0,0,0,0.0,0,0.0,0,Current,None,0
,100829595540,122009,B,Other,Other,,5.875,5.875,175000.0,,0.0,360,72009,92009,4.0,356.0,356.0,82039.0,80,90,2,32,666,699.0,N,P,PU,1,P,FL,23540,326,,FRM,N,N,,,00,,N,,,,,,,,,,,,,,,,,,,,,,,,,,,,,,,,N,,,,,,,N,,,,,,N,,,,,,,,,,,,,,,,N,,,,,,2009-12-01,2009-07-01,,0.0,1.0,1.0,1.0,0,0,0,0.0,0.0,0,0,,,0,0,1,2009,1,0,0,0,100,2560,8.222222222222221,0.0,0,0.0,0,0,0,0.0,0,0.0,0,Current,None,0
,100829595540,12010,B,Other,Other,,5.875,5.875,175000.0,,174218.51,360,72009,92009,5.0,355.0,355.0,82039.0,80,90,2,32,666,699.0,N,P,PU,1,P,FL,23540,326,,FRM,N,N,,,00,,N,,,,,,,,,,,,,,,,,,,,,,,,,,,,,,,,N,,,,,,,N,,,,,,N,,,,,,,,,,,,,,,,N,,,,,,2010-01-01,2009-07-01,,0.0,1.0,1.0,1.0,0,0,0,0.0,0.0,0,0,,,0,0,1,2009,1,0,0,0,100,2560,8.222222222222221,0.0,0,0.0,0,0,0,0.0,0,0.0,0,Current,None,0
,100829595540,22010,B,Other,Other,,5.875,5.875,175000.0,,174035.55,360,72009,92009,6.0,354.0,354.0,82039.0,80,90,2,32,666,699.0,N,P,PU,1,P,FL,23540,326,,FRM,N,N,,,00,,N,,,,,,,,,,,,,,,,,,,,,,,,,,,,,,,,N,,,,,,,N,,,,,,N,,,,,,,,,,,,,,,,N,,,,,,2010-02-01,2009-07-01,,0.0,1.0,1.0,1.0,0,0,0,0.0,0.0,0,0,,,0,0,1,2009,1,0,0,0,100,2560,8.222222222222221,0.0,0,0.0,0,0,0,0.0,0,0.0,0,Current,None,0
,100829595540,32010,B,Other,Other,,5.875,5.875,175000.0,,173851.7,360,72009,92009,7.0,353.0,353.0,82039.0,80,90,2,32,666,699.0,N,P,PU,1,P,FL,23540,326,,FRM,N,N,,,00,,N,,,,,,,,,,,,,,,,,,,,,,,,,,,,,,,,N,,,,,,,N,,,,,,N,,,,,,,,,,,,,,,,N,,,,,,2010-03-01,2009-07-01,,0.0,1.0,1.0,1.0,0,0,0,0.0,0.0,0,0,,,0,0,1,2009,1,0,0,0,100,2560,8.222222222222221,0.0,0,1.0,1,0,0,0.0,0,0.0,0,Current,None,0
,100829595540,42010,B,Other,Other,,5.875,5.875,175000.0,,173666.95,360,72009,92009,8.0,352.0,352.0,82039.0,80,90,2,32,666,699.0,N,P,PU,1,P,FL,23540,326,,FRM,N,N,,,00,,N,,,,,,,,,,,,,,,,,,,,,,,,,,,,,,,,N,,,,,,,N,,,,,,N,,,,,,,,,,,,,,,,N,,,,,,2010-04-01,2009-07-01,,0.0,1.0,1.0,1.0,0,0,0,0.0,0.0,0,0,,,0,0,1,2009,1,0,0,0,100,2560,8.222222222222221,0.0,0,1.0,1,0,0,0.0,0,0.0,0,Current,None,0
,100829595540,52010,B,Other,Other,,5.875,5.875,175000.0,,173481.29,360,72009,92009,9.0,351.0,351.0,82039.0,80,90,2,32,666,699.0,N,P,PU,1,P,FL,23540,326,,FRM,N,N,,,00,,N,,,,,,,,,,,,,,,,,,,,,,,,,,,,,,,,N,,,,,,,N,,,,,,N,,,,,,,,,,,,,,,,N,,,,,,2010-05-01,2009-07-01,,0.0,1.0,1.0,1.0,0,0,0,0.0,0.0,0,0,,,0,0,1,2009,1,0,0,0,100,2560,8.222222222222221,0.0,0,1.0,1,0,0,0.0,0,0.0,0,Current,None,0
,100829595540,62010,B,Other,Other,,5.875,5.875,175000.0,,173294.73,360,72009,92009,10.0,350.0,350.0,82039.0,80,90,2,32,666,699.0,N,P,PU,1,P,FL,23540,326,,FRM,N,N,,,00,,N,,,,,,,,,,,,,,,,,,,,,,,,,,,,,,,,N,,,,,,,N,,,,,,N,,,,,,,,,,,,,,,,N,,,,,,2010-06-01,2009-07-01,,0.0,1.0,1.0,1.0,0,0,0,0.0,0.0,0,0,,,0,0,1,2009,1,0,0,0,100,2560,8.222222222222221,1.0,1,1.0,1,0,0,0.0,0,0.0,0,Current,None,0
,100829595540,72010,B,Other,Other,,5.875,5.875,175000.0,,173107.25,360,72009,92009,11.0,349.0,349.0,82039.0,80,90,2,32,666,699.0,N,P,PU,1,P,FL,23540,326,,FRM,N,N,,,00,,N,,,,,,,,,,,,,,,,,,,,,,,,,,,,,,,,N,,,,,,,N,,,,,,N,,,,,,,,,,,,,,,,N,,,,,,2010-07-01,2009-07-01,,0.0,1.0,1.0,1.0,0,0,0,0.0,0.0,0,0,,,0,0,1,2009,1,0,0,0,100,2560,8.222222222222221,1.0,1,1.0,1,0,0,0.0,0,0.0,0,Current,None,0
,100829595540,82010,B,Other,Other,,5.875,5.875,175000.0,,172918.85,360,72009,92009,12.0,348.0,348.0,82039.0,80,90,2,32,666,699.0,N,P,PU,1,P,FL,23540,326,,FRM,N,N,,,00,,N,,,,,,,,,,,,,,,,,,,,,,,,,,,,,,,,N,,,,,,,N,,,,,,N,,,,,,,,,,,,,,,,N,,,,,,2010-08-01,2009-07-01,,0.0,1.0,1.0,1.0,0,0,0,0.0,0.0,0,0,,,0,0,1,2009,1,0,0,0,100,2560,8.222222222222221,1.0,1,1.0,1,0,0,0.0,0,0.0,0,Delinquent,None,0
,100829595540,92010,B,Other,Other,,5.875,5.875,175000.0,,172918.85,360,72009,92009,13.0,347.0,348.0,82039.0,80,90,2,32,666,699.0,N,P,PU,1,P,FL,23540,326,,FRM,N,N,,,01,,N,,,,,,,,,,,,,,,,,,,,,,,,,,,,,,,,Y,,,,,,,N,,,,,,N,,,,,,,,,,,,,,,,N,,,,,,2010-09-01,2009-07-01,,0.0,1.0,1.0,1.0,30,1,1,30.0,30.0,30,1,,,0,0,2,2009,1,0,0,0,100,2560,8.222222222222221,0.0,0,0.0,0,0,0,0.0,0,0.0,0,Current,None,0
,100829595540,102010,B,Other,Other,,5.875,5.875,175000.0,,172539.28,360,72009,92009,14.0,346.0,346.0,82039.0,80,90,2,32,666,699.0,N,P,PU,1,P,FL,23540,326,,FRM,N,N,,,00,,N,,,,,,,,,,,,,,,,,,,,,,,,,,,,,,,,N,,,,,,,N,,,,,,N,,,,,,,,,,,,,,,,N,,,,,,2010-10-01,2009-07-01,,0.0,1.0,1.0,1.0,0,0,1,30.0,30.0,30,1,,,0,0,3,2009,1,0,0,0,100,2560,8.222222222222221,0.0,0,0.0,0,0,0,0.0,0,0.0,0,Current,None,0
,100829595540,112010,B,Other,Other,,5.875,5.875,175000.0,,172348.1,360,72009,92009,15.0,345.0,345.0,82039.0,80,90,2,32,666,699.0,N,P,PU,1,P,FL,23540,326,,FRM,N,N,,,00,,N,,,,,,,,,,,,,,,,,,,,,,,,,,,,,,,,N,,,,,,,N,,,,,,N,,,,,,,,,,,,,,,,N,,,,,,2010-11-01,2009-07-01,,0.0,1.0,1.0,1.0,0,0,1,30.0,30.0,30,1,,,0,0,3,2009,1,0,0,0,100,2560,8.222222222222221,0.0,0,1.0,1,0,0,0.0,0,0.0,0,Current,None,0
,100829595540,122010,B,Other,Other,,5.875,5.875,175000.0,,172155.99,360,72009,92009,16.0,344.0,344.0,82039.0,80,90,2,32,666,699.0,N,P,PU,1,P,FL,23540,326,,FRM,N,N,,,00,,N,,,,,,,,,,,,,,,,,,,,,,,,,,,,,,,,N,,,,,,,N,,,,,,N,,,,,,,,,,,,,,,,N,,,,,,2010-12-01,2009-07-01,,0.0,1.0,1.0,1.0,0,0,1,0.0,30.0,30,1,,,0,0,3,2009,1,0,0,0,100,2560,8.222222222222221,0.0,0,1.0,1,0,0,0.0,0,0.0,0,Current,None,0
,100829595540,12011,B,Other,Other,,5.875,5.875,175000.0,,171962.94,360,72009,92009,17.0,343.0,343.0,82039.0,80,90,2,32,666,699.0,N,P,PU,1,P,FL,23540,326,,FRM,N,N,,,00,,N,,,,,,,,,,,,,,,,,,,,,,,,,,,,,,,,N,,,,,,,N,,,,,,N,,,,,,,,,,,,,,,,N,,,,,,2011-01-01,2009-07-01,,0.0,1.0,1.0,1.0,0,0,1,0.0,30.0,30,1,,,0,0,3,2009,1,0,0,0,100,2560,8.222222222222221,0.0,0,1.0,1,0,0,0.0,0,0.0,0,Current,None,0
,100829595540,22011,B,Other,Other,,5.875,5.875,175000.0,,171768.94,360,72009,92009,18.0,342.0,342.0,82039.0,80,90,2,32,666,699.0,N,P,PU,1,P,FL,23540,326,,FRM,N,N,,,00,,N,,,,,,,,,,,,,,,,,,,,,,,,,,,,,,,,N,,,,,,,N,,,,,,N,,,,,,,,,,,,,,,,N,,,,,,2011-02-01,2009-07-01,,0.0,1.0,1.0,1.0,0,0,1,0.0,30.0,30,1,,,0,0,3,2009,1,0,0,0,100,2560,8.222222222222221,1.0,1,1.0,1,0,0,0.0,0,0.0,0,Current,None,0
,100829595540,32011,B,Other,Other,,5.875,5.875,175000.0,,171573.99,360,72009,92009,19.0,341.0,341.0,82039.0,80,90,2,32,666,699.0,N,P,PU,1,P,FL,23540,326,,FRM,N,N,,,00,,N,,,,,,,,,,,,,,,,,,,,,,,,,,,,,,,,N,,,,,,,N,,,,,,N,,,,,,,,,,,,,,,,N,,,,,,2011-03-01,2009-07-01,,0.0,1.0,1.0,1.0,0,0,1,0.0,0.0,30,1,,,0,0,3,2009,1,0,0,0,100,2560,8.222222222222221,1.0,1,1.0,1,0,0,0.0,0,0.0,0,Current,None,0
,100829595540,42011,B,Other,Other,,5.875,5.875,175000.0,,171378.09,360,72009,92009,20.0,340.0,340.0,82039.0,80,90,2,32,666,699.0,N,P,PU,1,P,FL,23540,326,,FRM,N,N,,,00,,N,,,,,,,,,,,,,,,,,,,,,,,,,,,,,,,,N,,,,,,,N,,,,,,N,,,,,,,,,,,,,,,,N,,,,,,2011-04-01,2009-07-01,,0.0,1.0,1.0,1.0,0,0,1,0.0,0.0,30,1,,,0,0,3,2009,1,0,0,0,100,2560,8.222222222222221,1.0,1,1.0,1,0,0,0.0,0,0.0,0,Delinquent,None,0
,100829595540,52011,B,Other,Other,,5.875,5.875,175000.0,,171378.09,360,72009,92009,21.0,339.0,340.0,82039.0,80,90,2,32,666,699.0,N,P,PU,1,P,FL,23540,326,,FRM,N,N,,,01,,N,,,,,,,,,,,,,,,,,,,,,,,,,,,,,,,,N,,,,,,,N,,,,,,N,,,,,,,,,,,,,,,,N,,,,,,2011-05-01,2009-07-01,,0.0,1.0,1.0,1.0,30,1,1,30.0,30.0,30,2,,,0,0,4,2009,1,0,0,0,100,2560,8.222222222222221,1.0,1,1.0,1,0,0,0.0,0,0.0,0,Delinquent,None,0
,100829595540,62011,B,Other,Other,,5.875,5.875,175000.0,,171378.09,360,72009,92009,22.0,338.0,340.0,82039.0,80,90,2,32,666,699.0,N,P,PU,1,P,FL,23540,326,,FRM,N,N,,,02,,N,,,,,,,,,,,,,,,,,,,,,,,,,,,,,,,,N,,,,,,,N,,,,,,N,,,,,,,,,,,,,,,,N,,,,,,2011-06-01,2009-07-01,,0.0,1.0,1.0,1.0,60,1,1,60.0,60.0,60,3,,,0,0,5,2009,1,0,0,0,100,2560,8.222222222222221,1.0,1,1.0,1,0,0,0.0,0,0.0,0,Delinquent,None,0
,100829595540,72011,B,Other,Other,,5.875,5.875,175000.0,,171378.09,360,72009,92009,23.0,337.0,340.0,82039.0,80,90,2,32,666,699.0,N,P,PU,1,P,FL,23540,326,,FRM,N,N,,,03,,N,,,,,,,,,,,,,,,,,,,,,,,,,,,,,,,,N,,,,,,,N,,,,,,N,,,,,,,,,,,,,,,,N,,,,,,2011-07-01,2009-07-01,,0.0,1.0,1.0,1.0,90,1,1,90.0,90.0,90,4,,,0,0,6,2009,1,0,0,0,100,2560,8.222222222222221,1.0,1,1.0,1,0,0,0.0,0,0.0,0,Delinquent,Severe Delinquency (>90 DPD),1
,100829595540,82011,B,Other,Other,,5.875,5.875,175000.0,,171378.09,360,72009,92009,24.0,336.0,340.0,82039.0,80,90,2,32,666,699.0,N,P,PU,1,P,FL,23540,326,,FRM,N,N,,,04,,N,,,,,,,,,,,,,,,,,,,,,,,,,,,,,,,,N,,,,,,,N,,,,,,N,,,,,,,,,,,,,,,,N,,,,,,2011-08-01,2009-07-01,,0.0,1.0,1.0,1.0,120,1,1,120.0,120.0,120,5,,,0,0,7,2009,1,0,0,0,100,2560,8.222222222222221,1.0,1,1.0,1,0,0,0.0,0,0.0,0,Delinquent,Severe Delinquency (>90 DPD),1
,100829595540,92011,B,Other,Other,,5.875,5.875,175000.0,,171378.09,360,72009,92009,25.0,335.0,340.0,82039.0,80,90,2,32,666,699.0,N,P,PU,1,P,FL,23540,326,,FRM,N,N,,,05,,N,,,,,,,,,,,,,,,,,,,,,,,,,,,,,,,,N,,,,,,,N,,,,,,N,,,,,,,,,,,,,,,,N,,,,,,2011-09-01,2009-07-01,,0.0,1.0,1.0,1.0,150,1,1,150.0,150.0,150,6,,,0,0,8,2009,1,0,0,0,100,2560,8.222222222222221,1.0,1,1.0,1,0,0,0.0,0,0.0,0,Delinquent,Severe Delinquency (>90 DPD),1
,100829595540,102011,B,Other,Other,,5.875,5.875,175000.0,,171378.09,360,72009,92009,26.0,334.0,340.0,82039.0,80,90,2,32,666,699.0,N,P,PU,1,P,FL,23540,326,,FRM,N,N,,,06,,N,,,,,,,,,,,,,,,,,,,,,,,,,,,,,,,,N,,,,,,,N,,,,,,N,,,,,,,,,,,,,,,,N,,,,,,2011-10-01,2009-07-01,,0.0,1.0,1.0,1.0,180,1,1,180.0,180.0,180,7,,,0,0,9,2009,1,0,0,0,100,2560,8.222222222222221,1.0,1,1.0,1,0,0,0.0,0,0.0,0,Delinquent,Severe Delinquency (>90 DPD),1
,100829595540,112011,B,Other,Other,,5.875,5.875,175000.0,,171378.09,360,72009,92009,27.0,333.0,340.0,82039.0,80,90,2,32,666,699.0,N,P,PU,1,P,FL,23540,326,,FRM,N,N,,,07,,N,,,,,,,,,,,,,,,,,,,,,,,,,,,,,,,,N,,,,,,,N,,,,,,N,,,,,,,,,,,,,,,,N,,,,,,2011-11-01,2009-07-01,,0.0,1.0,1.0,1.0,210,1,1,210.0,210.0,210,8,,,0,0,10,2009,1,0,0,0,100,2560,8.222222222222221,1.0,1,1.0,1,0,0,0.0,0,0.0,0,Delinquent,Severe Delinquency (>90 DPD),1
,100829595540,122011,B,Other,Other,,5.875,5.875,175000.0,,171378.09,360,72009,92009,28.0,332.0,340.0,82039.0,80,90,2,32,666,699.0,N,P,PU,1,P,FL,23540,326,,FRM,N,N,,,08,,N,,,,,,,,,,,,,,,,,,,,,,,,,,,,,,,,N,,,,,,,N,,,,,,N,,,,,,,,,,,,,,,,N,,,,,,2011-12-01,2009-07-01,,0.0,1.0,1.0,1.0,240,1,1,240.0,240.0,240,9,,,0,0,11,2009,1,0,0,0,100,2560,8.222222222222221,1.0,1,1.0,1,0,0,0.0,0,0.0,0,Delinquent,Severe Delinquency (>90 DPD),1
,100829595540,12012,B,Other,Other,,5.875,5.875,175000.0,,171378.09,360,72009,92009,29.0,331.0,340.0,82039.0,80,90,2,32,666,699.0,N,P,PU,1,P,FL,23540,326,,FRM,N,N,,,09,,N,,,,,,,,,,,,,,,,,,,,,,,,,,,,,,,,N,,,,,,,N,,,,,,N,,,,,,,,,,,,,,,,N,,,,,,2012-01-01,2009-07-01,,0.0,1.0,1.0,1.0,270,1,1,270.0,270.0,270,10,,,0,0,12,2009,1,0,0,0,100,2560,8.222222222222221,1.0,1,1.0,1,0,0,0.0,0,0.0,0,Delinquent,Severe Delinquency (>90 DPD),1
,100829595540,22012,B,Other,Other,,5.875,5.875,175000.0,,171378.09,360,72009,92009,30.0,330.0,340.0,82039.0,80,90,2,32,666,699.0,N,P,PU,1,P,FL,23540,326,,FRM,N,N,,,10,,N,,,,,,,,,,,,,,,,,,,,,,,,,,,,,,,,N,,,,,,,N,,,,,,N,,,,,,,,,,,,,,,,N,,,,,,2012-02-01,2009-07-01,,0.0,1.0,1.0,1.0,300,1,1,300.0,300.0,300,11,,,0,0,13,2009,1,0,0,0,100,2560,8.222222222222221,1.0,1,1.0,1,0,0,0.0,0,0.0,0,Delinquent,Severe Delinquency (>90 DPD),1
,100829595540,32012,B,Other,Other,,5.875,5.875,175000.0,,171378.09,360,72009,92009,31.0,329.0,340.0,82039.0,80,90,2,32,666,699.0,N,P,PU,1,P,FL,23540,326,,FRM,N,N,,,11,,N,,,,,,,,,,,,,,,,,,,,,,,,,,,,,,,,N,,,,,,,N,,,,,,N,,,,,,,,,,,,,,,,N,,,,,,2012-03-01,2009-07-01,,0.0,1.0,1.0,1.0,330,1,1,330.0,330.0,330,12,,,0,0,14,2009,1,0,0,0,100,2560,8.222222222222221,1.0,1,1.0,1,0,0,0.0,0,0.0,0,Delinquent,Severe Delinquency (>90 DPD),1
,100829595540,42012,B,Other,Other,,5.875,5.875,175000.0,,171378.09,360,72009,92009,32.0,328.0,340.0,82039.0,80,90,2,32,666,699.0,N,P,PU,1,P,FL,23540,326,,FRM,N,N,,,12,,N,,,,,,,,,,,,,,,,,,,,,,,,,,,,,,,,N,,,,,,,N,,,,,,N,,,,,,,,,,,,,,,,N,,,,,,2012-04-01,2009-07-01,,0.0,1.0,1.0,1.0,360,1,1,360.0,360.0,360,13,,,0,0,15,2009,1,0,0,0,100,2560,8.222222222222221,1.0,1,1.0,1,0,0,0.0,0,0.0,0,Delinquent,Severe Delinquency (>90 DPD),1
,100829595540,52012,B,Other,Other,,5.875,5.875,175000.0,,171378.09,360,72009,92009,33.0,327.0,340.0,82039.0,80,90,2,32,666,699.0,N,P,PU,1,P,FL,23540,326,,FRM,N,N,,,13,,N,,,,,,,,,,,,,,,,,,,,,,,,,,,,,,,,N,,,,,,,N,,,,,,N,,,,,,,,,,,,,,,,N,,,,,,2012-05-01,2009-07-01,,0.0,1.0,1.0,1.0,390,1,1,390.0,390.0,390,14,,,0,0,16,2009,1,0,0,0,100,2560,8.222222222222221,1.0,1,1.0,1,0,0,0.0,0,0.0,0,Delinquent,Severe Delinquency (>90 DPD),1
,100829595540,62012,B,Other,Other,,5.875,5.875,175000.0,,171378.09,360,72009,92009,34.0,326.0,340.0,82039.0,80,90,2,32,666,699.0,N,P,PU,1,P,FL,23540,326,,FRM,N,N,,,14,,N,,,,,,,,,,,,,,,,,,,,,,,,,,,,,,,,N,,,,,,,N,,,,,,N,,,,,,,,,,,,,,,,N,,,,,,2012-06-01,2009-07-01,,0.0,1.0,1.0,1.0,420,1,1,420.0,420.0,420,15,,,0,0,17,2009,1,0,0,0,100,2560,8.222222222222221,1.0,1,1.0,1,0,0,0.0,0,0.0,0,Delinquent,Severe Delinquency (>90 DPD),1
,100829595540,72012,B,Other,Other,,5.875,5.875,175000.0,,171378.09,360,72009,92009,35.0,325.0,340.0,82039.0,80,90,2,32,666,699.0,N,P,PU,1,P,FL,23540,326,,FRM,N,N,,,15,,N,,,,,,,,,,,,,,,,,,,,,,,,,,,,,,,,N,,,,,,,N,,,,,,N,,,,,,,,,,,,,,,,N,,,,,,2012-07-01,2009-07-01,,0.0,1.0,1.0,1.0,450,1,1,450.0,450.0,450,16,,,0,0,18,2009,1,0,0,0,100,2560,8.222222222222221,1.0,1,1.0,1,0,0,0.0,0,0.0,0,Delinquent,Severe Delinquency (>90 DPD),1
,100829595540,82012,B,Other,Other,,5.875,5.875,175000.0,,171378.09,360,72009,92009,36.0,324.0,340.0,82039.0,80,90,2,32,666,699.0,N,P,PU,1,P,FL,23540,326,,FRM,N,N,,,16,,N,,,,,,,,,,,,,,,,,,,,,,,,,,,,,,,,N,,,,,,,N,,,,,,N,,,,,,,,,,,,,,,,N,,,,,,2012-08-01,2009-07-01,,0.0,1.0,1.0,1.0,480,1,1,480.0,480.0,480,17,,,0,0,19,2009,1,0,0,0,100,2560,8.222222222222221,1.0,1,1.0,1,0,0,0.0,0,0.0,0,Delinquent,Severe Delinquency (>90 DPD),1
,100829595540,92012,B,Other,Other,,5.875,5.875,175000.0,,171378.09,360,72009,92009,37.0,323.0,340.0,82039.0,80,90,2,32,666,699.0,N,P,PU,1,P,FL,23540,326,,FRM,N,N,,,17,,N,,,,,,,,,,,,,,,,,,,,,,,,,,,,,,,,N,,,,,,,N,,,,,,N,,,,,,,,,,,,,,,,N,,,,,,2012-09-01,2009-07-01,,0.0,1.0,1.0,1.0,510,1,1,510.0,510.0,510,18,,,0,0,20,2009,1,0,0,0,100,2560,8.222222222222221,1.0,1,1.0,1,0,0,0.0,0,0.0,0,Delinquent,Severe Delinquency (>90 DPD),1
,100829595540,102012,B,Other,Other,,5.875,5.875,175000.0,,171378.09,360,72009,92009,38.0,322.0,340.0,82039.0,80,90,2,32,666,699.0,N,P,PU,1,P,FL,23540,326,,FRM,N,N,,,18,,N,,,,,,,,,,,,,,,,,,,,,,,,,,,,,,,,N,,,,,,,N,,,,,,N,,,,,,,,,,,,,,,,N,,,,,,2012-10-01,2009-07-01,,0.0,1.0,1.0,1.0,540,1,1,540.0,540.0,540,19,,,0,0,21,2009,1,0,0,0,100,2560,8.222222222222221,1.0,1,1.0,1,0,0,0.0,0,0.0,0,Delinquent,Severe Delinquency (>90 DPD),1
,100829595540,112012,B,Other,Other,,5.875,5.875,175000.0,,171378.09,360,72009,92009,39.0,321.0,340.0,82039.0,80,90,2,32,666,699.0,N,P,PU,1,P,FL,23540,326,,FRM,N,N,,,19,,N,,,,,,,,,,,,,,,,,,,,,,,,,,,,,,,,N,,,,,,,N,,,,,,N,,,,,,,,,,,,,,,,N,,,,,,2012-11-01,2009-07-01,,0.0,1.0,1.0,1.0,570,1,1,570.0,570.0,570,20,,,0,0,22,2009,1,0,0,0,100,2560,8.222222222222221,1.0,1,1.0,1,0,0,0.0,0,0.0,0,Delinquent,Severe Delinquency (>90 DPD),1
,100829595540,122012,B,Other,Other,,5.875,5.875,175000.0,,171378.09,360,72009,92009,40.0,320.0,340.0,82039.0,80,90,2,32,666,699.0,N,P,PU,1,P,FL,23540,326,,FRM,N,N,,,20,,N,,,,,,,,,,,,,,,,,,,,,,,,,,,,,,,,N,,,,,,,N,,,,,,N,,,,,,,,,,,,,,,,N,,,,,,2012-12-01,2009-07-01,,0.0,1.0,1.0,1.0,600,1,1,600.0,600.0,600,21,,,0,0,23,2009,1,0,0,0,100,2560,8.222222222222221,1.0,1,1.0,1,0,0,0.0,0,0.0,0,Delinquent,Severe Delinquency (>90 DPD),1
,100829595540,12013,B,Other,Other,,5.875,5.875,175000.0,,171378.09,360,72009,92009,41.0,319.0,340.0,82039.0,80,90,2,32,666,699.0,N,P,PU,1,P,FL,23540,326,,FRM,N,N,,,21,,N,,,,,,,,,,,,,,,,,,,,,,,,,,,,,,,,N,,,,,,,N,,,,,,N,,,,,,,,,,,,,,,,N,,,,,,2013-01-01,2009-07-01,,0.0,1.0,1.0,1.0,630,1,1,630.0,630.0,630,22,,,0,0,24,2009,1,0,0,0,100,2560,8.222222222222221,1.0,1,1.0,1,0,0,0.0,0,0.0,0,Delinquent,Severe Delinquency (>90 DPD),1
,100829595540,22013,B,Other,Other,,5.875,5.875,175000.0,,171378.09,360,72009,92009,42.0,318.0,340.0,82039.0,80,90,2,32,666,699.0,N,P,PU,1,P,FL,23540,326,,FRM,N,N,,,22,,N,,,,,,,,,,,,,,,,,,,,,,,,,,,,,,,,N,,,,,,,N,,,,,,N,,,,,,,,,,,,,,,,N,,,,,,2013-02-01,2009-07-01,,0.0,1.0,1.0,1.0,660,1,1,660.0,660.0,660,23,,,0,0,25,2009,1,0,0,0,100,2560,8.222222222222221,1.0,1,1.0,1,0,0,0.0,0,0.0,0,Delinquent,Severe Delinquency (>90 DPD),1
,100829595540,32013,B,Other,Other,,5.875,5.875,175000.0,,171378.09,360,72009,92009,43.0,317.0,340.0,82039.0,80,90,2,32,666,699.0,N,P,PU,1,P,FL,23540,326,,FRM,N,N,,,23,,N,,,,,,,,,,,,,,,,,,,,,,,,,,,,,,,,N,,,,,,,N,,,,,,N,,,,,,,,,,,,,,,,N,,,,,,2013-03-01,2009-07-01,,0.0,1.0,1.0,1.0,690,1,1,690.0,690.0,690,24,,,0,0,26,2009,1,0,0,0,100,2560,8.222222222222221,1.0,1,1.0,1,0,0,0.0,0,0.0,0,Delinquent,Severe Delinquency (>90 DPD),1
,100829595540,42013,B,Other,Other,,5.875,5.875,175000.0,,171378.09,360,72009,92009,44.0,316.0,340.0,82039.0,80,90,2,32,666,699.0,N,P,PU,1,P,FL,23540,326,,FRM,N,N,,,24,,N,,,,,,,,,,,,,,,,,,,,,,,,,,,,,,,,N,,,,,,,N,,,,,,N,,,,,,,,,,,,,,,,N,,,,,,2013-04-01,2009-07-01,,0.0,1.0,1.0,1.0,720,1,1,720.0,720.0,720,25,,,0,0,27,2009,1,0,0,0,100,2560,8.222222222222221,1.0,1,1.0,1,0,0,0.0,0,0.0,0,Delinquent,Severe Delinquency (>90 DPD),1
,100829595540,52013,B,Other,Other,,5.875,5.875,175000.0,,171378.09,360,72009,92009,45.0,315.0,340.0,82039.0,80,90,2,32,666,699.0,N,P,PU,1,P,FL,23540,326,,FRM,N,N,,,25,,N,,,,,,,,,,,,,,,,,,,,,,,,,,,,,,,,N,,,,,,,N,,,,,,N,,,,,,,,,,,,,,,,N,,,,,,2013-05-01,2009-07-01,,0.0,1.0,1.0,1.0,750,1,1,750.0,750.0,750,26,,,0,0,28,2009,1,0,0,0,100,2560,8.222222222222221,1.0,1,1.0,1,0,0,0.0,0,0.0,0,Delinquent,Severe Delinquency (>90 DPD),1
,100829595540,62013,B,Other,Other,,5.875,5.875,175000.0,,171378.09,360,72009,92009,46.0,314.0,340.0,82039.0,80,90,2,32,666,699.0,N,P,PU,1,P,FL,23540,326,,FRM,N,N,,,26,,N,,,,,,,,,,,,,,,,,,,,,,,,,,,,,,,,N,,,,,,,N,,,,,,N,,,,,,,,,,,,,,,,N,,,,,,2013-06-01,2009-07-01,,0.0,1.0,1.0,1.0,780,1,1,780.0,780.0,780,27,,,0,0,29,2009,1,0,0,0,100,2560,8.222222222222221,1.0,1,1.0,1,0,0,0.0,0,0.0,0,Delinquent,Severe Delinquency (>90 DPD),1
,100829595540,72013,B,Other,"Fannie Mae/Seterus, Inc. As Subservicer",,5.875,5.875,175000.0,,170983.4,360,72009,92009,47.0,313.0,338.0,82039.0,80,90,2,32,666,699.0,N,P,PU,1,P,FL,23540,326,,FRM,N,N,,,25,,N,,,,,,,,,,,,,,,,,,,,,,,,,,,,,,,,Y,,,,,,,N,,,,,,N,,,,,,,,,,,,,,,,N,,,,,,2013-07-01,2009-07-01,,0.0,1.0,1.0,1.0,750,1,1,780.0,780.0,780,28,,,0,0,30,2009,1,0,0,0,100,2560,8.222222222222221,1.0,1,1.0,1,0,0,0.0,0,0.0,0,Delinquent,Severe Delinquency (>90 DPD),1
,100829595540,82013,B,Other,"Fannie Mae/Seterus, Inc. As Subservicer",,5.875,5.875,175000.0,,170983.4,360,72009,92009,48.0,480.0,,82053.0,80,90,2,32,666,699.0,N,P,PU,1,P,FL,23540,326,,FRM,N,N,,,26,,Y,,,,,,,,,,,,,,,,,,,,,0.0,,,,,,,,,,,N,,,,,,,N,,,,,,N,,,,,,,,,,,,,,,,N,,,,,,2013-08-01,2009-07-01,,0.0,1.0,1.0,1.0,780,1,1,780.0,780.0,780,29,,,0,0,31,2009,1,0,0,0,100,2560,8.222222222222221,1.0,1,1.0,1,0,0,0.0,0,0.0,0,Delinquent,Severe Delinquency (>90 DPD),1
,100829595540,92013,B,Other,"Fannie Mae/Seterus, Inc. As Subservicer",,5.875,5.875,175000.0,,170784.61,360,72009,92009,49.0,479.0,,82053.0,80,90,2,32,666,699.0,N,P,PU,1,P,FL,23540,326,,FRM,N,N,,,26,,Y,,,,,,,,,,,,,,,,,,,,,0.0,,,,,,,,,,,N,,,,,,,N,,,,,,N,,,,,,,,,,,,,,,,N,,,,,,2013-09-01,2009-07-01,,0.0,1.0,1.0,1.0,780,1,1,780.0,780.0,780,30,,,0,0,31,2009,1,0,0,0,100,2560,8.222222222222221,0.0,0,0.0,0,0,0,0.0,0,0.0,0,Current,Severe Delinquency (>90 DPD),1
,100829595540,102013,B,Other,Other,,5.875,4.0,175000.0,,199984.52,360,72009,92009,50.0,478.0,,82053.0,80,90,2,32,666,699.0,N,P,PU,1,P,FL,23540,326,,FRM,N,N,,,00,,Y,,,,,,,,,,,,,,,,,,,,,0.0,,,,,,,,,,,N,,,,,,,N,,,,,,N,,,,,,,,,,,,,,,,N,,,,,,2013-10-01,2009-07-01,,-1.875,1.0,1.0,1.0,0,0,1,780.0,780.0,780,30,,,0,0,32,2009,1,0,0,0,100,2560,8.222222222222221,0.0,0,0.0,0,0,0,0.0,0,0.0,0,Current,None,0
,100829595540,112013,B,Other,Other,,5.875,4.0,175000.0,,199801.68,360,72009,92009,51.0,477.0,,82053.0,80,90,2,32,666,699.0,N,P,PU,1,P,FL,23540,326,,FRM,N,N,,,00,,Y,,,,,,,,,,,,,,,,,,,,,0.0,,,,,,,,,,,N,,,,,,,N,,,,,,N,,,,,,,,,,,,,,,,N,,,,,,2013-11-01,2009-07-01,,-1.875,1.0,1.0,1.0,0,0,1,780.0,780.0,780,30,,,0,0,32,2009,1,0,0,0,100,2560,8.222222222222221,0.0,0,0.0,0,0,0,0.0,0,0.0,0,Current,None,0
,100829595540,122013,B,Other,Other,,5.875,4.0,175000.0,,199618.23,360,72009,92009,52.0,476.0,,82053.0,80,90,2,32,666,699.0,N,P,PU,1,P,FL,23540,326,,FRM,N,N,,,00,,Y,,,,,,,,,,,,,,,,,,,,,0.0,,,,,,,,,,,N,,,,,,,N,,,,,,N,,,,,,,,,,,,,,,,N,,,,,,2013-12-01,2009-07-01,,-1.875,1.0,1.0,1.0,0,0,1,0.0,780.0,780,30,,,0,0,32,2009,1,0,0,0,100,2560,8.222222222222221,0.0,0,0.0,0,0,0,0.0,0,0.0,0,Current,None,0
,100829595540,12014,B,Other,"Fannie Mae/Seterus, Inc. As Subservicer",,5.875,4.0,175000.0,,199434.16,360,72009,92009,53.0,475.0,,82053.0,80,90,2,32,666,699.0,N,P,PU,1,P,FL,23540,326,,FRM,N,N,,,00,,Y,,,,,,,,,,,,,,,,,,,,,0.0,,,,,,,,,,,N,,,,,,,N,,,,,,N,,,,,,,,,,,,,,,,N,,,,,,2014-01-01,2009-07-01,,-1.875,1.0,1.0,1.0,0,0,1,0.0,780.0,780,30,,,0,0,32,2009,1,0,0,0,100,2560,8.222222222222221,0.0,0,0.0,0,0,0,0.0,0,0.0,0,Current,None,0
,100829595540,22014,B,Other,"Fannie Mae/Seterus, Inc. As Subservicer",,5.875,4.0,175000.0,,199249.48,360,72009,92009,54.0,474.0,,82053.0,80,90,2,32,666,699.0,N,P,PU,1,P,FL,23540,326,,FRM,N,N,,,00,,Y,,,,,,,,,,,,,,,,,,,,,0.0,,,,,,,,,,,N,,,,,,,N,,,,,,N,,,,,,,,,,,,,,,,N,,,,,,2014-02-01,2009-07-01,,-1.875,1.0,1.0,1.0,0,0,1,0.0,780.0,780,30,,,0,0,32,2009,1,0,0,0,100,2560,8.222222222222221,0.0,0,0.0,0,0,0,0.0,0,0.0,0,Current,None,0
,100829595540,32014,B,Other,"Fannie Mae/Seterus, Inc. As Subservicer",,5.875,4.0,175000.0,,199064.18,360,72009,92009,55.0,473.0,,82053.0,80,90,2,32,666,699.0,N,P,PU,1,P,FL,23540,326,,FRM,N,N,,,00,,Y,,,,,,,,,,,,,,,,,,,,,0.0,,,,,,,,,,,N,,,,,,,N,,,,,,N,,,,,,,,,,,,,,,,N,,,,,,2014-03-01,2009-07-01,,-1.875,1.0,1.0,1.0,0,0,1,0.0,0.0,780,30,,,0,0,32,2009,1,0,0,0,100,2560,8.222222222222221,0.0,0,0.0,0,0,0,0.0,0,0.0,0,Current,None,0
,100829595540,42014,B,Other,"Fannie Mae/Seterus, Inc. As Subservicer",,5.875,4.0,175000.0,,198878.27,360,72009,92009,56.0,472.0,,82053.0,80,90,2,32,666,699.0,N,P,PU,1,P,FL,23540,326,,FRM,N,N,,,00,,Y,,,,,,,,,,,,,,,,,,,,,0.0,,,,,,,,,,,Y,,,,,,,N,,,,,,N,,,,,,,,,,,,,,,,N,,,,,,2014-04-01,2009-07-01,,-1.875,1.0,1.0,1.0,0,0,1,0.0,0.0,780,30,,,0,0,32,2009,1,0,0,0,100,2560,8.222222222222221,0.0,0,0.0,0,0,0,0.0,0,0.0,0,Current,None,0
,100829595540,52014,B,Other,"Fannie Mae/Seterus, Inc. As Subservicer",,5.875,4.0,175000.0,,198691.74,360,72009,92009,57.0,471.0,,82053.0,80,90,2,32,666,699.0,N,P,PU,1,P,FL,23540,326,,FRM,N,N,,,00,,Y,,,,,,,,,,,,,,,,,,,,,0.0,,,,,,,,,,,N,,,,,,,N,,,,,,N,,,,,,,,,,,,,,,,N,,,,,,2014-05-01,2009-07-01,,-1.875,1.0,1.0,1.0,0,0,1,0.0,0.0,780,30,,,0,0,32,2009,1,0,0,0,100,2560,8.222222222222221,0.0,0,0.0,0,0,0,0.0,0,0.0,0,Current,None,0
,100829595540,62014,B,Other,"Fannie Mae/Seterus, Inc. As Subservicer",,5.875,4.0,175000.0,,198504.59,360,72009,92009,58.0,470.0,,82053.0,80,90,2,32,666,699.0,N,P,PU,1,P,FL,23540,326,,FRM,N,N,,,00,,Y,,,,,,,,,,,,,,,,,,,,,0.0,,,,,,,,,,,N,,,,,,,N,,,,,,N,,,,,,,,,,,,,,,,N,,,,,,2014-06-01,2009-07-01,,-1.875,1.0,1.0,1.0,0,0,1,0.0,0.0,780,30,,,0,0,32,2009,1,0,0,0,100,2560,8.222222222222221,0.0,0,0.0,0,0,0,0.0,0,0.0,0,Current,None,0
,100829595540,72014,B,Other,"Fannie Mae/Seterus, Inc. As Subservicer",,5.875,4.0,175000.0,,198316.81,360,72009,92009,59.0,469.0,,82053.0,80,90,2,32,666,699.0,N,P,PU,1,P,FL,23540,326,,FRM,N,N,,,00,,Y,,,,,,,,,,,,,,,,,,,,,0.0,,,,,,,,,,,N,,,,,,,N,,,,,,N,,,,,,,,,,,,,,,,N,,,,,,2014-07-01,2009-07-01,,-1.875,1.0,1.0,1.0,0,0,1,0.0,0.0,780,30,,,0,0,32,2009,1,0,0,0,100,2560,8.222222222222221,0.0,0,0.0,0,0,0,0.0,0,0.0,0,Current,None,0
,100829595540,82014,B,Other,"Fannie Mae/Seterus, Inc. As Subservicer",,5.875,4.0,175000.0,,198128.41,360,72009,92009,60.0,468.0,,82053.0,80,90,2,32,666,699.0,N,P,PU,1,P,FL,23540,326,,FRM,N,N,,,00,,Y,,,,,,,,,,,,,,,,,,,,,0.0,,,,,,,,,,,N,,,,,,,N,,,,,,N,,,,,,,,,,,,,,,,N,,,,,,2014-08-01,2009-07-01,,-1.875,1.0,1.0,1.0,0,0,1,0.0,0.0,780,30,,,0,0,32,2009,1,0,0,0,100,2560,8.222222222222221,0.0,0,0.0,0,0,0,0.0,0,0.0,0,Current,None,0
,100829595540,92014,B,Other,"Fannie Mae/Seterus, Inc. As Subservicer",,5.875,4.0,175000.0,,197939.38,360,72009,92009,61.0,467.0,,82053.0,80,90,2,32,666,699.0,N,P,PU,1,P,FL,23540,326,,FRM,N,N,,,00,,Y,,,,,,,,,,,,,,,,,,,,,0.0,,,,,,,,,,,N,,,,,,,N,,,,,,N,,,,,,,,,,,,,,,,N,,,,,,2014-09-01,2009-07-01,,-1.875,1.0,1.0,1.0,0,0,1,0.0,0.0,780,30,,,0,0,32,2009,1,0,0,0,100,2560,8.222222222222221,0.0,0,0.0,0,0,0,0.0,0,0.0,0,Current,None,0
,100829595540,102014,B,Other,"Fannie Mae/Seterus, Inc. As Subservicer",,5.875,4.0,175000.0,,197749.72,360,72009,92009,62.0,466.0,,82053.0,80,90,2,32,666,699.0,N,P,PU,1,P,FL,23540,326,,FRM,N,N,,,00,,Y,,,,,,,,,,,,,,,,,,,,,0.0,,,,,,,,,,,N,,,,,,,N,,,,,,N,,,,,,,,,,,,,,,,N,,,,,,2014-10-01,2009-07-01,,-1.875,1.0,1.0,1.0,0,0,1,0.0,0.0,780,30,,,0,0,32,2009,1,0,0,0,100,2560,8.222222222222221,0.0,0,0.0,0,0,0,0.0,0,0.0,0,Current,None,0
,100829595540,112014,B,Other,"Fannie Mae/Seterus, Inc. As Subservicer",,5.875,4.0,175000.0,,197559.43,360,72009,92009,63.0,465.0,,82053.0,80,90,2,32,666,699.0,N,P,PU,1,P,FL,23540,326,,FRM,N,N,,,00,,Y,,,,,,,,,,,,,,,,,,,,,0.0,,,,,,,,,,,N,,,,,,,N,,,,,,N,,,,,,,,,,,,,,,,N,,,,,,2014-11-01,2009-07-01,,-1.875,1.0,1.0,1.0,0,0,1,0.0,0.0,780,30,,,0,0,32,2009,1,0,0,0,100,2560,8.222222222222221,0.0,0,0.0,0,0,0,0.0,0,0.0,0,Current,None,0
,100829595540,122014,B,Other,"Fannie Mae/Seterus, Inc. As Subservicer",,5.875,4.0,175000.0,,197368.5,360,72009,92009,64.0,464.0,,82053.0,80,90,2,32,666,699.0,N,P,PU,1,P,FL,23540,326,,FRM,N,N,,,00,,Y,,,,,,,,,,,,,,,,,,,,,0.0,,,,,,,,,,,N,,,,,,,N,,,,,,N,,,,,,,,,,,,,,,,N,,,,,,2014-12-01,2009-07-01,,-1.875,1.0,1.0,1.0,0,0,1,0.0,0.0,780,30,,,0,0,32,2009,1,0,0,0,100,2560,8.222222222222221,0.0,0,0.0,0,0,0,0.0,0,0.0,0,Current,None,0
,100829595540,12015,B,Other,"Fannie Mae/Seterus, Inc. As Subservicer",,5.875,4.0,175000.0,,197176.93,360,72009,92009,65.0,463.0,,82053.0,80,90,2,32,666,699.0,N,P,PU,1,P,FL,23540,326,,FRM,N,N,,,00,,Y,,,,,,,,,,,,,,,,,,,,,0.0,,,,,,,,,,,N,,,,,,,N,,,,,,N,,,,,,,,,,,,,,,,N,,,,,,2015-01-01,2009-07-01,,-1.875,1.0,1.0,1.0,0,0,1,0.0,0.0,780,30,,,0,0,32,2009,1,0,0,0,100,2560,8.222222222222221,0.0,0,0.0,0,0,0,0.0,0,0.0,0,Current,None,0
,100829595540,22015,B,Other,"Fannie Mae/Seterus, Inc. As Subservicer",,5.875,4.0,175000.0,,196984.73,360,72009,92009,66.0,462.0,,82053.0,80,90,2,32,666,699.0,N,P,PU,1,P,FL,23540,326,,FRM,N,N,,,00,,Y,,,,,,,,,,,,,,,,,,,,,0.0,,,,,,,,,,,N,,,,,,,N,,,,,,N,,,,,,,,,,,,,,,,N,,,,,,2015-02-01,2009-07-01,,-1.875,1.0,1.0,1.0,0,0,1,0.0,0.0,780,30,,,0,0,32,2009,1,0,0,0,100,2560,8.222222222222221,0.0,0,0.0,0,0,0,0.0,0,0.0,0,Current,None,0
,100829595540,32015,B,Other,"Fannie Mae/Seterus, Inc. As Subservicer",,5.875,4.0,175000.0,,196791.89,360,72009,92009,67.0,461.0,,82053.0,80,90,2,32,666,699.0,N,P,PU,1,P,FL,23540,326,,FRM,N,N,,,00,,Y,,,,,,,,,,,,,,,,,,,,,0.0,,,,,,,,,,,N,,,,,,,N,,,,,,N,,,,,,,,,,,,,,,,N,,,,,,2015-03-01,2009-07-01,,-1.875,1.0,1.0,1.0,0,0,1,0.0,0.0,780,30,,,0,0,32,2009,1,0,0,0,100,2560,8.222222222222221,0.0,0,0.0,0,0,0,0.0,0,0.0,0,Current,None,0
,100829595540,42015,B,Other,"Fannie Mae/Seterus, Inc. As Subservicer",,5.875,4.0,175000.0,,196598.4,360,72009,92009,68.0,460.0,,82053.0,80,90,2,32,666,699.0,N,P,PU,1,P,FL,23540,326,,FRM,N,N,,,00,,Y,,,,,,,,,,,,,,,,,,,,,0.0,,,,,,,,,,,N,,,,,,,N,,,,,,N,,,,,,,,,,,,,,,,N,,,,,,2015-04-01,2009-07-01,,-1.875,1.0,1.0,1.0,0,0,1,0.0,0.0,780,30,,,0,0,32,2009,1,0,0,0,100,2560,8.222222222222221,0.0,0,0.0,0,0,0,0.0,0,0.0,0,Current,None,0
,100829595540,52015,B,Other,"Fannie Mae/Seterus, Inc. As Subservicer",,5.875,4.0,175000.0,,196404.27,360,72009,92009,69.0,459.0,,82053.0,80,90,2,32,666,699.0,N,P,PU,1,P,FL,23540,326,,FRM,N,N,,,00,,Y,,,,,,,,,,,,,,,,,,,,,0.0,,,,,,,,,,,N,,,,,,,N,,,,,,N,,,,,,,,,,,,,,,,N,,,,,,2015-05-01,2009-07-01,,-1.875,1.0,1.0,1.0,0,0,1,0.0,0.0,780,30,,,0,0,32,2009,1,0,0,0,100,2560,8.222222222222221,0.0,0,0.0,0,0,0,0.0,0,0.0,0,Current,None,0
,100829595540,62015,B,Other,"Fannie Mae/Seterus, Inc. As Subservicer",,5.875,4.0,175000.0,,196209.49,360,72009,92009,70.0,458.0,,82053.0,80,90,2,32,666,699.0,N,P,PU,1,P,FL,23540,326,,FRM,N,N,,,00,,Y,,,,,,,,,,,,,,,,,,,,,0.0,,,,,,,,,,,N,,,,,,,N,,,,,,N,,,,,,,,,,,,,,,,N,,,,,,2015-06-01,2009-07-01,,-1.875,1.0,1.0,1.0,0,0,1,0.0,0.0,780,30,,,0,0,32,2009,1,0,0,0,100,2560,8.222222222222221,0.0,0,0.0,0,0,0,0.0,0,0.0,0,Current,None,0
,100829595540,72015,B,Other,"Fannie Mae/Seterus, Inc. As Subservicer",,5.875,4.0,175000.0,,196014.06,360,72009,92009,71.0,457.0,,82053.0,80,90,2,32,666,699.0,N,P,PU,1,P,FL,23540,326,,FRM,N,N,,,00,,Y,,,,,,,,,,,,,,,,,,,,,0.0,,,,,,,,,,,N,,,,,,,N,,,,,,N,,,,,,,,,,,,,,,,N,,,,,,2015-07-01,2009-07-01,,-1.875,1.0,1.0,1.0,0,0,1,0.0,0.0,780,30,,,0,0,32,2009,1,0,0,0,100,2560,8.222222222222221,0.0,0,0.0,0,0,0,0.0,0,0.0,0,Current,None,0
,100829595540,82015,B,Other,"Fannie Mae/Seterus, Inc. As Subservicer",,5.875,4.0,175000.0,,195817.98,360,72009,92009,72.0,456.0,,82053.0,80,90,2,32,666,699.0,N,P,PU,1,P,FL,23540,326,,FRM,N,N,,,00,,Y,,,,,,,,,,,,,,,,,,,,,0.0,,,,,,,,,,,N,,,,,,,N,,,,,,N,,,,,,,,,,,,,,,,N,,,,,,2015-08-01,2009-07-01,,-1.875,1.0,1.0,1.0,0,0,1,0.0,0.0,780,30,,,0,0,32,2009,1,0,0,0,100,2560,8.222222222222221,0.0,0,0.0,0,0,0,0.0,0,0.0,0,Current,None,0
,100829595540,92015,B,Other,"Fannie Mae/Seterus, Inc. As Subservicer",,5.875,4.0,175000.0,,195621.25,360,72009,92009,73.0,455.0,,82053.0,80,90,2,32,666,699.0,N,P,PU,1,P,FL,23540,326,,FRM,N,N,,,00,,Y,,,,,,,,,,,,,,,,,,,,,0.0,,,,,,,,,,,N,,,,,,,N,,,,,,N,,,,,,,,,,,,,,,,N,,,,,,2015-09-01,2009-07-01,,-1.875,1.0,1.0,1.0,0,0,1,0.0,0.0,780,30,,,0,0,32,2009,1,0,0,0,100,2560,8.222222222222221,0.0,0,0.0,0,0,0,0.0,0,0.0,0,Current,None,0
,100829595540,102015,B,Other,"Fannie Mae/Seterus, Inc. As Subservicer",,5.875,4.0,175000.0,,195423.86,360,72009,92009,74.0,454.0,,82053.0,80,90,2,32,666,699.0,N,P,PU,1,P,FL,23540,326,,FRM,N,N,,,00,,Y,,,,,,,,,,,,,,,,,,,,,0.0,,,,,,,,,,,N,,,,,,,N,,,,,,N,,,,,,,,,,,,,,,,N,,,,,,2015-10-01,2009-07-01,,-1.875,1.0,1.0,1.0,0,0,1,0.0,0.0,780,30,,,0,0,32,2009,1,0,0,0,100,2560,8.222222222222221,0.0,0,0.0,0,0,0,0.0,0,0.0,0,Current,None,0
,100829595540,112015,B,Other,"Fannie Mae/Seterus, Inc. As Subservicer",,5.875,4.0,175000.0,,195225.81,360,72009,92009,75.0,453.0,,82053.0,80,90,2,32,666,699.0,N,P,PU,1,P,FL,23540,326,,FRM,N,N,,,00,,Y,,,,,,,,,,,,,,,,,,,,,0.0,,,,,,,,,,,N,,,,,,,N,,,,,,N,,,,,,,,,,,,,,,,N,,,,,,2015-11-01,2009-07-01,,-1.875,1.0,1.0,1.0,0,0,1,0.0,0.0,780,30,,,0,0,32,2009,1,0,0,0,100,2560,8.222222222222221,0.0,0,0.0,0,0,0,0.0,0,0.0,0,Current,None,0
,100829595540,122015,B,Other,"Fannie Mae/Seterus, Inc. As Subservicer",,5.875,4.0,175000.0,,195027.1,360,72009,92009,76.0,452.0,,82053.0,80,90,2,32,666,699.0,N,P,PU,1,P,FL,23540,326,,FRM,N,N,,,00,,Y,,,,,,,,,,,,,,,,,,,,,0.0,,,,,,,,,,,N,,,,,,,N,,,,,,N,,,,,,,,,,,,,,,,N,,,,,,2015-12-01,2009-07-01,,-1.875,1.0,1.0,1.0,0,0,1,0.0,0.0,780,30,,,0,0,32,2009,1,0,0,0,100,2560,8.222222222222221,0.0,0,0.0,0,0,0,0.0,0,0.0,0,Current,None,0
,100829595540,12016,B,Other,"Fannie Mae/Seterus, Inc. As Subservicer",,5.875,4.0,175000.0,,194827.73,360,72009,92009,77.0,451.0,,82053.0,80,90,2,32,666,699.0,N,P,PU,1,P,FL,23540,326,,FRM,N,N,,,00,,Y,,,,,,,,,,,,,,,,,,,,,0.0,,,,,,,,,,,N,,,,,,,N,,,,,,N,,,,,,,,,,,,,,,,N,,,,,,2016-01-01,2009-07-01,,-1.875,1.0,1.0,1.0,0,0,1,0.0,0.0,780,30,,,0,0,32,2009,1,0,0,0,100,2560,8.222222222222221,0.0,0,0.0,0,0,0,0.0,0,0.0,0,Current,None,0
,100829595540,22016,B,Other,"Fannie Mae/Seterus, Inc. As Subservicer",,5.875,4.0,175000.0,,194627.7,360,72009,92009,78.0,450.0,,82053.0,80,90,2,32,666,699.0,N,P,PU,1,P,FL,23540,326,,FRM,N,N,,,00,,Y,,,,,,,,,,,,,,,,,,,,,0.0,,,,,,,,,,,N,,,,,,,N,,,,,,N,,,,,,,,,,,,,,,,N,,,,,,2016-02-01,2009-07-01,,-1.875,1.0,1.0,1.0,0,0,1,0.0,0.0,780,30,,,0,0,32,2009,1,0,0,0,100,2560,8.222222222222221,0.0,0,0.0,0,0,0,0.0,0,0.0,0,Current,None,0
,100829595540,32016,B,Other,"Fannie Mae/Seterus, Inc. As Subservicer",,5.875,4.0,175000.0,,194427.0,360,72009,92009,79.0,449.0,,82053.0,80,90,2,32,666,699.0,N,P,PU,1,P,FL,23540,326,,FRM,N,N,,,00,,Y,,,,,,,,,,,,,,,,,,,,,0.0,,,,,,,,,,,N,,,,,,,N,,,,,,N,,,,,,,,,,,,,,,,N,,,,,,2016-03-01,2009-07-01,,-1.875,1.0,1.0,1.0,0,0,1,0.0,0.0,780,30,,,0,0,32,2009,1,0,0,0,100,2560,8.222222222222221,0.0,0,0.0,0,0,0,0.0,0,0.0,0,Current,None,0
,100829595540,42016,B,Other,"Fannie Mae/Seterus, Inc. As Subservicer",,5.875,4.0,175000.0,,194225.63,360,72009,92009,80.0,448.0,,82053.0,80,90,2,32,666,699.0,N,P,PU,1,P,FL,23540,326,,FRM,N,N,,,00,,Y,,,,,,,,,,,,,,,,,,,,,0.0,,,,,,,,,,,N,,,,,,,N,,,,,,N,,,,,,,,,,,,,,,,N,,,,,,2016-04-01,2009-07-01,,-1.875,1.0,1.0,1.0,0,0,1,0.0,0.0,780,30,,,0,0,32,2009,1,0,0,0,100,2560,8.222222222222221,0.0,0,0.0,0,0,0,0.0,0,0.0,0,Current,None,0
,100829595540,52016,B,Other,"Fannie Mae/Seterus, Inc. As Subservicer",,5.875,4.0,175000.0,,194023.59,360,72009,92009,81.0,447.0,,82053.0,80,90,2,32,666,699.0,N,P,PU,1,P,FL,23540,326,,FRM,N,N,,,00,,Y,,,,,,,,,,,,,,,,,,,,,0.0,,,,,,,,,,,N,,,,,,,N,,,,,,N,,,,,,,,,,,,,,,,N,,,,,,2016-05-01,2009-07-01,,-1.875,1.0,1.0,1.0,0,0,1,0.0,0.0,780,30,,,0,0,32,2009,1,0,0,0,100,2560,8.222222222222221,0.0,0,0.0,0,0,0,0.0,0,0.0,0,Current,None,0
,100829595540,62016,B,Other,"Fannie Mae/Seterus, Inc. As Subservicer",,5.875,4.0,175000.0,,193820.88,360,72009,92009,82.0,446.0,,82053.0,80,90,2,32,666,699.0,N,P,PU,1,P,FL,23540,326,,FRM,N,N,,,00,,Y,,,,,,,,,,,,,,,,,,,,,0.0,,,,,,,,,,,N,,,,,,,N,,,,,,N,,,,,,,,,,,,,,,,N,,,,,,2016-06-01,2009-07-01,,-1.875,1.0,1.0,1.0,0,0,1,0.0,0.0,780,30,,,0,0,32,2009,1,0,0,0,100,2560,8.222222222222221,0.0,0,0.0,0,0,0,0.0,0,0.0,0,Current,None,0
,100829595540,72016,B,Other,"Fannie Mae/Seterus, Inc. As Subservicer",,5.875,4.0,175000.0,,193617.49,360,72009,92009,83.0,445.0,,82053.0,80,90,2,32,666,699.0,N,P,PU,1,P,FL,23540,326,,FRM,N,N,,,00,,Y,,,,,,,,,,,,,,,,,,,,,0.0,,,,,,,,,,,N,,,,,,,N,,,,,,N,,,,,,,,,,,,,,,,N,,,,,,2016-07-01,2009-07-01,,-1.875,1.0,1.0,1.0,0,0,1,0.0,0.0,780,30,,,0,0,32,2009,1,0,0,0,100,2560,8.222222222222221,0.0,0,0.0,0,0,0,0.0,0,0.0,0,Current,None,0
,100829595540,82016,B,Other,"Fannie Mae/Seterus, Inc. As Subservicer",,5.875,4.0,175000.0,,193413.42,360,72009,92009,84.0,444.0,,82053.0,80,90,2,32,666,699.0,N,P,PU,1,P,FL,23540,326,,FRM,N,N,,,00,,Y,,,,,,,,,,,,,,,,,,,,,0.0,,,,,,,,,,,N,,,,,,,N,,,,,,N,,,,,,,,,,,,,,,,N,,,,,,2016-08-01,2009-07-01,,-1.875,1.0,1.0,1.0,0,0,1,0.0,0.0,780,30,,,0,0,32,2009,1,0,0,0,100,2560,8.222222222222221,0.0,0,0.0,0,0,0,0.0,0,0.0,0,Current,None,0
,100829595540,92016,B,Other,"Fannie Mae/Seterus, Inc. As Subservicer",,5.875,4.0,175000.0,,193208.67,360,72009,92009,85.0,443.0,,82053.0,80,90,2,32,666,699.0,N,P,PU,1,P,FL,23540,326,,FRM,N,N,,,00,,Y,,,,,,,,,,,,,,,,,,,,,0.0,,,,,,,,,,,N,,,,,,,N,,,,,,N,,,,,,,,,,,,,,,,N,,,,,,2016-09-01,2009-07-01,,-1.875,1.0,1.0,1.0,0,0,1,0.0,0.0,780,30,,,0,0,32,2009,1,0,0,0,100,2560,8.222222222222221,0.0,0,0.0,0,0,0,0.0,0,0.0,0,Current,None,0
,100829595540,102016,B,Other,"Fannie Mae/Seterus, Inc. As Subservicer",,5.875,4.0,175000.0,,193003.24,360,72009,92009,86.0,442.0,,82053.0,80,90,2,32,666,699.0,N,P,PU,1,P,FL,23540,326,,FRM,N,N,,,00,,Y,,,,,,,,,,,,,,,,,,,,,0.0,,,,,,,,,,,N,,,,,,,N,,,,,,N,,,,,,,,,,,,,,,,N,,,,,,2016-10-01,2009-07-01,,-1.875,1.0,1.0,1.0,0,0,1,0.0,0.0,780,30,,,0,0,32,2009,1,0,0,0,100,2560,8.222222222222221,0.0,0,0.0,0,0,0,0.0,0,0.0,0,Current,None,0
,100829595540,112016,B,Other,"Fannie Mae/Seterus, Inc. As Subservicer",,5.875,4.0,175000.0,,192797.12,360,72009,92009,87.0,441.0,,82053.0,80,90,2,32,666,699.0,N,P,PU,1,P,FL,23540,326,,FRM,N,N,,,00,,Y,,,,,,,,,,,,,,,,,,,,,0.0,,,,,,,,,,,N,,,,,,,N,,,,,,N,,,,,,,,,,,,,,,,N,,,,,,2016-11-01,2009-07-01,,-1.875,1.0,1.0,1.0,0,0,1,0.0,0.0,780,30,,,0,0,32,2009,1,0,0,0,100,2560,8.222222222222221,0.0,0,0.0,0,0,0,0.0,0,0.0,0,Current,None,0
,100829595540,122016,B,Other,"Fannie Mae/Seterus, Inc. As Subservicer",,5.875,4.0,175000.0,,192590.32,360,72009,92009,88.0,440.0,,82053.0,80,90,2,32,666,699.0,N,P,PU,1,P,FL,23540,326,,FRM,N,N,,,00,,Y,,,,,,,,,,,,,,,,,,,,,0.0,,,,,,,,,,,N,,,,,,,N,,,,,,N,,,,,,,,,,,,,,,,N,,,,,,2016-12-01,2009-07-01,,-1.875,1.0,1.0,1.0,0,0,1,0.0,0.0,780,30,,,0,0,32,2009,1,0,0,0,100,2560,8.222222222222221,0.0,0,0.0,0,0,0,0.0,0,0.0,0,Current,None,0
,100829595540,12017,B,Other,"Fannie Mae/Seterus, Inc. As Subservicer",,5.875,4.0,175000.0,,192382.83,360,72009,92009,89.0,439.0,,82053.0,80,90,2,32,666,699.0,N,P,PU,1,P,FL,23540,326,,FRM,N,N,,,00,,Y,,,,,,,,,,,,,,,,,,,,,0.0,,,,,,,,,,,N,,,,,,,N,,,,,,N,,,,,,,,,,,,,,,,N,,,,,,2017-01-01,2009-07-01,,-1.875,1.0,1.0,1.0,0,0,1,0.0,0.0,780,30,,,0,0,32,2009,1,0,0,0,100,2560,8.222222222222221,0.0,0,0.0,0,0,0,0.0,0,0.0,0,Current,None,0
,100829595540,22017,B,Other,"Fannie Mae/Seterus, Inc. As Subservicer",,5.875,4.0,175000.0,,192174.65,360,72009,92009,90.0,438.0,,82053.0,80,90,2,32,666,699.0,N,P,PU,1,P,FL,23540,326,,FRM,N,N,,,00,,Y,,,,,,,,,,,,,,,,,,,,,0.0,,,,,,,,,,,N,,,,,,,N,,,,,,N,,,,,,,,,,,,,,,,N,,,,,,2017-02-01,2009-07-01,,-1.875,1.0,1.0,1.0,0,0,1,0.0,0.0,780,30,,,0,0,32,2009,1,0,0,0,100,2560,8.222222222222221,0.0,0,0.0,0,0,0,0.0,0,0.0,0,Current,None,0
,100829595540,32017,B,Other,"Fannie Mae/Seterus, Inc. As Subservicer",,5.875,4.0,175000.0,,191965.77,360,72009,92009,91.0,437.0,,82053.0,80,90,2,32,666,699.0,N,P,PU,1,P,FL,23540,326,,FRM,N,N,,,00,,Y,,,,,,,,,,,,,,,,,,,,,0.0,,,,,,,,,,,N,,,,,,,N,,,,,,N,,,,,,,,,,,,,,,,N,,,,,,2017-03-01,2009-07-01,,-1.875,1.0,1.0,1.0,0,0,1,0.0,0.0,780,30,,,0,0,32,2009,1,0,0,0,100,2560,8.222222222222221,0.0,0,0.0,0,0,0,0.0,0,0.0,0,Current,None,0
,101812620634,82009,R,"Wells Fargo Bank, N.A.","Wells Fargo Bank, N.A.",,4.875,4.875,278000.0,,0.0,360,72009,92009,0.0,360.0,360.0,82039.0,89,89,1,40,737,,N,R,SF,1,P,UT,0,847,25.0,FRM,N,N,,,00,,N,,,,,,,,,,,,,,,,,,,,,,,,,,,,,,,1.0,N,,,,,,,N,,,,,,N,,,,,,,,,,,,,,,,N,,,,,,2009-08-01,2009-07-01,,0.0,2.0,2.0,2.0,0,0,0,0.0,0.0,0,0,,,0,0,1,2009,3,0,0,0,100,3560,8.188888888888888,0.0,0,0.0,0,0,0,0.0,0,0.0,0,Current,None,0
,101812620634,92009,R,"Wells Fargo Bank, N.A.","Wells Fargo Bank, N.A.",,4.875,4.875,278000.0,,0.0,360,72009,92009,1.0,359.0,359.0,82039.0,89,89,1,40,737,,N,R,SF,1,P,UT,0,847,25.0,FRM,N,N,,,00,,N,,,,,,,,,,,,,,,,,,,,,,,,,,,,,,,1.0,N,,,,,,,N,,,,,,N,,,,,,,,,,,,,,,,N,,,,,,2009-09-01,2009-07-01,,0.0,2.0,2.0,2.0,0,0,0,0.0,0.0,0,0,,,0,0,1,2009,3,0,0,0,100,3560,8.188888888888888,0.0,0,0.0,0,0,0,0.0,0,0.0,0,Current,None,0
,101812620634,102009,R,"Wells Fargo Bank, N.A.","Wells Fargo Bank, N.A.",,4.875,4.875,278000.0,,0.0,360,72009,92009,2.0,358.0,358.0,82039.0,89,89,1,40,737,,N,R,SF,1,P,UT,0,847,25.0,FRM,N,N,,,00,,N,,,,,,,,,,,,,,,,,,,,,,,,,,,,,,,1.0,N,,,,,,,N,,,,,,N,,,,,,,,,,,,,,,,N,,,,,,2009-10-01,2009-07-01,,0.0,2.0,2.0,2.0,0,0,0,0.0,0.0,0,0,,,0,0,1,2009,3,0,0,0,100,3560,8.188888888888888,0.0,0,0.0,0,0,0,0.0,0,0.0,0,Current,None,0
,101812620634,112009,R,"Wells Fargo Bank, N.A.","Wells Fargo Bank, N.A.",,4.875,4.875,278000.0,,0.0,360,72009,92009,3.0,357.0,357.0,82039.0,89,89,1,40,737,,N,R,SF,1,P,UT,0,847,25.0,FRM,N,N,,,00,,N,,,,,,,,,,,,,,,,,,,,,,,,,,,,,,,1.0,N,,,,,,,N,,,,,,N,,,,,,,,,,,,,,,,N,,,,,,2009-11-01,2009-07-01,,0.0,2.0,2.0,2.0,0,0,0,0.0,0.0,0,0,,,0,0,1,2009,3,0,0,0,100,3560,8.188888888888888,0.0,0,0.0,0,0,0,0.0,0,0.0,0,Current,None,0
,101812620634,122009,R,"Wells Fargo Bank, N.A.","Wells Fargo Bank, N.A.",,4.875,4.875,278000.0,,0.0,360,72009,92009,4.0,356.0,356.0,82039.0,89,89,1,40,737,,N,R,SF,1,P,UT,0,847,25.0,FRM,N,N,,,00,,N,,,,,,,,,,,,,,,,,,,,,,,,,,,,,,,1.0,N,,,,,,,N,,,,,,N,,,,,,,,,,,,,,,,N,,,,,,2009-12-01,2009-07-01,,0.0,2.0,2.0,2.0,0,0,0,0.0,0.0,0,0,,,0,0,1,2009,3,0,0,0,100,3560,8.188888888888888,0.0,0,0.0,0,0,0,0.0,0,0.0,0,Current,None,0
,101812620634,12010,R,"Wells Fargo Bank, N.A.","Wells Fargo Bank, N.A.",,4.875,4.875,278000.0,,0.0,360,72009,92009,5.0,355.0,355.0,82039.0,89,89,1,40,737,,N,R,SF,1,P,UT,0,847,25.0,FRM,N,N,,,00,,N,,,,,,,,,,,,,,,,,,,,,,,,,,,,,,,1.0,N,,,,,,,N,,,,,,N,,,,,,,,,,,,,,,,N,,,,,,2010-01-01,2009-07-01,,0.0,2.0,2.0,2.0,0,0,0,0.0,0.0,0,0,,,0,0,1,2009,3,0,0,0,100,3560,8.188888888888888,0.0,0,0.0,0,0,0,0.0,0,0.0,0,Current,None,0
,101812620634,22010,R,"Wells Fargo Bank, N.A.","Wells Fargo Bank, N.A.",,4.875,4.875,278000.0,,275918.51,360,72009,92009,6.0,354.0,354.0,82039.0,89,89,1,40,737,,N,R,SF,1,P,UT,0,847,25.0,FRM,N,N,,,00,,N,,,,,,,,,,,,,,,,,,,,,,,,,,,,,,,1.0,N,,,,,,,N,,,,,,N,,,,,,,,,,,,,,,,N,,,,,,2010-02-01,2009-07-01,,0.0,2.0,2.0,2.0,0,0,0,0.0,0.0,0,0,,,0,0,1,2009,3,0,0,0,100,3560,8.188888888888888,0.0,0,1.0,1,0,0,0.0,0,0.0,0,Current,None,0
,101812620634,32010,R,"Wells Fargo Bank, N.A.","Wells Fargo Bank, N.A.",,4.875,4.875,278000.0,,275547.65,360,72009,92009,7.0,353.0,353.0,82039.0,89,89,1,40,737,,N,R,SF,1,P,UT,0,847,25.0,FRM,N,N,,,00,,N,,,,,,,,,,,,,,,,,,,,,,,,,,,,,,,1.0,N,,,,,,,N,,,,,,N,,,,,,,,,,,,,,,,N,,,,,,2010-03-01,2009-07-01,,0.0,2.0,2.0,2.0,0,0,0,0.0,0.0,0,0,,,0,0,1,2009,3,0,0,0,100,3560,8.188888888888888,0.0,0,1.0,1,0,0,0.0,0,0.0,0,Current,None,0
,101812620634,42010,R,"Wells Fargo Bank, N.A.","Wells Fargo Bank, N.A.",,4.875,4.875,278000.0,,275195.84,360,72009,92009,8.0,352.0,352.0,82039.0,89,89,1,40,737,,N,R,SF,1,P,UT,0,847,25.0,FRM,N,N,,,00,,N,,,,,,,,,,,,,,,,,,,,,,,,,,,,,,,1.0,N,,,,,,,N,,,,,,N,,,,,,,,,,,,,,,,N,,,,,,2010-04-01,2009-07-01,,0.0,2.0,2.0,2.0,0,0,0,0.0,0.0,0,0,,,0,0,1,2009,3,0,0,0,100,3560,8.188888888888888,0.0,0,1.0,1,0,0,0.0,0,0.0,0,Current,None,0
,101812620634,52010,R,"Wells Fargo Bank, N.A.","Wells Fargo Bank, N.A.",,4.875,4.875,278000.0,,274842.04,360,72009,92009,9.0,351.0,351.0,82039.0,89,89,1,40,737,,N,R,SF,1,P,UT,0,847,25.0,FRM,N,N,,,00,,N,,,,,,,,,,,,,,,,,,,,,,,,,,,,,,,1.0,N,,,,,,,N,,,,,,N,,,,,,,,,,,,,,,,N,,,,,,2010-05-01,2009-07-01,,0.0,2.0,2.0,2.0,0,0,0,0.0,0.0,0,0,,,0,0,1,2009,3,0,0,0,100,3560,8.188888888888888,1.0,1,1.0,1,0,0,0.0,0,0.0,0,Current,None,0
,101812620634,62010,R,"Wells Fargo Bank, N.A.","Wells Fargo Bank, N.A.",,4.875,4.875,278000.0,,274487.39,360,72009,92009,10.0,350.0,350.0,82039.0,89,89,1,40,737,,N,R,SF,1,P,UT,0,847,25.0,FRM,N,N,,,00,,N,,,,,,,,,,,,,,,,,,,,,,,,,,,,,,,1.0,N,,,,,,,N,,,,,,N,,,,,,,,,,,,,,,,N,,,,,,2010-06-01,2009-07-01,,0.0,2.0,2.0,2.0,0,0,0,0.0,0.0,0,0,,,0,0,1,2009,3,0,0,0,100,3560,8.188888888888888,1.0,1,1.0,1,0,0,0.0,0,0.0,0,Current,None,0
,101812620634,72010,R,"Wells Fargo Bank, N.A.","Wells Fargo Bank, N.A.",,4.875,4.875,278000.0,,274057.74,360,72009,92009,11.0,349.0,349.0,82039.0,89,89,1,40,737,,N,R,SF,1,P,UT,0,847,25.0,FRM,N,N,,,00,,N,,,,,,,,,,,,,,,,,,,,,,,,,,,,,,,1.0,N,,,,,,,N,,,,,,N,,,,,,,,,,,,,,,,N,,,,,,2010-07-01,2009-07-01,,0.0,2.0,2.0,2.0,0,0,0,0.0,0.0,0,0,,,0,0,1,2009,3,0,0,0,100,3560,8.188888888888888,1.0,1,1.0,1,0,0,0.0,0,0.0,0,Delinquent,None,0
,101812620634,82010,R,"Wells Fargo Bank, N.A.","Wells Fargo Bank, N.A.",,4.875,4.875,278000.0,,274131.3,360,72009,92009,12.0,348.0,349.0,82039.0,89,89,1,40,737,,N,R,SF,1,P,UT,0,847,25.0,FRM,N,N,,,01,,N,,,,,,,,,,,,,,,,,,,,,,,,,,,,,,,1.0,N,,,,,,,N,,,,,,N,,,,,,,,,,,,,,,,N,,,,,,2010-08-01,2009-07-01,,0.0,2.0,2.0,2.0,30,1,1,30.0,30.0,30,1,,,0,0,2,2009,3,0,0,0,100,3560,8.188888888888888,1.0,1,1.0,1,0,0,0.0,0,0.0,0,Delinquent,None,0
,101812620634,92010,R,"Wells Fargo Bank, N.A.","Wells Fargo Bank, N.A.",,4.875,4.875,278000.0,,273773.76,360,72009,92009,13.0,347.0,348.0,82039.0,89,89,1,40,737,,N,R,SF,1,P,UT,0,847,25.0,FRM,N,N,,,01,,N,,,,,,,,,,,,,,,,,,,,,,,,,,,,,,,1.0,N,,,,,,,N,,,,,,N,,,,,,,,,,,,,,,,N,,,,,,2010-09-01,2009-07-01,,0.0,2.0,2.0,2.0,30,1,1,30.0,30.0,30,2,,,0,0,2,2009,3,0,0,0,100,3560,8.188888888888888,1.0,1,1.0,1,0,0,0.0,0,0.0,0,Delinquent,None,0
,101812620634,102010,R,"Wells Fargo Bank, N.A.","Wells Fargo Bank, N.A.",,4.875,4.875,278000.0,,273414.77,360,72009,92009,14.0,346.0,347.0,82039.0,89,89,1,40,737,,N,R,SF,1,P,UT,0,847,25.0,FRM,N,N,,,01,,N,,,,,,,,,,,,,,,,,,,,,,,,,,,,,,,1.0,N,,,,,,,N,,,,,,N,,,,,,,,,,,,,,,,N,,,,,,2010-10-01,2009-07-01,,0.0,2.0,2.0,2.0,30,1,1,30.0,30.0,30,3,,,0,0,2,2009,3,0,0,0,100,3560,8.188888888888888,1.0,1,1.0,1,0,0,0.0,0,0.0,0,Delinquent,None,0
,101812620634,112010,R,"Wells Fargo Bank, N.A.","Wells Fargo Bank, N.A.",,4.875,4.875,278000.0,,273414.77,360,72009,92009,15.0,345.0,347.0,82039.0,89,89,1,40,737,,N,R,SF,1,P,UT,0,847,25.0,FRM,N,N,,,02,,N,,,,,,,,,,,,,,,,,,,,,,,,,,,,,,,1.0,N,,,,,,,N,,,,,,N,,,,,,,,,,,,,,,,N,,,,,,2010-11-01,2009-07-01,,0.0,2.0,2.0,2.0,60,1,1,60.0,60.0,60,4,,,0,0,3,2009,3,0,0,0,100,3560,8.188888888888888,1.0,1,1.0,1,0,0,0.0,0,0.0,0,Delinquent,None,0
,101812620634,122010,R,"Wells Fargo Bank, N.A.","Wells Fargo Bank, N.A.",,4.875,4.875,278000.0,,272692.4,360,72009,92009,16.0,344.0,345.0,82039.0,89,89,1,40,737,,N,R,SF,1,P,UT,0,847,25.0,FRM,N,N,,,01,,N,,,,,,,,,,,,,,,,,,,,,,,,,,,,,,,1.0,N,,,,,,,N,,,,,,N,,,,,,,,,,,,,,,,N,,,,,,2010-12-01,2009-07-01,,0.0,2.0,2.0,2.0,30,1,1,60.0,60.0,60,5,,,0,0,4,2009,3,0,0,0,100,3560,8.188888888888888,1.0,1,1.0,1,0,0,0.0,0,0.0,0,Delinquent,None,0
,101812620634,12011,R,"Wells Fargo Bank, N.A.","Wells Fargo Bank, N.A.",,4.875,4.875,278000.0,,272329.01,360,72009,92009,17.0,343.0,344.0,82039.0,89,89,1,40,737,,N,R,SF,1,P,UT,0,847,25.0,FRM,N,N,,,01,,N,,,,,,,,,,,,,,,,,,,,,,,,,,,,,,,1.0,N,,,,,,,N,,,,,,N,,,,,,,,,,,,,,,,N,,,,,,2011-01-01,2009-07-01,,0.0,2.0,2.0,2.0,30,1,1,60.0,60.0,60,6,,,0,0,4,2009,3,0,0,0,100,3560,8.188888888888888,1.0,1,1.0,1,0,0,0.0,0,0.0,0,Current,None,0
,101812620634,22011,R,"Wells Fargo Bank, N.A.","Wells Fargo Bank, N.A.",,4.875,4.875,278000.0,,271597.8,360,72009,92009,18.0,342.0,342.0,82039.0,89,89,1,40,737,,N,R,SF,1,P,UT,0,847,25.0,FRM,N,N,,,00,,N,,,,,,,,,,,,,,,,,,,,,,,,,,,,,,,1.0,N,,,,,,,N,,,,,,N,,,,,,,,,,,,,,,,N,,,,,,2011-02-01,2009-07-01,,0.0,2.0,2.0,2.0,0,0,1,30.0,60.0,60,6,,,0,0,5,2009,3,0,0,0,100,3560,8.188888888888888,1.0,1,1.0,1,0,0,0.0,0,0.0,0,Current,None,0
,101812620634,32011,R,"Wells Fargo Bank, N.A.","Wells Fargo Bank, N.A.",,4.875,4.875,278000.0,,271229.97,360,72009,92009,19.0,341.0,341.0,82039.0,89,89,1,40,737,,N,R,SF,1,P,UT,0,847,25.0,FRM,N,N,,,00,,N,,,,,,,,,,,,,,,,,,,,,,,,,,,,,,,1.0,N,,,,,,,N,,,,,,N,,,,,,,,,,,,,,,,N,,,,,,2011-03-01,2009-07-01,,0.0,2.0,2.0,2.0,0,0,1,30.0,60.0,60,6,,,0,0,5,2009,3,0,0,0,100,3560,8.188888888888888,1.0,1,1.0,1,0,0,0.0,0,0.0,0,Delinquent,None,0
,101812620634,42011,R,"Wells Fargo Bank, N.A.","Wells Fargo Bank, N.A.",,4.875,4.875,278000.0,,271229.97,360,72009,92009,20.0,340.0,341.0,82039.0,89,89,1,40,737,,N,R,SF,1,P,UT,0,847,25.0,FRM,N,N,,,01,,N,,,,,,,,,,,,,,,,,,,,,,,,,,,,,,,1.0,N,,,,,,,N,,,,,,N,,,,,,,,,,,,,,,,N,,,,,,2011-04-01,2009-07-01,,0.0,2.0,2.0,2.0,30,1,1,30.0,60.0,60,7,,,0,0,6,2009,3,0,0,0,100,3560,8.188888888888888,1.0,1,1.0,1,0,0,0.0,0,0.0,0,Current,None,0
,101812620634,52011,R,"Wells Fargo Bank, N.A.","Wells Fargo Bank, N.A.",,4.875,4.875,278000.0,,270489.81,360,72009,92009,21.0,339.0,339.0,82039.0,89,89,1,40,737,,N,R,SF,1,P,UT,0,847,25.0,FRM,N,N,,,00,,N,,,,,,,,,,,,,,,,,,,,,,,,,,,,,,,1.0,N,,,,,,,N,,,,,,N,,,,,,,,,,,,,,,,N,,,,,,2011-05-01,2009-07-01,,0.0,2.0,2.0,2.0,0,0,1,30.0,30.0,60,7,,,0,0,7,2009,3,0,0,0,100,3560,8.188888888888888,1.0,1,1.0,1,0,0,0.0,0,0.0,0,Current,None,0
,101812620634,62011,R,"Wells Fargo Bank, N.A.","Wells Fargo Bank, N.A.",,4.875,4.875,278000.0,,270117.47,360,72009,92009,22.0,338.0,338.0,82039.0,89,89,1,40,737,,N,R,SF,1,P,UT,0,847,25.0,FRM,N,N,,,00,,N,,,,,,,,,,,,,,,,,,,,,,,,,,,,,,,1.0,N,,,,,,,N,,,,,,N,,,,,,,,,,,,,,,,N,,,,,,2011-06-01,2009-07-01,,0.0,2.0,2.0,2.0,0,0,1,30.0,30.0,60,7,,,0,0,7,2009,3,0,0,0,100,3560,8.188888888888888,1.0,1,1.0,1,0,0,0.0,0,0.0,0,Delinquent,None,0
,101812620634,72011,R,"Wells Fargo Bank, N.A.","Wells Fargo Bank, N.A.",,4.875,4.875,278000.0,,270117.47,360,72009,92009,23.0,337.0,338.0,82039.0,89,89,1,40,737,,N,R,SF,1,P,UT,0,847,25.0,FRM,N,N,,,01,,N,,,,,,,,,,,,,,,,,,,,,,,,,,,,,,,1.0,N,,,,,,,N,,,,,,N,,,,,,,,,,,,,,,,N,,,,,,2011-07-01,2009-07-01,,0.0,2.0,2.0,2.0,30,1,1,30.0,30.0,60,8,,,0,0,8,2009,3,0,0,0,100,3560,8.188888888888888,1.0,1,1.0,1,0,0,0.0,0,0.0,0,Delinquent,None,0
,101812620634,82011,R,"Wells Fargo Bank, N.A.","Wells Fargo Bank, N.A.",,4.875,4.875,278000.0,,270117.47,360,72009,92009,24.0,336.0,338.0,82039.0,89,89,1,40,737,,N,R,SF,1,P,UT,0,847,25.0,FRM,N,N,,,02,,N,,,,,,,,,,,,,,,,,,,,,,,,,,,,,,,1.0,N,,,,,,,N,,,,,,N,,,,,,,,,,,,,,,,N,,,,,,2011-08-01,2009-07-01,,0.0,2.0,2.0,2.0,60,1,1,60.0,60.0,60,9,,,0,0,9,2009,3,0,0,0,100,3560,8.188888888888888,1.0,1,1.0,1,0,0,0.0,0,0.0,0,Delinquent,None,0
,101812620634,92011,R,"Wells Fargo Bank, N.A.","Wells Fargo Bank, N.A.",,4.875,4.875,278000.0,,269368.25,360,72009,92009,25.0,335.0,336.0,82039.0,89,89,1,40,737,,N,R,SF,1,P,UT,0,847,25.0,FRM,N,N,,,01,,N,,,,,,,,,,,,,,,,,,,,,,,,,,,,,,,1.0,N,,,,,,,N,,,,,,N,,,,,,,,,,,,,,,,N,,,,,,2011-09-01,2009-07-01,,0.0,2.0,2.0,2.0,30,1,1,60.0,60.0,60,10,,,0,0,10,2009,3,0,0,0,100,3560,8.188888888888888,1.0,1,1.0,1,0,0,1.0,1,0.0,0,Delinquent,None,0
,101812620634,102011,R,"Wells Fargo Bank, N.A.","Wells Fargo Bank, N.A.",,4.875,4.875,278000.0,,269368.25,360,72009,92009,26.0,334.0,336.0,82039.0,89,89,1,40,737,,N,R,SF,1,P,UT,0,847,25.0,FRM,N,N,,,02,,N,,,,,,,,,,,,,,,,,,,,,,,,,,,,,,,1.0,N,,,,,,,N,,,,,,N,,,,,,,,,,,,,,,,N,,,,,,2011-10-01,2009-07-01,,0.0,2.0,2.0,2.0,60,1,1,60.0,60.0,60,11,,,0,0,11,2009,3,0,0,0,100,3560,8.188888888888888,1.0,1,1.0,1,0,0,1.0,1,0.0,0,Delinquent,None,0
,101812620634,112011,R,"Wells Fargo Bank, N.A.","Wells Fargo Bank, N.A.",,4.875,4.875,278000.0,,268991.36,360,72009,92009,27.0,333.0,335.0,82039.0,89,89,1,40,737,,N,R,SF,1,P,UT,0,847,25.0,FRM,N,N,,,02,,N,,,,,,,,,,,,,,,,,,,,,,,,,,,,,,,1.0,N,,,,,,,N,,,,,,N,,,,,,,,,,,,,,,,N,,,,,,2011-11-01,2009-07-01,,0.0,2.0,2.0,2.0,60,1,1,60.0,60.0,60,12,,,0,0,11,2009,3,0,0,0,100,3560,8.188888888888888,1.0,1,1.0,1,0,0,1.0,1,0.0,0,Delinquent,None,0
,101812620634,122011,R,"Wells Fargo Bank, N.A.","Wells Fargo Bank, N.A.",,4.875,4.875,278000.0,,268991.36,360,72009,92009,28.0,332.0,335.0,82039.0,89,89,1,40,737,,N,R,SF,1,P,UT,0,847,25.0,FRM,N,N,,,03,,N,,,,,,,,,,,,,,,,,,,,,,,,,,,,,,,1.0,N,,,,,,,N,,,,,,N,,,,,,,,,,,,,,,,N,,,,,,2011-12-01,2009-07-01,,0.0,2.0,2.0,2.0,90,1,1,90.0,90.0,90,13,,,0,0,12,2009,3,0,0,0,100,3560,8.188888888888888,1.0,1,1.0,1,0,0,1.0,1,0.0,0,Delinquent,Severe Delinquency (>90 DPD),1
,101812620634,12012,R,"Wells Fargo Bank, N.A.","Wells Fargo Bank, N.A.",,4.875,4.875,278000.0,,268612.94,360,72009,92009,29.0,331.0,334.0,82039.0,89,89,1,40,737,,N,R,SF,1,P,UT,0,847,25.0,FRM,N,N,,,03,,N,,,,,,,,,,,,,,,,,,,,,,,,,,,,,,,1.0,N,,,,,,,N,,,,,,N,,,,,,,,,,,,,,,,N,,,,,,2012-01-01,2009-07-01,,0.0,2.0,2.0,2.0,90,1,1,90.0,90.0,90,14,,,0,0,12,2009,3,0,0,0,100,3560,8.188888888888888,1.0,1,1.0,1,0,0,1.0,1,0.0,0,Delinquent,Severe Delinquency (>90 DPD),1
,101812620634,22012,R,"Wells Fargo Bank, N.A.","Wells Fargo Bank, N.A.",,4.875,4.875,278000.0,,268612.94,360,72009,92009,30.0,330.0,334.0,82039.0,89,89,1,40,737,,N,R,SF,1,P,UT,0,847,25.0,FRM,N,N,,,04,,N,,,,,,,,,,,,,,,,,,,,,,,,,,,,,,,1.0,N,,,,,,,N,,,,,,N,,,,,,,,,,,,,,,,N,,,,,,2012-02-01,2009-07-01,,0.0,2.0,2.0,2.0,120,1,1,120.0,120.0,120,15,,,0,0,13,2009,3,0,0,0,100,3560,8.188888888888888,1.0,1,1.0,1,0,0,1.0,1,0.0,0,Current,Severe Delinquency (>90 DPD),1
,101812620634,32012,R,"Wells Fargo Bank, N.A.","Wells Fargo Bank, N.A.",,4.875,4.875,278000.0,,266697.65,360,72009,92009,31.0,329.0,329.0,82039.0,89,89,1,40,737,,N,R,SF,1,P,UT,0,847,25.0,FRM,N,N,,,00,,N,,,,,,,,,,,,,,,,,,,,,,,,,,,,,,,1.0,N,,,,,,,N,,,,,,N,,,,,,,,,,,,,,,,N,,,,,,2012-03-01,2009-07-01,,0.0,2.0,2.0,2.0,0,0,1,120.0,120.0,120,15,,,0,0,14,2009,3,0,0,0,100,3560,8.188888888888888,1.0,1,1.0,1,0,0,1.0,1,0.0,0,Delinquent,None,0
,101812620634,42012,R,"Wells Fargo Bank, N.A.","Wells Fargo Bank, N.A.",,4.875,4.875,278000.0,,266697.65,360,72009,92009,32.0,328.0,329.0,82039.0,89,89,1,40,737,,N,R,SF,1,P,UT,0,847,25.0,FRM,N,N,,,01,,N,,,,,,,,,,,,,,,,,,,,,,,,,,,,,,,1.0,N,,,,,,,N,,,,,,N,,,,,,,,,,,,,,,,N,,,,,,2012-04-01,2009-07-01,,0.0,2.0,2.0,2.0,30,1,1,120.0,120.0,120,16,,,0,0,15,2009,3,0,0,0,100,3560,8.188888888888888,1.0,1,1.0,1,0,0,1.0,1,0.0,0,Delinquent,None,0
,101812620634,52012,R,"Wells Fargo Bank, N.A.","Wells Fargo Bank, N.A.",,4.875,4.875,278000.0,,266697.65,360,72009,92009,33.0,327.0,329.0,82039.0,89,89,1,40,737,,N,R,SF,1,P,UT,0,847,25.0,FRM,N,N,,,02,,N,,,,,,,,,,,,,,,,,,,,,,,,,,,,,,,1.0,N,,,,,,,N,,,,,,N,,,,,,,,,,,,,,,,N,,,,,,2012-05-01,2009-07-01,,0.0,2.0,2.0,2.0,60,1,1,60.0,120.0,120,17,,,0,0,16,2009,3,0,0,0,100,3560,8.188888888888888,1.0,1,1.0,1,0,0,1.0,1,0.0,0,Delinquent,None,0
,101812620634,62012,R,"Wells Fargo Bank, N.A.","Wells Fargo Bank, N.A.",,4.875,4.875,278000.0,,266697.65,360,72009,92009,34.0,326.0,329.0,82039.0,89,89,1,40,737,,N,R,SF,1,P,UT,0,847,25.0,FRM,N,N,,,03,,N,,,,,,,,,,,,,,,,,,,,,,,,,,,,,,,1.0,N,,,,,,,N,,,,,,N,,,,,,,,,,,,,,,,N,,,,,,2012-06-01,2009-07-01,,0.0,2.0,2.0,2.0,90,1,1,90.0,120.0,120,18,,,0,0,17,2009,3,0,0,0,100,3560,8.188888888888888,1.0,1,1.0,1,0,0,1.0,1,0.0,0,Delinquent,Severe Delinquency (>90 DPD),1
,101812620634,72012,R,"Wells Fargo Bank, N.A.","Wells Fargo Bank, N.A.",,4.875,4.875,278000.0,,266309.91,360,72009,92009,35.0,325.0,328.0,82039.0,89,89,1,40,737,,N,R,SF,1,P,UT,0,847,25.0,FRM,N,N,,,03,,N,,,,,,,,,,,,,,,,,,,,,,,,,,,,,,,1.0,N,,,,,,,N,,,,,,N,,,,,,,,,,,,,,,,N,,,,,,2012-07-01,2009-07-01,,0.0,2.0,2.0,2.0,90,1,1,90.0,120.0,120,19,,,0,0,17,2009,3,0,0,0,100,3560,8.188888888888888,1.0,1,1.0,1,0,0,1.0,1,0.0,0,Delinquent,Severe Delinquency (>90 DPD),1
,101812620634,82012,R,"Wells Fargo Bank, N.A.","Wells Fargo Bank, N.A.",,4.875,4.875,278000.0,,265529.69,360,72009,92009,36.0,324.0,326.0,82039.0,89,89,1,40,737,,N,R,SF,1,P,UT,0,847,25.0,FRM,N,N,,,02,,N,,,,,,,,,,,,,,,,,,,,,,,,,,,,,,,1.0,N,,,,,,,N,,,,,,N,,,,,,,,,,,,,,,,N,,,,,,2012-08-01,2009-07-01,,0.0,2.0,2.0,2.0,60,1,1,90.0,90.0,120,20,,,0,0,18,2009,3,0,0,0,100,3560,8.188888888888888,0.0,0,0.0,0,0,0,1.0,1,0.0,0,Default,None,0
,101812620634,92012,R,"Wells Fargo Bank, N.A.",,,4.875,,278000.0,,0.0,360,72009,92009,0.0,360.0,,,89,89,1,40,737,,N,R,SF,1,P,UT,0,847,25.0,FRM,N,N,,,XX,,,,6.0,92012.0,265529.69,,,,,52012.0,,,,,,,,,,,,,,,,,,,,,,1.0,,,,,,,,N,,,,,,N,,,,,,,,,,,,,,,,N,,Y,,,,2012-09-01,2009-07-01,,,2.0,2.0,2.0,0,0,1,90.0,90.0,120,20,,,0,0,19,2009,3,0,0,0,100,3560,8.188888888888888,0.0,0,0.0,0,1,0,0.0,0,0.0,0,,None,0
,102218329006,82009,R,"Wells Fargo Bank, N.A.","Wells Fargo Bank, N.A.",,4.375,4.375,101000.0,,0.0,360,72009,92009,0.0,360.0,360.0,82039.0,74,74,1,32,728,,N,R,SF,1,P,TX,19100,760,,FRM,N,N,,,00,,N,,,,,,,,,,,,,,,,,,,,,,,,,,,,,,,,N,,,,,,,N,,,,,,N,,,,,,,,,,,,,,,,N,,,,,,2009-08-01,2009-07-01,,0.0,2.0,1.0,1.0,0,0,0,0.0,0.0,0,0,,,0,0,1,2009,3,0,0,0,100,2368,9.706666666666669,0.0,0,0.0,0,0,0,0.0,0,0.0,0,Current,None,0
,102218329006,92009,R,"Wells Fargo Bank, N.A.","Wells Fargo Bank, N.A.",,4.375,4.375,101000.0,,0.0,360,72009,92009,1.0,359.0,359.0,82039.0,74,74,1,32,728,,N,R,SF,1,P,TX,19100,760,,FRM,N,N,,,00,,N,,,,,,,,,,,,,,,,,,,,,,,,,,,,,,,,N,,,,,,,N,,,,,,N,,,,,,,,,,,,,,,,N,,,,,,2009-09-01,2009-07-01,,0.0,2.0,1.0,1.0,0,0,0,0.0,0.0,0,0,,,0,0,1,2009,3,0,0,0,100,2368,9.706666666666669,0.0,0,0.0,0,0,0,0.0,0,0.0,0,Current,None,0
,102218329006,102009,R,"Wells Fargo Bank, N.A.","Wells Fargo Bank, N.A.",,4.375,4.375,101000.0,,0.0,360,72009,92009,2.0,358.0,358.0,82039.0,74,74,1,32,728,,N,R,SF,1,P,TX,19100,760,,FRM,N,N,,,00,,N,,,,,,,,,,,,,,,,,,,,,,,,,,,,,,,,N,,,,,,,N,,,,,,N,,,,,,,,,,,,,,,,N,,,,,,2009-10-01,2009-07-01,,0.0,2.0,1.0,1.0,0,0,0,0.0,0.0,0,0,,,0,0,1,2009,3,0,0,0,100,2368,9.706666666666669,0.0,0,0.0,0,0,0,0.0,0,0.0,0,Current,None,0
,102218329006,112009,R,"Wells Fargo Bank, N.A.","Wells Fargo Bank, N.A.",,4.375,4.375,101000.0,,0.0,360,72009,92009,3.0,357.0,357.0,82039.0,74,74,1,32,728,,N,R,SF,1,P,TX,19100,760,,FRM,N,N,,,00,,N,,,,,,,,,,,,,,,,,,,,,,,,,,,,,,,,N,,,,,,,N,,,,,,N,,,,,,,,,,,,,,,,N,,,,,,2009-11-01,2009-07-01,,0.0,2.0,1.0,1.0,0,0,0,0.0,0.0,0,0,,,0,0,1,2009,3,0,0,0,100,2368,9.706666666666669,0.0,0,0.0,0,0,0,0.0,0,0.0,0,Current,None,0
,102218329006,122009,R,"Wells Fargo Bank, N.A.","Wells Fargo Bank, N.A.",,4.375,4.375,101000.0,,0.0,360,72009,92009,4.0,356.0,356.0,82039.0,74,74,1,32,728,,N,R,SF,1,P,TX,19100,760,,FRM,N,N,,,00,,N,,,,,,,,,,,,,,,,,,,,,,,,,,,,,,,,N,,,,,,,N,,,,,,N,,,,,,,,,,,,,,,,N,,,,,,2009-12-01,2009-07-01,,0.0,2.0,1.0,1.0,0,0,0,0.0,0.0,0,0,,,0,0,1,2009,3,0,0,0,100,2368,9.706666666666669,0.0,0,0.0,0,0,0,0.0,0,0.0,0,Current,None,0
,102218329006,12010,R,"Wells Fargo Bank, N.A.","Wells Fargo Bank, N.A.",,4.375,4.375,101000.0,,0.0,360,72009,92009,5.0,355.0,355.0,82039.0,74,74,1,32,728,,N,R,SF,1,P,TX,19100,760,,FRM,N,N,,,00,,N,,,,,,,,,,,,,,,,,,,,,,,,,,,,,,,,N,,,,,,,N,,,,,,N,,,,,,,,,,,,,,,,N,,,,,,2010-01-01,2009-07-01,,0.0,2.0,1.0,1.0,0,0,0,0.0,0.0,0,0,,,0,0,1,2009,3,0,0,0,100,2368,9.706666666666669,0.0,0,0.0,0,0,0,0.0,0,0.0,0,Current,None,0
,102218329006,22010,R,"Wells Fargo Bank, N.A.","Wells Fargo Bank, N.A.",,4.375,4.375,101000.0,,100374.58,360,72009,92009,6.0,354.0,354.0,82039.0,74,74,1,32,728,,N,R,SF,1,P,TX,19100,760,,FRM,N,N,,,00,,N,,,,,,,,,,,,,,,,,,,,,,,,,,,,,,,,N,,,,,,,N,,,,,,N,,,,,,,,,,,,,,,,N,,,,,,2010-02-01,2009-07-01,,0.0,2.0,1.0,1.0,0,0,0,0.0,0.0,0,0,,,0,0,1,2009,3,0,0,0,100,2368,9.706666666666669,0.0,0,0.0,0,0,0,0.0,0,0.0,0,Current,None,0
,102218329006,32010,R,"Wells Fargo Bank, N.A.","Wells Fargo Bank, N.A.",,4.375,4.375,101000.0,,100235.25,360,72009,92009,7.0,353.0,353.0,82039.0,74,74,1,32,728,,N,R,SF,1,P,TX,19100,760,,FRM,N,N,,,00,,N,,,,,,,,,,,,,,,,,,,,,,,,,,,,,,,,N,,,,,,,N,,,,,,N,,,,,,,,,,,,,,,,N,,,,,,2010-03-01,2009-07-01,,0.0,2.0,1.0,1.0,0,0,0,0.0,0.0,0,0,,,0,0,1,2009,3,0,0,0,100,2368,9.706666666666669,0.0,0,0.0,0,0,0,0.0,0,0.0,0,Current,None,0
,102218329006,42010,R,"Wells Fargo Bank, N.A.","Wells Fargo Bank, N.A.",,4.375,4.375,101000.0,,100095.41,360,72009,92009,8.0,352.0,352.0,82039.0,74,74,1,32,728,,N,R,SF,1,P,TX,19100,760,,FRM,N,N,,,00,,N,,,,,,,,,,,,,,,,,,,,,,,,,,,,,,,,N,,,,,,,N,,,,,,N,,,,,,,,,,,,,,,,N,,,,,,2010-04-01,2009-07-01,,0.0,2.0,1.0,1.0,0,0,0,0.0,0.0,0,0,,,0,0,1,2009,3,0,0,0,100,2368,9.706666666666669,0.0,0,0.0,0,0,0,0.0,0,0.0,0,Current,None,0
,102218329006,52010,R,"Wells Fargo Bank, N.A.","Wells Fargo Bank, N.A.",,4.375,4.375,101000.0,,99955.06,360,72009,92009,9.0,351.0,351.0,82039.0,74,74,1,32,728,,N,R,SF,1,P,TX,19100,760,,FRM,N,N,,,00,,N,,,,,,,,,,,,,,,,,,,,,,,,,,,,,,,,N,,,,,,,N,,,,,,N,,,,,,,,,,,,,,,,N,,,,,,2010-05-01,2009-07-01,,0.0,2.0,1.0,1.0,0,0,0,0.0,0.0,0,0,,,0,0,1,2009,3,0,0,0,100,2368,9.706666666666669,0.0,0,0.0,0,0,0,0.0,0,0.0,0,Current,None,0
,102218329006,62010,R,"Wells Fargo Bank, N.A.","Wells Fargo Bank, N.A.",,4.375,4.375,101000.0,,99811.36,360,72009,92009,10.0,350.0,350.0,82039.0,74,74,1,32,728,,N,R,SF,1,P,TX,19100,760,,FRM,N,N,,,00,,N,,,,,,,,,,,,,,,,,,,,,,,,,,,,,,,,N,,,,,,,N,,,,,,N,,,,,,,,,,,,,,,,N,,,,,,2010-06-01,2009-07-01,,0.0,2.0,1.0,1.0,0,0,0,0.0,0.0,0,0,,,0,0,1,2009,3,0,0,0,100,2368,9.706666666666669,0.0,0,0.0,0,0,0,0.0,0,0.0,0,Current,None,0
,102218329006,72010,R,"Wells Fargo Bank, N.A.","Wells Fargo Bank, N.A.",,4.375,4.375,101000.0,,99522.39,360,72009,92009,11.0,349.0,348.0,82039.0,74,74,1,32,728,,N,R,SF,1,P,TX,19100,760,,FRM,N,N,,,00,,N,,,,,,,,,,,,,,,,,,,,,,,,,,,,,,,,N,,,,,,,N,,,,,,N,,,,,,,,,,,,,,,,N,,,,,,2010-07-01,2009-07-01,,0.0,2.0,1.0,1.0,0,0,0,0.0,0.0,0,0,,,0,0,1,2009,3,0,0,0,100,2368,9.706666666666669,0.0,0,0.0,0,0,0,0.0,0,0.0,0,Current,None,0
,102218329006,82010,R,"Wells Fargo Bank, N.A.","Wells Fargo Bank, N.A.",,4.375,4.375,101000.0,,99379.83,360,72009,92009,12.0,348.0,347.0,82039.0,74,74,1,32,728,,N,R,SF,1,P,TX,19100,760,,FRM,N,N,,,00,,N,,,,,,,,,,,,,,,,,,,,,,,,,,,,,,,,N,,,,,,,N,,,,,,N,,,,,,,,,,,,,,,,N,,,,,,2010-08-01,2009-07-01,,0.0,2.0,1.0,1.0,0,0,0,0.0,0.0,0,0,,,0,0,1,2009,3,0,0,0,100,2368,9.706666666666669,0.0,0,0.0,0,0,0,0.0,0,0.0,0,Current,None,0
,102218329006,92010,R,"Wells Fargo Bank, N.A.","Wells Fargo Bank, N.A.",,4.375,4.375,101000.0,,99236.75,360,72009,92009,13.0,347.0,346.0,82039.0,74,74,1,32,728,,N,R,SF,1,P,TX,19100,760,,FRM,N,N,,,00,,N,,,,,,,,,,,,,,,,,,,,,,,,,,,,,,,,N,,,,,,,N,,,,,,N,,,,,,,,,,,,,,,,N,,,,,,2010-09-01,2009-07-01,,0.0,2.0,1.0,1.0,0,0,0,0.0,0.0,0,0,,,0,0,1,2009,3,0,0,0,100,2368,9.706666666666669,0.0,0,0.0,0,0,0,0.0,0,0.0,0,Current,None,0
,102218329006,102010,R,"Wells Fargo Bank, N.A.","Wells Fargo Bank, N.A.",,4.375,4.375,101000.0,,99236.75,360,72009,92009,14.0,346.0,346.0,82039.0,74,74,1,32,728,,N,R,SF,1,P,TX,19100,760,,FRM,N,N,,,00,,N,,,,,,,,,,,,,,,,,,,,,,,,,,,,,,,,N,,,,,,,N,,,,,,N,,,,,,,,,,,,,,,,N,,,,,,2010-10-01,2009-07-01,,0.0,2.0,1.0,1.0,0,0,0,0.0,0.0,0,0,,,0,0,1,2009,3,0,0,0,100,2368,9.706666666666669,0.0,0,0.0,0,0,0,0.0,0,0.0,0,Current,None,0
,102218329006,112010,R,"Wells Fargo Bank, N.A.","Wells Fargo Bank, N.A.",,4.375,4.375,101000.0,,98949.03,360,72009,92009,15.0,345.0,344.0,82039.0,74,74,1,32,728,,N,R,SF,1,P,TX,19100,760,,FRM,N,N,,,00,,N,,,,,,,,,,,,,,,,,,,,,,,,,,,,,,,,N,,,,,,,N,,,,,,N,,,,,,,,,,,,,,,,N,,,,,,2010-11-01,2009-07-01,,0.0,2.0,1.0,1.0,0,0,0,0.0,0.0,0,0,,,0,0,1,2009,3,0,0,0,100,2368,9.706666666666669,0.0,0,0.0,0,0,0,0.0,0,0.0,0,Current,None,0
,102218329006,122010,R,"Wells Fargo Bank, N.A.","Wells Fargo Bank, N.A.",,4.375,4.375,101000.0,,98804.38,360,72009,92009,16.0,344.0,343.0,82039.0,74,74,1,32,728,,N,R,SF,1,P,TX,19100,760,,FRM,N,N,,,00,,N,,,,,,,,,,,,,,,,,,,,,,,,,,,,,,,,N,,,,,,,N,,,,,,N,,,,,,,,,,,,,,,,N,,,,,,2010-12-01,2009-07-01,,0.0,2.0,1.0,1.0,0,0,0,0.0,0.0,0,0,,,0,0,1,2009,3,0,0,0,100,2368,9.706666666666669,0.0,0,0.0,0,0,0,0.0,0,0.0,0,Current,None,0
,102218329006,12011,R,"Wells Fargo Bank, N.A.","Wells Fargo Bank, N.A.",,4.375,4.375,101000.0,,98659.2,360,72009,92009,17.0,343.0,342.0,82039.0,74,74,1,32,728,,N,R,SF,1,P,TX,19100,760,,FRM,N,N,,,00,,N,,,,,,,,,,,,,,,,,,,,,,,,,,,,,,,,N,,,,,,,N,,,,,,N,,,,,,,,,,,,,,,,N,,,,,,2011-01-01,2009-07-01,,0.0,2.0,1.0,1.0,0,0,0,0.0,0.0,0,0,,,0,0,1,2009,3,0,0,0,100,2368,9.706666666666669,0.0,0,0.0,0,0,0,0.0,0,0.0,0,Current,None,0
,102218329006,22011,R,"Wells Fargo Bank, N.A.","Wells Fargo Bank, N.A.",,4.375,4.375,101000.0,,98513.49,360,72009,92009,18.0,342.0,341.0,82039.0,74,74,1,32,728,,N,R,SF,1,P,TX,19100,760,,FRM,N,N,,,00,,N,,,,,,,,,,,,,,,,,,,,,,,,,,,,,,,,N,,,,,,,N,,,,,,N,,,,,,,,,,,,,,,,N,,,,,,2011-02-01,2009-07-01,,0.0,2.0,1.0,1.0,0,0,0,0.0,0.0,0,0,,,0,0,1,2009,3,0,0,0,100,2368,9.706666666666669,0.0,0,0.0,0,0,0,0.0,0,0.0,0,Current,None,0
,102218329006,32011,R,"Wells Fargo Bank, N.A.","Wells Fargo Bank, N.A.",,4.375,4.375,101000.0,,98367.25,360,72009,92009,19.0,341.0,340.0,82039.0,74,74,1,32,728,,N,R,SF,1,P,TX,19100,760,,FRM,N,N,,,00,,N,,,,,,,,,,,,,,,,,,,,,,,,,,,,,,,,N,,,,,,,N,,,,,,N,,,,,,,,,,,,,,,,N,,,,,,2011-03-01,2009-07-01,,0.0,2.0,1.0,1.0,0,0,0,0.0,0.0,0,0,,,0,0,1,2009,3,0,0,0,100,2368,9.706666666666669,0.0,0,0.0,0,0,0,0.0,0,0.0,0,Current,None,0
,102218329006,42011,R,"Wells Fargo Bank, N.A.","Wells Fargo Bank, N.A.",,4.375,4.375,101000.0,,98208.37,360,72009,92009,20.0,340.0,339.0,82039.0,74,74,1,32,728,,N,R,SF,1,P,TX,19100,760,,FRM,N,N,,,00,,N,,,,,,,,,,,,,,,,,,,,,,,,,,,,,,,,N,,,,,,,N,,,,,,N,,,,,,,,,,,,,,,,N,,,,,,2011-04-01,2009-07-01,,0.0,2.0,1.0,1.0,0,0,0,0.0,0.0,0,0,,,0,0,1,2009,3,0,0,0,100,2368,9.706666666666669,0.0,0,0.0,0,0,0,0.0,0,0.0,0,Current,None,0
,102218329006,52011,R,"Wells Fargo Bank, N.A.","Wells Fargo Bank, N.A.",,4.375,4.375,101000.0,,98046.91,360,72009,92009,21.0,339.0,338.0,82039.0,74,74,1,32,728,,N,R,SF,1,P,TX,19100,760,,FRM,N,N,,,00,,N,,,,,,,,,,,,,,,,,,,,,,,,,,,,,,,,N,,,,,,,N,,,,,,N,,,,,,,,,,,,,,,,N,,,,,,2011-05-01,2009-07-01,,0.0,2.0,1.0,1.0,0,0,0,0.0,0.0,0,0,,,0,0,1,2009,3,0,0,0,100,2368,9.706666666666669,0.0,0,0.0,0,0,0,0.0,0,0.0,0,Current,None,0
,102218329006,62011,R,"Wells Fargo Bank, N.A.","Wells Fargo Bank, N.A.",,4.375,4.375,101000.0,,97861.86,360,72009,92009,22.0,338.0,337.0,82039.0,74,74,1,32,728,,N,R,SF,1,P,TX,19100,760,,FRM,N,N,,,00,,N,,,,,,,,,,,,,,,,,,,,,,,,,,,,,,,,N,,,,,,,N,,,,,,N,,,,,,,,,,,,,,,,N,,,,,,2011-06-01,2009-07-01,,0.0,2.0,1.0,1.0,0,0,0,0.0,0.0,0,0,,,0,0,1,2009,3,0,0,0,100,2368,9.706666666666669,0.0,0,0.0,0,0,0,0.0,0,0.0,0,Current,None,0
,102218329006,72011,R,"Wells Fargo Bank, N.A.","Wells Fargo Bank, N.A.",,4.375,4.375,101000.0,,97676.14,360,72009,92009,23.0,337.0,336.0,82039.0,74,74,1,32,728,,N,R,SF,1,P,TX,19100,760,,FRM,N,N,,,00,,N,,,,,,,,,,,,,,,,,,,,,,,,,,,,,,,,N,,,,,,,N,,,,,,N,,,,,,,,,,,,,,,,N,,,,,,2011-07-01,2009-07-01,,0.0,2.0,1.0,1.0,0,0,0,0.0,0.0,0,0,,,0,0,1,2009,3,0,0,0,100,2368,9.706666666666669,0.0,0,0.0,0,0,0,0.0,0,0.0,0,Current,None,0
,102218329006,82011,R,"Wells Fargo Bank, N.A.","Wells Fargo Bank, N.A.",,4.375,4.375,101000.0,,97489.74,360,72009,92009,24.0,336.0,334.0,82039.0,74,74,1,32,728,,N,R,SF,1,P,TX,19100,760,,FRM,N,N,,,00,,N,,,,,,,,,,,,,,,,,,,,,,,,,,,,,,,,N,,,,,,,N,,,,,,N,,,,,,,,,,,,,,,,N,,,,,,2011-08-01,2009-07-01,,0.0,2.0,1.0,1.0,0,0,0,0.0,0.0,0,0,,,0,0,1,2009,3,0,0,0,100,2368,9.706666666666669,0.0,0,0.0,0,0,0,0.0,0,0.0,0,Current,None,0
,102218329006,92011,R,"Wells Fargo Bank, N.A.","Wells Fargo Bank, N.A.",,4.375,4.375,101000.0,,97302.66,360,72009,92009,25.0,335.0,333.0,82039.0,74,74,1,32,728,,N,R,SF,1,P,TX,19100,760,,FRM,N,N,,,00,,N,,,,,,,,,,,,,,,,,,,,,,,,,,,,,,,,N,,,,,,,N,,,,,,N,,,,,,,,,,,,,,,,N,,,,,,2011-09-01,2009-07-01,,0.0,2.0,1.0,1.0,0,0,0,0.0,0.0,0,0,,,0,0,1,2009,3,0,0,0,100,2368,9.706666666666669,0.0,0,0.0,0,0,0,0.0,0,0.0,0,Current,None,0
,102218329006,102011,R,"Wells Fargo Bank, N.A.","Wells Fargo Bank, N.A.",,4.375,4.375,101000.0,,96164.9,360,72009,92009,26.0,334.0,326.0,82039.0,74,74,1,32,728,,N,R,SF,1,P,TX,19100,760,,FRM,N,N,,,00,,N,,,,,,,,,,,,,,,,,,,,,,,,,,,,,,,,N,,,,,,,N,,,,,,N,,,,,,,,,,,,,,,,N,,,,,,2011-10-01,2009-07-01,,0.0,2.0,1.0,1.0,0,0,0,0.0,0.0,0,0,,,0,0,1,2009,3,0,0,0,100,2368,9.706666666666669,0.0,0,0.0,0,0,0,0.0,0,0.0,0,Current,None,0
,102218329006,112011,R,"Wells Fargo Bank, N.A.","Wells Fargo Bank, N.A.",,4.375,4.375,101000.0,,95972.99,360,72009,92009,27.0,333.0,325.0,82039.0,74,74,1,32,728,,N,R,SF,1,P,TX,19100,760,,FRM,N,N,,,00,,N,,,,,,,,,,,,,,,,,,,,,,,,,,,,,,,,N,,,,,,,N,,,,,,N,,,,,,,,,,,,,,,,N,,,,,,2011-11-01,2009-07-01,,0.0,2.0,1.0,1.0,0,0,0,0.0,0.0,0,0,,,0,0,1,2009,3,0,0,0,100,2368,9.706666666666669,0.0,0,0.0,0,0,0,0.0,0,0.0,0,Current,None,0
,102218329006,122011,R,"Wells Fargo Bank, N.A.","Wells Fargo Bank, N.A.",,4.375,4.375,101000.0,,95780.38,360,72009,92009,28.0,332.0,323.0,82039.0,74,74,1,32,728,,N,R,SF,1,P,TX,19100,760,,FRM,N,N,,,00,,N,,,,,,,,,,,,,,,,,,,,,,,,,,,,,,,,N,,,,,,,N,,,,,,N,,,,,,,,,,,,,,,,N,,,,,,2011-12-01,2009-07-01,,0.0,2.0,1.0,1.0,0,0,0,0.0,0.0,0,0,,,0,0,1,2009,3,0,0,0,100,2368,9.706666666666669,0.0,0,0.0,0,0,0,0.0,0,0.0,0,Current,None,0
,102218329006,12012,R,"Wells Fargo Bank, N.A.","Wells Fargo Bank, N.A.",,4.375,4.375,101000.0,,95587.07,360,72009,92009,29.0,331.0,322.0,82039.0,74,74,1,32,728,,N,R,SF,1,P,TX,19100,760,,FRM,N,N,,,00,,N,,,,,,,,,,,,,,,,,,,,,,,,,,,,,,,,N,,,,,,,N,,,,,,N,,,,,,,,,,,,,,,,N,,,,,,2012-01-01,2009-07-01,,0.0,2.0,1.0,1.0,0,0,0,0.0,0.0,0,0,,,0,0,1,2009,3,0,0,0,100,2368,9.706666666666669,0.0,0,0.0,0,0,0,0.0,0,0.0,0,Current,None,0
,102218329006,22012,R,"Wells Fargo Bank, N.A.","Wells Fargo Bank, N.A.",,4.375,4.375,101000.0,,95393.05,360,72009,92009,30.0,330.0,321.0,82039.0,74,74,1,32,728,,N,R,SF,1,P,TX,19100,760,,FRM,N,N,,,00,,N,,,,,,,,,,,,,,,,,,,,,,,,,,,,,,,,N,,,,,,,N,,,,,,N,,,,,,,,,,,,,,,,N,,,,,,2012-02-01,2009-07-01,,0.0,2.0,1.0,1.0,0,0,0,0.0,0.0,0,0,,,0,0,1,2009,3,0,0,0,100,2368,9.706666666666669,0.0,0,0.0,0,0,0,0.0,0,0.0,0,Current,None,0
,102218329006,32012,R,"Wells Fargo Bank, N.A.","Wells Fargo Bank, N.A.",,4.375,4.375,101000.0,,95393.05,360,72009,92009,31.0,329.0,321.0,82039.0,74,74,1,32,728,,N,R,SF,1,P,TX,19100,760,,FRM,N,N,,,00,,N,,,,,,,,,,,,,,,,,,,,,,,,,,,,,,,,N,,,,,,,N,,,,,,N,,,,,,,,,,,,,,,,N,,,,,,2012-03-01,2009-07-01,,0.0,2.0,1.0,1.0,0,0,0,0.0,0.0,0,0,,,0,0,1,2009,3,0,0,0,100,2368,9.706666666666669,0.0,0,0.0,0,0,0,0.0,0,0.0,0,Current,None,0
,102218329006,42012,R,"Wells Fargo Bank, N.A.","Wells Fargo Bank, N.A.",,4.375,4.375,101000.0,,94955.16,360,72009,92009,32.0,328.0,318.0,82039.0,74,74,1,32,728,,N,R,SF,1,P,TX,19100,760,,FRM,N,N,,,00,,N,,,,,,,,,,,,,,,,,,,,,,,,,,,,,,,,N,,,,,,,N,,,,,,N,,,,,,,,,,,,,,,,N,,,,,,2012-04-01,2009-07-01,,0.0,2.0,1.0,1.0,0,0,0,0.0,0.0,0,0,,,0,0,1,2009,3,0,0,0,100,2368,9.706666666666669,0.0,0,0.0,0,0,0,0.0,0,0.0,0,Current,None,0
,102218329006,52012,R,"Wells Fargo Bank, N.A.","Wells Fargo Bank, N.A.",,4.375,4.375,101000.0,,94756.33,360,72009,92009,33.0,327.0,317.0,82039.0,74,74,1,32,728,,N,R,SF,1,P,TX,19100,760,,FRM,N,N,,,00,,N,,,,,,,,,,,,,,,,,,,,,,,,,,,,,,,,N,,,,,,,N,,,,,,N,,,,,,,,,,,,,,,,N,,,,,,2012-05-01,2009-07-01,,0.0,2.0,1.0,1.0,0,0,0,0.0,0.0,0,0,,,0,0,1,2009,3,0,0,0,100,2368,9.706666666666669,0.0,0,0.0,0,0,0,0.0,0,0.0,0,Current,None,0
,102218329006,62012,R,"Wells Fargo Bank, N.A.","Wells Fargo Bank, N.A.",,4.375,4.375,101000.0,,94556.78,360,72009,92009,34.0,326.0,316.0,82039.0,74,74,1,32,728,,N,R,SF,1,P,TX,19100,760,,FRM,N,N,,,00,,N,,,,,,,,,,,,,,,,,,,,,,,,,,,,,,,,N,,,,,,,N,,,,,,N,,,,,,,,,,,,,,,,N,,,,,,2012-06-01,2009-07-01,,0.0,2.0,1.0,1.0,0,0,0,0.0,0.0,0,0,,,0,0,1,2009,3,0,0,0,100,2368,9.706666666666669,0.0,0,0.0,0,0,0,0.0,0,0.0,0,Current,None,0
,102218329006,72012,R,"Wells Fargo Bank, N.A.","Wells Fargo Bank, N.A.",,4.375,4.375,101000.0,,94356.5,360,72009,92009,35.0,325.0,314.0,82039.0,74,74,1,32,728,,N,R,SF,1,P,TX,19100,760,,FRM,N,N,,,00,,N,,,,,,,,,,,,,,,,,,,,,,,,,,,,,,,,N,,,,,,,N,,,,,,N,,,,,,,,,,,,,,,,N,,,,,,2012-07-01,2009-07-01,,0.0,2.0,1.0,1.0,0,0,0,0.0,0.0,0,0,,,0,0,1,2009,3,0,0,0,100,2368,9.706666666666669,0.0,0,0.0,0,0,0,0.0,0,0.0,0,Current,None,0
,102218329006,82012,R,"Wells Fargo Bank, N.A.","Wells Fargo Bank, N.A.",,4.375,4.375,101000.0,,94155.49,360,72009,92009,36.0,324.0,313.0,82039.0,74,74,1,32,728,,N,R,SF,1,P,TX,19100,760,,FRM,N,N,,,00,,N,,,,,,,,,,,,,,,,,,,,,,,,,,,,,,,,N,,,,,,,N,,,,,,N,,,,,,,,,,,,,,,,N,,,,,,2012-08-01,2009-07-01,,0.0,2.0,1.0,1.0,0,0,0,0.0,0.0,0,0,,,0,0,1,2009,3,0,0,0,100,2368,9.706666666666669,0.0,0,0.0,0,0,0,0.0,0,0.0,0,Current,None,0
,102218329006,92012,R,"Wells Fargo Bank, N.A.","Wells Fargo Bank, N.A.",,4.375,4.375,101000.0,,93953.75,360,72009,92009,37.0,323.0,312.0,82039.0,74,74,1,32,728,,N,R,SF,1,P,TX,19100,760,,FRM,N,N,,,00,,N,,,,,,,,,,,,,,,,,,,,,,,,,,,,,,,,N,,,,,,,N,,,,,,N,,,,,,,,,,,,,,,,N,,,,,,2012-09-01,2009-07-01,,0.0,2.0,1.0,1.0,0,0,0,0.0,0.0,0,0,,,0,0,1,2009,3,0,0,0,100,2368,9.706666666666669,0.0,0,0.0,0,0,0,0.0,0,0.0,0,Current,None,0
,102218329006,102012,R,"Wells Fargo Bank, N.A.","Wells Fargo Bank, N.A.",,4.375,4.375,101000.0,,93776.27,360,72009,92009,38.0,322.0,311.0,82039.0,74,74,1,32,728,,N,R,SF,1,P,TX,19100,760,,FRM,N,N,,,00,,N,,,,,,,,,,,,,,,,,,,,,,,,,,,,,,,,N,,,,,,,N,,,,,,N,,,,,,,,,,,,,,,,N,,,,,,2012-10-01,2009-07-01,,0.0,2.0,1.0,1.0,0,0,0,0.0,0.0,0,0,,,0,0,1,2009,3,0,0,0,100,2368,9.706666666666669,0.0,0,0.0,0,0,0,0.0,0,0.0,0,Current,None,0
,102218329006,112012,R,"Wells Fargo Bank, N.A.","Wells Fargo Bank, N.A.",,4.375,4.375,101000.0,,93598.14,360,72009,92009,39.0,321.0,310.0,82039.0,74,74,1,32,728,,N,R,SF,1,P,TX,19100,760,,FRM,N,N,,,00,,N,,,,,,,,,,,,,,,,,,,,,,,,,,,,,,,,N,,,,,,,N,,,,,,N,,,,,,,,,,,,,,,,N,,,,,,2012-11-01,2009-07-01,,0.0,2.0,1.0,1.0,0,0,0,0.0,0.0,0,0,,,0,0,1,2009,3,0,0,0,100,2368,9.706666666666669,0.0,0,0.0,0,0,0,0.0,0,0.0,0,Current,None,0
,102218329006,122012,R,"Wells Fargo Bank, N.A.","Wells Fargo Bank, N.A.",,4.375,4.375,101000.0,,93419.36,360,72009,92009,40.0,320.0,309.0,82039.0,74,74,1,32,728,,N,R,SF,1,P,TX,19100,760,,FRM,N,N,,,00,,N,,,,,,,,,,,,,,,,,,,,,,,,,,,,,,,,N,,,,,,,N,,,,,,N,,,,,,,,,,,,,,,,N,,,,,,2012-12-01,2009-07-01,,0.0,2.0,1.0,1.0,0,0,0,0.0,0.0,0,0,,,0,0,1,2009,3,0,0,0,100,2368,9.706666666666669,0.0,0,0.0,0,0,0,0.0,0,0.0,0,Current,None,0
,102218329006,12013,R,"Wells Fargo Bank, N.A.","Wells Fargo Bank, N.A.",,4.375,4.375,101000.0,,93214.93,360,72009,92009,41.0,319.0,307.0,82039.0,74,74,1,32,728,,N,R,SF,1,P,TX,19100,760,,FRM,N,N,,,00,,N,,,,,,,,,,,,,,,,,,,,,,,,,,,,,,,,N,,,,,,,N,,,,,,N,,,,,,,,,,,,,,,,N,,,,,,2013-01-01,2009-07-01,,0.0,2.0,1.0,1.0,0,0,0,0.0,0.0,0,0,,,0,0,1,2009,3,0,0,0,100,2368,9.706666666666669,0.0,0,0.0,0,0,0,0.0,0,0.0,0,Current,None,0
,102218329006,22013,R,"Wells Fargo Bank, N.A.","Wells Fargo Bank, N.A.",,4.375,4.375,101000.0,,93034.76,360,72009,92009,42.0,318.0,306.0,82039.0,74,74,1,32,728,,N,R,SF,1,P,TX,19100,760,,FRM,N,N,,,00,,N,,,,,,,,,,,,,,,,,,,,,,,,,,,,,,,,N,,,,,,,N,,,,,,N,,,,,,,,,,,,,,,,N,,,,,,2013-02-01,2009-07-01,,0.0,2.0,1.0,1.0,0,0,0,0.0,0.0,0,0,,,0,0,1,2009,3,0,0,0,100,2368,9.706666666666669,0.0,0,0.0,0,0,0,0.0,0,0.0,0,Current,None,0
,102218329006,32013,R,"Wells Fargo Bank, N.A.","Wells Fargo Bank, N.A.",,4.375,4.375,101000.0,,92828.93,360,72009,92009,43.0,317.0,305.0,82039.0,74,74,1,32,728,,N,R,SF,1,P,TX,19100,760,,FRM,N,N,,,00,,N,,,,,,,,,,,,,,,,,,,,,,,,,,,,,,,,N,,,,,,,N,,,,,,N,,,,,,,,,,,,,,,,N,,,,,,2013-03-01,2009-07-01,,0.0,2.0,1.0,1.0,0,0,0,0.0,0.0,0,0,,,0,0,1,2009,3,0,0,0,100,2368,9.706666666666669,0.0,0,0.0,0,0,0,0.0,0,0.0,0,Current,None,0
,102218329006,42013,R,"Wells Fargo Bank, N.A.","Wells Fargo Bank, N.A.",,4.375,4.375,101000.0,,92585.8,360,72009,92009,44.0,316.0,304.0,82039.0,74,74,1,32,728,,N,R,SF,1,P,TX,19100,760,,FRM,N,N,,,00,,N,,,,,,,,,,,,,,,,,,,,,,,,,,,,,,,,N,,,,,,,N,,,,,,N,,,,,,,,,,,,,,,,N,,,,,,2013-04-01,2009-07-01,,0.0,2.0,1.0,1.0,0,0,0,0.0,0.0,0,0,,,0,0,1,2009,3,0,0,0,100,2368,9.706666666666669,0.0,0,0.0,0,0,0,0.0,0,0.0,0,Current,None,0
,102218329006,52013,R,"Wells Fargo Bank, N.A.","Wells Fargo Bank, N.A.",,4.375,4.375,101000.0,,92366.78,360,72009,92009,45.0,315.0,302.0,82039.0,74,74,1,32,728,,N,R,SF,1,P,TX,19100,760,,FRM,N,N,,,00,,N,,,,,,,,,,,,,,,,,,,,,,,,,,,,,,,,N,,,,,,,N,,,,,,N,,,,,,,,,,,,,,,,N,,,,,,2013-05-01,2009-07-01,,0.0,2.0,1.0,1.0,0,0,0,0.0,0.0,0,0,,,0,0,1,2009,3,0,0,0,100,2368,9.706666666666669,0.0,0,1.0,1,0,0,0.0,0,0.0,0,Current,None,0
,102218329006,62013,R,"Wells Fargo Bank, N.A.","Wells Fargo Bank, N.A.",,4.375,4.375,101000.0,,92197.96,360,72009,92009,46.0,314.0,301.0,82039.0,74,74,1,32,728,,N,R,SF,1,P,TX,19100,760,,FRM,N,N,,,00,,N,,,,,,,,,,,,,,,,,,,,,,,,,,,,,,,,N,,,,,,,N,,,,,,N,,,,,,,,,,,,,,,,N,,,,,,2013-06-01,2009-07-01,,0.0,2.0,1.0,1.0,0,0,0,0.0,0.0,0,0,,,0,0,1,2009,3,0,0,0,100,2368,9.706666666666669,0.0,0,1.0,1,0,0,0.0,0,0.0,0,Current,None,0
,102218329006,72013,R,"Wells Fargo Bank, N.A.","Wells Fargo Bank, N.A.",,4.375,4.375,101000.0,,92028.82,360,72009,92009,47.0,313.0,300.0,82039.0,74,74,1,32,728,,N,R,SF,1,P,TX,19100,760,,FRM,N,N,,,00,,N,,,,,,,,,,,,,,,,,,,,,,,,,,,,,,,,N,,,,,,,N,,,,,,N,,,,,,,,,,,,,,,,N,,,,,,2013-07-01,2009-07-01,,0.0,2.0,1.0,1.0,0,0,0,0.0,0.0,0,0,,,0,0,1,2009,3,0,0,0,100,2368,9.706666666666669,0.0,0,1.0,1,0,0,0.0,0,0.0,0,Current,None,0
,102218329006,82013,R,"Wells Fargo Bank, N.A.","Wells Fargo Bank, N.A.",,4.375,4.375,101000.0,,92028.82,360,72009,92009,48.0,312.0,300.0,82039.0,74,74,1,32,728,,N,R,SF,1,P,TX,19100,760,,FRM,N,N,,,00,,N,,,,,,,,,,,,,,,,,,,,,,,,,,,,,,,,N,,,,,,,N,,,,,,N,,,,,,,,,,,,,,,,N,,,,,,2013-08-01,2009-07-01,,0.0,2.0,1.0,1.0,0,0,0,0.0,0.0,0,0,,,0,0,1,2009,3,0,0,0,100,2368,9.706666666666669,1.0,1,1.0,1,0,0,0.0,0,0.0,0,Current,None,0
,102218329006,92013,R,"Wells Fargo Bank, N.A.","Wells Fargo Bank, N.A.",,4.375,4.375,101000.0,,91859.06,360,72009,92009,49.0,311.0,299.0,82039.0,74,74,1,32,728,,N,R,SF,1,P,TX,19100,760,,FRM,N,N,,,00,,N,,,,,,,,,,,,,,,,,,,,,,,,,,,,,,,,N,,,,,,,N,,,,,,N,,,,,,,,,,,,,,,,N,,,,,,2013-09-01,2009-07-01,,0.0,2.0,1.0,1.0,0,0,0,0.0,0.0,0,0,,,0,0,1,2009,3,0,0,0,100,2368,9.706666666666669,1.0,1,1.0,1,0,0,0.0,0,0.0,0,Current,None,0
,102218329006,102013,R,"Wells Fargo Bank, N.A.","Wells Fargo Bank, N.A.",,4.375,4.375,101000.0,,91687.36,360,72009,92009,50.0,310.0,298.0,82039.0,74,74,1,32,728,,N,R,SF,1,P,TX,19100,760,,FRM,N,N,,,00,,N,,,,,,,,,,,,,,,,,,,,,,,,,,,,,,,,N,,,,,,,N,,,,,,N,,,,,,,,,,,,,,,,N,,,,,,2013-10-01,2009-07-01,,0.0,2.0,1.0,1.0,0,0,0,0.0,0.0,0,0,,,0,0,1,2009,3,0,0,0,100,2368,9.706666666666669,1.0,1,1.0,1,0,0,0.0,0,0.0,0,Delinquent,None,0
,102218329006,112013,R,"Wells Fargo Bank, N.A.","Wells Fargo Bank, N.A.",,4.375,4.375,101000.0,,91687.36,360,72009,92009,51.0,309.0,298.0,82039.0,74,74,1,32,728,,N,R,SF,1,P,TX,19100,760,,FRM,N,N,,,01,,N,,,,,,,,,,,,,,,,,,,,,,,,,,,,,,,,N,,,,,,,N,,,,,,N,,,,,,,,,,,,,,,,N,,,,,,2013-11-01,2009-07-01,,0.0,2.0,1.0,1.0,30,1,1,30.0,30.0,30,1,,,0,0,2,2009,3,0,0,0,100,2368,9.706666666666669,1.0,1,1.0,1,0,0,0.0,0,0.0,0,Delinquent,None,0
,102218329006,122013,R,"Wells Fargo Bank, N.A.","Wells Fargo Bank, N.A.",,4.375,4.375,101000.0,,91516.36,360,72009,92009,52.0,308.0,297.0,82039.0,74,74,1,32,728,,N,R,SF,1,P,TX,19100,760,,FRM,N,N,,,01,,N,,,,,,,,,,,,,,,,,,,,,,,,,,,,,,,,N,,,,,,,N,,,,,,N,,,,,,,,,,,,,,,,N,,,,,,2013-12-01,2009-07-01,,0.0,2.0,1.0,1.0,30,1,1,30.0,30.0,30,2,,,0,0,2,2009,3,0,0,0,100,2368,9.706666666666669,1.0,1,1.0,1,0,0,0.0,0,0.0,0,Delinquent,None,0
,102218329006,12014,R,"Wells Fargo Bank, N.A.","Wells Fargo Bank, N.A.",,4.375,4.375,101000.0,,91344.73,360,72009,92009,53.0,307.0,296.0,82039.0,74,74,1,32,728,,N,R,SF,1,P,TX,19100,760,,FRM,N,N,,,01,,N,,,,,,,,,,,,,,,,,,,,,,,,,,,,,,,,N,,,,,,,N,,,,,,N,,,,,,,,,,,,,,,,N,,,,,,2014-01-01,2009-07-01,,0.0,2.0,1.0,1.0,30,1,1,30.0,30.0,30,3,,,0,0,2,2009,3,0,0,0,100,2368,9.706666666666669,1.0,1,1.0,1,0,0,0.0,0,0.0,0,Delinquent,None,0
,102218329006,22014,R,"Wells Fargo Bank, N.A.","Wells Fargo Bank, N.A.",,4.375,4.375,101000.0,,91172.48,360,72009,92009,54.0,306.0,295.0,82039.0,74,74,1,32,728,,N,R,SF,1,P,TX,19100,760,,FRM,N,N,,,01,,N,,,,,,,,,,,,,,,,,,,,,,,,,,,,,,,,N,,,,,,,N,,,,,,N,,,,,,,,,,,,,,,,N,,,,,,2014-02-01,2009-07-01,,0.0,2.0,1.0,1.0,30,1,1,30.0,30.0,30,4,,,0,0,2,2009,3,0,0,0,100,2368,9.706666666666669,0.0,0,0.0,0,0,0,0.0,0,0.0,0,Current,None,0
,102218329006,32014,R,"Wells Fargo Bank, N.A.","Wells Fargo Bank, N.A.",,4.375,4.375,101000.0,,90727.92,360,72009,92009,55.0,305.0,293.0,82039.0,74,74,1,32,728,,N,R,SF,1,P,TX,19100,760,,FRM,N,N,,,00,,N,,,,,,,,,,,,,,,,,,,,,,,,,,,,,,,,N,,,,,,,N,,,,,,N,,,,,,,,,,,,,,,,N,,,,,,2014-03-01,2009-07-01,,0.0,2.0,1.0,1.0,0,0,1,30.0,30.0,30,4,,,0,0,3,2009,3,0,0,0,100,2368,9.706666666666669,0.0,0,0.0,0,0,0,0.0,0,0.0,0,Current,None,0
,102218329006,42014,R,"Wells Fargo Bank, N.A.","Wells Fargo Bank, N.A.",,4.375,4.375,101000.0,,90553.42,360,72009,92009,56.0,304.0,292.0,82039.0,74,74,1,32,728,,N,R,SF,1,P,TX,19100,760,,FRM,N,N,,,00,,N,,,,,,,,,,,,,,,,,,,,,,,,,,,,,,,,N,,,,,,,N,,,,,,N,,,,,,,,,,,,,,,,N,,,,,,2014-04-01,2009-07-01,,0.0,2.0,1.0,1.0,0,0,1,30.0,30.0,30,4,,,0,0,3,2009,3,0,0,0,100,2368,9.706666666666669,0.0,0,0.0,0,0,0,0.0,0,0.0,0,Current,None,0
,102218329006,52014,R,"Wells Fargo Bank, N.A.","Wells Fargo Bank, N.A.",,4.375,4.375,101000.0,,90378.28,360,72009,92009,57.0,303.0,291.0,82039.0,74,74,1,32,728,,N,R,SF,1,P,TX,19100,760,,FRM,N,N,,,00,,N,,,,,,,,,,,,,,,,,,,,,,,,,,,,,,,,N,,,,,,,N,,,,,,N,,,,,,,,,,,,,,,,N,,,,,,2014-05-01,2009-07-01,,0.0,2.0,1.0,1.0,0,0,1,0.0,30.0,30,4,,,0,0,3,2009,3,0,0,0,100,2368,9.706666666666669,0.0,0,0.0,0,0,0,0.0,0,0.0,0,Current,None,0
,102218329006,62014,R,"Wells Fargo Bank, N.A.","Wells Fargo Bank, N.A.",,4.375,4.375,101000.0,,90202.5,360,72009,92009,58.0,302.0,290.0,82039.0,74,74,1,32,728,,N,R,SF,1,P,TX,19100,760,,FRM,N,N,,,00,,N,,,,,,,,,,,,,,,,,,,,,,,,,,,,,,,,N,,,,,,,N,,,,,,N,,,,,,,,,,,,,,,,N,,,,,,2014-06-01,2009-07-01,,0.0,2.0,1.0,1.0,0,0,1,0.0,30.0,30,4,,,0,0,3,2009,3,0,0,0,100,2368,9.706666666666669,0.0,0,0.0,0,0,0,0.0,0,0.0,0,Current,None,0
,102218329006,72014,R,"Wells Fargo Bank, N.A.","Wells Fargo Bank, N.A.",,4.375,4.375,101000.0,,90025.88,360,72009,92009,59.0,301.0,289.0,82039.0,74,74,1,32,728,,N,R,SF,1,P,TX,19100,760,,FRM,N,N,,,00,,N,,,,,,,,,,,,,,,,,,,,,,,,,,,,,,,,N,,,,,,,N,,,,,,N,,,,,,,,,,,,,,,,N,,,,,,2014-07-01,2009-07-01,,0.0,2.0,1.0,1.0,0,0,1,0.0,30.0,30,4,,,0,0,3,2009,3,0,0,0,100,2368,9.706666666666669,0.0,0,0.0,0,0,0,0.0,0,0.0,0,Current,None,0
,102218329006,82014,R,"Wells Fargo Bank, N.A.","Wells Fargo Bank, N.A.",,4.375,4.375,101000.0,,89844.09,360,72009,92009,60.0,300.0,288.0,82039.0,74,74,1,32,728,,N,R,SF,1,P,TX,19100,760,,FRM,N,N,,,00,,N,,,,,,,,,,,,,,,,,,,,,,,,,,,,,,,,N,,,,,,,N,,,,,,N,,,,,,,,,,,,,,,,N,,,,,,2014-08-01,2009-07-01,,0.0,2.0,1.0,1.0,0,0,1,0.0,0.0,30,4,,,0,0,3,2009,3,0,0,0,100,2368,9.706666666666669,0.0,0,0.0,0,0,0,0.0,0,0.0,0,Current,None,0
,102218329006,92014,R,"Wells Fargo Bank, N.A.","Wells Fargo Bank, N.A.",,4.375,4.375,101000.0,,89486.54,360,72009,92009,61.0,299.0,286.0,82039.0,74,74,1,32,728,,N,R,SF,1,P,TX,19100,760,,FRM,N,N,,,00,,N,,,,,,,,,,,,,,,,,,,,,,,,,,,,,,,,N,,,,,,,N,,,,,,N,,,,,,,,,,,,,,,,N,,,,,,2014-09-01,2009-07-01,,0.0,2.0,1.0,1.0,0,0,1,0.0,0.0,30,4,,,0,0,3,2009,3,0,0,0,100,2368,9.706666666666669,0.0,0,0.0,0,0,0,0.0,0,0.0,0,Current,None,0
,102218329006,102014,R,"Wells Fargo Bank, N.A.","Wells Fargo Bank, N.A.",,4.375,4.375,101000.0,,89306.78,360,72009,92009,62.0,298.0,285.0,82039.0,74,74,1,32,728,,N,R,SF,1,P,TX,19100,760,,FRM,N,N,,,00,,N,,,,,,,,,,,,,,,,,,,,,,,,,,,,,,,,N,,,,,,,N,,,,,,N,,,,,,,,,,,,,,,,N,,,,,,2014-10-01,2009-07-01,,0.0,2.0,1.0,1.0,0,0,1,0.0,0.0,30,4,,,0,0,3,2009,3,0,0,0,100,2368,9.706666666666669,0.0,0,0.0,0,0,0,0.0,0,0.0,0,Current,None,0
,102218329006,112014,R,"Wells Fargo Bank, N.A.","Wells Fargo Bank, N.A.",,4.375,4.375,101000.0,,89306.78,360,72009,92009,63.0,297.0,285.0,82039.0,74,74,1,32,728,,N,R,SF,1,P,TX,19100,760,,FRM,N,N,,,00,,N,,,,,,,,,,,,,,,,,,,,,,,,,,,,,,,,N,,,,,,,N,,,,,,N,,,,,,,,,,,,,,,,N,,,,,,2014-11-01,2009-07-01,,0.0,2.0,1.0,1.0,0,0,1,0.0,0.0,30,4,,,0,0,3,2009,3,0,0,0,100,2368,9.706666666666669,0.0,0,0.0,0,0,0,0.0,0,0.0,0,Current,None,0
,102218329006,122014,R,"Wells Fargo Bank, N.A.","Wells Fargo Bank, N.A.",,4.375,4.375,101000.0,,89126.37,360,72009,92009,64.0,296.0,284.0,82039.0,74,74,1,32,728,,N,R,SF,1,P,TX,19100,760,,FRM,N,N,,,00,,N,,,,,,,,,,,,,,,,,,,,,,,,,,,,,,,,N,,,,,,,N,,,,,,N,,,,,,,,,,,,,,,,N,,,,,,2014-12-01,2009-07-01,,0.0,2.0,1.0,1.0,0,0,1,0.0,0.0,30,4,,,0,0,3,2009,3,0,0,0,100,2368,9.706666666666669,0.0,0,0.0,0,0,0,0.0,0,0.0,0,Current,None,0
,102218329006,12015,R,"Wells Fargo Bank, N.A.","Wells Fargo Bank, N.A.",,4.375,4.375,101000.0,,88945.3,360,72009,92009,65.0,295.0,283.0,82039.0,74,74,1,32,728,,N,R,SF,1,P,TX,19100,760,,FRM,N,N,,,00,,N,,,,,,,,,,,,,,,,,,,,,,,,,,,,,,,,N,,,,,,,N,,,,,,N,,,,,,,,,,,,,,,,N,,,,,,2015-01-01,2009-07-01,,0.0,2.0,1.0,1.0,0,0,1,0.0,0.0,30,4,,,0,0,3,2009,3,0,0,0,100,2368,9.706666666666669,0.0,0,0.0,0,0,0,0.0,0,0.0,0,Current,None,0
,102218329006,22015,R,"Wells Fargo Bank, N.A.","Wells Fargo Bank, N.A.",,4.375,4.375,101000.0,,88763.57,360,72009,92009,66.0,294.0,282.0,82039.0,74,74,1,32,728,,N,R,SF,1,P,TX,19100,760,,FRM,N,N,,,00,,N,,,,,,,,,,,,,,,,,,,,,,,,,,,,,,,,N,,,,,,,N,,,,,,N,,,,,,,,,,,,,,,,N,,,,,,2015-02-01,2009-07-01,,0.0,2.0,1.0,1.0,0,0,1,0.0,0.0,30,4,,,0,0,3,2009,3,0,0,0,100,2368,9.706666666666669,0.0,0,0.0,0,0,0,0.0,0,0.0,0,Current,None,0
,102218329006,32015,R,"Wells Fargo Bank, N.A.","Wells Fargo Bank, N.A.",,4.375,4.375,101000.0,,88398.12,360,72009,92009,67.0,293.0,280.0,82039.0,74,74,1,32,728,,N,R,SF,1,P,TX,19100,760,,FRM,N,N,,,00,,N,,,,,,,,,,,,,,,,,,,,,,,,,,,,,,,,N,,,,,,,N,,,,,,N,,,,,,,,,,,,,,,,N,,,,,,2015-03-01,2009-07-01,,0.0,2.0,1.0,1.0,0,0,1,0.0,0.0,30,4,,,0,0,3,2009,3,0,0,0,100,2368,9.706666666666669,0.0,0,0.0,0,0,0,0.0,0,0.0,0,Current,None,0
,102218329006,42015,R,"Wells Fargo Bank, N.A.","Wells Fargo Bank, N.A.",,4.375,4.375,101000.0,,88215.12,360,72009,92009,68.0,292.0,279.0,82039.0,74,74,1,32,728,,N,R,SF,1,P,TX,19100,760,,FRM,N,N,,,00,,N,,,,,,,,,,,,,,,,,,,,,,,,,,,,,,,,N,,,,,,,N,,,,,,N,,,,,,,,,,,,,,,,N,,,,,,2015-04-01,2009-07-01,,0.0,2.0,1.0,1.0,0,0,1,0.0,0.0,30,4,,,0,0,3,2009,3,0,0,0,100,2368,9.706666666666669,0.0,0,0.0,0,0,0,0.0,0,0.0,0,Current,None,0
,102218329006,52015,R,"Wells Fargo Bank, N.A.","Wells Fargo Bank, N.A.",,4.375,4.375,101000.0,,88030.67,360,72009,92009,69.0,291.0,278.0,82039.0,74,74,1,32,728,,N,R,SF,1,P,TX,19100,760,,FRM,N,N,,,00,,N,,,,,,,,,,,,,,,,,,,,,,,,,,,,,,,,N,,,,,,,N,,,,,,N,,,,,,,,,,,,,,,,N,,,,,,2015-05-01,2009-07-01,,0.0,2.0,1.0,1.0,0,0,1,0.0,0.0,30,4,,,0,0,3,2009,3,0,0,0,100,2368,9.706666666666669,0.0,0,0.0,0,0,0,0.0,0,0.0,0,Current,None,0
,102218329006,62015,R,"Wells Fargo Bank, N.A.","Wells Fargo Bank, N.A.",,4.375,4.375,101000.0,,87845.55,360,72009,92009,70.0,290.0,277.0,82039.0,74,74,1,32,728,,N,R,SF,1,P,TX,19100,760,,FRM,N,N,,,00,,N,,,,,,,,,,,,,,,,,,,,,,,,,,,,,,,,N,,,,,,,N,,,,,,N,,,,,,,,,,,,,,,,N,,,,,,2015-06-01,2009-07-01,,0.0,2.0,1.0,1.0,0,0,1,0.0,0.0,30,4,,,0,0,3,2009,3,0,0,0,100,2368,9.706666666666669,0.0,0,0.0,0,0,0,0.0,0,0.0,0,Current,None,0
,102218329006,72015,R,"Wells Fargo Bank, N.A.","Wells Fargo Bank, N.A.",,4.375,4.375,101000.0,,87659.75,360,72009,92009,71.0,289.0,276.0,82039.0,74,74,1,32,728,,N,R,SF,1,P,TX,19100,760,,FRM,N,N,,,00,,N,,,,,,,,,,,,,,,,,,,,,,,,,,,,,,,,N,,,,,,,N,,,,,,N,,,,,,,,,,,,,,,,N,,,,,,2015-07-01,2009-07-01,,0.0,2.0,1.0,1.0,0,0,1,0.0,0.0,30,4,,,0,0,3,2009,3,0,0,0,100,2368,9.706666666666669,0.0,0,0.0,0,0,0,0.0,0,0.0,0,Current,None,0
,102218329006,82015,R,"Wells Fargo Bank, N.A.","Wells Fargo Bank, N.A.",,4.375,4.375,101000.0,,87473.27,360,72009,92009,72.0,288.0,275.0,82039.0,74,74,1,32,728,,N,R,SF,1,P,TX,19100,760,,FRM,N,N,,,00,,N,,,,,,,,,,,,,,,,,,,,,,,,,,,,,,,,N,,,,,,,N,,,,,,N,,,,,,,,,,,,,,,,N,,,,,,2015-08-01,2009-07-01,,0.0,2.0,1.0,1.0,0,0,1,0.0,0.0,30,4,,,0,0,3,2009,3,0,0,0,100,2368,9.706666666666669,0.0,0,0.0,0,0,0,0.0,0,0.0,0,Current,None,0
,102218329006,92015,R,"Wells Fargo Bank, N.A.","Wells Fargo Bank, N.A.",,4.375,4.375,101000.0,,87473.27,360,72009,92009,73.0,287.0,275.0,82039.0,74,74,1,32,728,,N,R,SF,1,P,TX,19100,760,,FRM,N,N,,,00,,N,,,,,,,,,,,,,,,,,,,,,,,,,,,,,,,,N,,,,,,,N,,,,,,N,,,,,,,,,,,,,,,,N,,,,,,2015-09-01,2009-07-01,,0.0,2.0,1.0,1.0,0,0,1,0.0,0.0,30,4,,,0,0,3,2009,3,0,0,0,100,2368,9.706666666666669,0.0,0,0.0,0,0,0,0.0,0,0.0,0,Current,None,0
,102218329006,102015,R,"Wells Fargo Bank, N.A.","Wells Fargo Bank, N.A.",,4.375,4.375,101000.0,,87286.11,360,72009,92009,74.0,286.0,274.0,82039.0,74,74,1,32,728,,N,R,SF,1,P,TX,19100,760,,FRM,N,N,,,00,,N,,,,,,,,,,,,,,,,,,,,,,,,,,,,,,,,N,,,,,,,N,,,,,,N,,,,,,,,,,,,,,,,N,,,,,,2015-10-01,2009-07-01,,0.0,2.0,1.0,1.0,0,0,1,0.0,0.0,30,4,,,0,0,3,2009,3,0,0,0,100,2368,9.706666666666669,0.0,0,0.0,0,0,0,0.0,0,0.0,0,Current,None,0
,102218329006,112015,R,"Wells Fargo Bank, N.A.","Wells Fargo Bank, N.A.",,4.375,4.375,101000.0,,87098.27,360,72009,92009,75.0,285.0,273.0,82039.0,74,74,1,32,728,,N,R,SF,1,P,TX,19100,760,,FRM,N,N,,,00,,N,,,,,,,,,,,,,,,,,,,,,,,,,,,,,,,,N,,,,,,,N,,,,,,N,,,,,,,,,,,,,,,,N,,,,,,2015-11-01,2009-07-01,,0.0,2.0,1.0,1.0,0,0,1,0.0,0.0,30,4,,,0,0,3,2009,3,0,0,0,100,2368,9.706666666666669,0.0,0,0.0,0,0,0,0.0,0,0.0,0,Current,None,0
,102218329006,122015,R,"Wells Fargo Bank, N.A.","Wells Fargo Bank, N.A.",,4.375,4.375,101000.0,,86909.75,360,72009,92009,76.0,284.0,272.0,82039.0,74,74,1,32,728,,N,R,SF,1,P,TX,19100,760,,FRM,N,N,,,00,,N,,,,,,,,,,,,,,,,,,,,,,,,,,,,,,,,N,,,,,,,N,,,,,,N,,,,,,,,,,,,,,,,N,,,,,,2015-12-01,2009-07-01,,0.0,2.0,1.0,1.0,0,0,1,0.0,0.0,30,4,,,0,0,3,2009,3,0,0,0,100,2368,9.706666666666669,0.0,0,0.0,0,0,0,0.0,0,0.0,0,Current,None,0
,102218329006,12016,R,"Wells Fargo Bank, N.A.","Wells Fargo Bank, N.A.",,4.375,4.375,101000.0,,86720.54,360,72009,92009,77.0,283.0,271.0,82039.0,74,74,1,32,728,,N,R,SF,1,P,TX,19100,760,,FRM,N,N,,,00,,N,,,,,,,,,,,,,,,,,,,,,,,,,,,,,,,,N,,,,,,,N,,,,,,N,,,,,,,,,,,,,,,,N,,,,,,2016-01-01,2009-07-01,,0.0,2.0,1.0,1.0,0,0,1,0.0,0.0,30,4,,,0,0,3,2009,3,0,0,0,100,2368,9.706666666666669,0.0,0,0.0,0,0,0,0.0,0,0.0,0,Current,None,0
,102218329006,22016,R,"Wells Fargo Bank, N.A.","Wells Fargo Bank, N.A.",,4.375,4.375,101000.0,,86309.05,360,72009,92009,78.0,282.0,268.0,82039.0,74,74,1,32,728,,N,R,SF,1,P,TX,19100,760,,FRM,N,N,,,00,,N,,,,,,,,,,,,,,,,,,,,,,,,,,,,,,,,N,,,,,,,N,,,,,,N,,,,,,,,,,,,,,,,N,,,,,,2016-02-01,2009-07-01,,0.0,2.0,1.0,1.0,0,0,1,0.0,0.0,30,4,,,0,0,3,2009,3,0,0,0,100,2368,9.706666666666669,0.0,0,0.0,0,0,0,0.0,0,0.0,0,Current,None,0
,102218329006,32016,R,"Wells Fargo Bank, N.A.","Wells Fargo Bank, N.A.",,4.375,4.375,101000.0,,86086.65,360,72009,92009,79.0,281.0,267.0,82039.0,74,74,1,32,728,,N,R,SF,1,P,TX,19100,760,,FRM,N,N,,,00,,N,,,,,,,,,,,,,,,,,,,,,,,,,,,,,,,,N,,,,,,,N,,,,,,N,,,,,,,,,,,,,,,,N,,,,,,2016-03-01,2009-07-01,,0.0,2.0,1.0,1.0,0,0,1,0.0,0.0,30,4,,,0,0,3,2009,3,0,0,0,100,2368,9.706666666666669,0.0,0,0.0,0,0,0,0.0,0,0.0,0,Current,None,0
,102218329006,42016,R,"Wells Fargo Bank, N.A.","Wells Fargo Bank, N.A.",,4.375,4.375,101000.0,,85894.39,360,72009,92009,80.0,280.0,266.0,82039.0,74,74,1,32,728,,N,R,SF,1,P,TX,19100,760,,FRM,N,N,,,00,,N,,,,,,,,,,,,,,,,,,,,,,,,,,,,,,,,N,,,,,,,N,,,,,,N,,,,,,,,,,,,,,,,N,,,,,,2016-04-01,2009-07-01,,0.0,2.0,1.0,1.0,0,0,1,0.0,0.0,30,4,,,0,0,3,2009,3,0,0,0,100,2368,9.706666666666669,0.0,0,0.0,0,0,0,0.0,0,0.0,0,Current,None,0
,102218329006,52016,R,"Wells Fargo Bank, N.A.","Wells Fargo Bank, N.A.",,4.375,4.375,101000.0,,85894.39,360,72009,92009,81.0,279.0,266.0,82039.0,74,74,1,32,728,,N,R,SF,1,P,TX,19100,760,,FRM,N,N,,,00,,N,,,,,,,,,,,,,,,,,,,,,,,,,,,,,,,,N,,,,,,,N,,,,,,N,,,,,,,,,,,,,,,,N,,,,,,2016-05-01,2009-07-01,,0.0,2.0,1.0,1.0,0,0,1,0.0,0.0,30,4,,,0,0,3,2009,3,0,0,0,100,2368,9.706666666666669,0.0,0,0.0,0,0,0,0.0,0,0.0,0,Current,None,0
,102218329006,62016,R,"Wells Fargo Bank, N.A.","Wells Fargo Bank, N.A.",,4.375,4.375,101000.0,,85701.43,360,72009,92009,82.0,278.0,265.0,82039.0,74,74,1,32,728,,N,R,SF,1,P,TX,19100,760,,FRM,N,N,,,00,,N,,,,,,,,,,,,,,,,,,,,,,,,,,,,,,,,N,,,,,,,N,,,,,,N,,,,,,,,,,,,,,,,N,,,,,,2016-06-01,2009-07-01,,0.0,2.0,1.0,1.0,0,0,1,0.0,0.0,30,4,,,0,0,3,2009,3,0,0,0,100,2368,9.706666666666669,0.0,0,0.0,0,0,0,0.0,0,0.0,0,Current,None,0
,102218329006,72016,R,"Wells Fargo Bank, N.A.","Wells Fargo Bank, N.A.",,4.375,4.375,101000.0,,85507.76,360,72009,92009,83.0,277.0,264.0,82039.0,74,74,1,32,728,,N,R,SF,1,P,TX,19100,760,,FRM,N,N,,,00,,N,,,,,,,,,,,,,,,,,,,,,,,,,,,,,,,,N,,,,,,,N,,,,,,N,,,,,,,,,,,,,,,,N,,,,,,2016-07-01,2009-07-01,,0.0,2.0,1.0,1.0,0,0,1,0.0,0.0,30,4,,,0,0,3,2009,3,0,0,0,100,2368,9.706666666666669,0.0,0,0.0,0,0,0,0.0,0,0.0,0,Current,None,0
,102218329006,82016,R,"Wells Fargo Bank, N.A.","Wells Fargo Bank, N.A.",,4.375,4.375,101000.0,,85118.31,360,72009,92009,84.0,276.0,262.0,82039.0,74,74,1,32,728,,N,R,SF,1,P,TX,19100,760,,FRM,N,N,,,00,,N,,,,,,,,,,,,,,,,,,,,,,,,,,,,,,,,N,,,,,,,N,,,,,,N,,,,,,,,,,,,,,,,N,,,,,,2016-08-01,2009-07-01,,0.0,2.0,1.0,1.0,0,0,1,0.0,0.0,30,4,,,0,0,3,2009,3,0,0,0,100,2368,9.706666666666669,0.0,0,0.0,0,0,0,0.0,0,0.0,0,Current,None,0
,102218329006,92016,R,"Wells Fargo Bank, N.A.","Wells Fargo Bank, N.A.",,4.375,4.375,101000.0,,84922.52,360,72009,92009,85.0,275.0,261.0,82039.0,74,74,1,32,728,,N,R,SF,1,P,TX,19100,760,,FRM,N,N,,,00,,N,,,,,,,,,,,,,,,,,,,,,,,,,,,,,,,,N,,,,,,,N,,,,,,N,,,,,,,,,,,,,,,,N,,,,,,2016-09-01,2009-07-01,,0.0,2.0,1.0,1.0,0,0,1,0.0,0.0,30,4,,,0,0,3,2009,3,0,0,0,100,2368,9.706666666666669,0.0,0,0.0,0,0,0,0.0,0,0.0,0,Current,None,0
,102218329006,102016,R,"Wells Fargo Bank, N.A.","Wells Fargo Bank, N.A.",,4.375,4.375,101000.0,,84726.01,360,72009,92009,86.0,274.0,260.0,82039.0,74,74,1,32,728,,N,R,SF,1,P,TX,19100,760,,FRM,N,N,,,00,,N,,,,,,,,,,,,,,,,,,,,,,,,,,,,,,,,N,,,,,,,N,,,,,,N,,,,,,,,,,,,,,,,N,,,,,,2016-10-01,2009-07-01,,0.0,2.0,1.0,1.0,0,0,1,0.0,0.0,30,4,,,0,0,3,2009,3,0,0,0,100,2368,9.706666666666669,0.0,0,0.0,0,0,0,0.0,0,0.0,0,Current,None,0
,102218329006,112016,R,"Wells Fargo Bank, N.A.","Wells Fargo Bank, N.A.",,4.375,4.375,101000.0,,84726.01,360,72009,92009,87.0,273.0,260.0,82039.0,74,74,1,32,728,,N,R,SF,1,P,TX,19100,760,,FRM,N,N,,,00,,N,,,,,,,,,,,,,,,,,,,,,,,,,,,,,,,,N,,,,,,,N,,,,,,N,,,,,,,,,,,,,,,,N,,,,,,2016-11-01,2009-07-01,,0.0,2.0,1.0,1.0,0,0,1,0.0,0.0,30,4,,,0,0,3,2009,3,0,0,0,100,2368,9.706666666666669,0.0,0,0.0,0,0,0,0.0,0,0.0,0,Current,None,0
,102218329006,122016,R,"Wells Fargo Bank, N.A.","Wells Fargo Bank, N.A.",,4.375,4.375,101000.0,,84528.79,360,72009,92009,88.0,272.0,259.0,82039.0,74,74,1,32,728,,N,R,SF,1,P,TX,19100,760,,FRM,N,N,,,00,,N,,,,,,,,,,,,,,,,,,,,,,,,,,,,,,,,N,,,,,,,N,,,,,,N,,,,,,,,,,,,,,,,N,,,,,,2016-12-01,2009-07-01,,0.0,2.0,1.0,1.0,0,0,1,0.0,0.0,30,4,,,0,0,3,2009,3,0,0,0,100,2368,9.706666666666669,0.0,0,0.0,0,0,0,0.0,0,0.0,0,Current,None,0
,102218329006,12017,R,"Wells Fargo Bank, N.A.","Wells Fargo Bank, N.A.",,4.375,4.375,101000.0,,84132.19,360,72009,92009,89.0,271.0,257.0,82039.0,74,74,1,32,728,,N,R,SF,1,P,TX,19100,760,,FRM,N,N,,,00,,N,,,,,,,,,,,,,,,,,,,,,,,,,,,,,,,,N,,,,,,,N,,,,,,N,,,,,,,,,,,,,,,,N,,,,,,2017-01-01,2009-07-01,,0.0,2.0,1.0,1.0,0,0,1,0.0,0.0,30,4,,,0,0,3,2009,3,0,0,0,100,2368,9.706666666666669,0.0,0,0.0,0,0,0,0.0,0,0.0,0,Current,None,0
,102218329006,22017,R,"Wells Fargo Bank, N.A.","Wells Fargo Bank, N.A.",,4.375,4.375,101000.0,,83932.8,360,72009,92009,90.0,270.0,256.0,82039.0,74,74,1,32,728,,N,R,SF,1,P,TX,19100,760,,FRM,N,N,,,00,,N,,,,,,,,,,,,,,,,,,,,,,,,,,,,,,,,N,,,,,,,N,,,,,,N,,,,,,,,,,,,,,,,N,,,,,,2017-02-01,2009-07-01,,0.0,2.0,1.0,1.0,0,0,1,0.0,0.0,30,4,,,0,0,3,2009,3,0,0,0,100,2368,9.706666666666669,0.0,0,0.0,0,0,0,0.0,0,0.0,0,Current,None,0
,102218329006,32017,R,"Wells Fargo Bank, N.A.","Wells Fargo Bank, N.A.",,4.375,4.375,101000.0,,83732.68,360,72009,92009,91.0,269.0,255.0,82039.0,74,74,1,32,728,,N,R,SF,1,P,TX,19100,760,,FRM,N,N,,,00,,N,,,,,,,,,,,,,,,,,,,,,,,,,,,,,,,,N,,,,,,,N,,,,,,N,,,,,,,,,,,,,,,,N,,,,,,2017-03-01,2009-07-01,,0.0,2.0,1.0,1.0,0,0,1,0.0,0.0,30,4,,,0,0,3,2009,3,0,0,0,100,2368,9.706666666666669,0.0,0,0.0,0,0,0,0.0,0,0.0,0,Current,None,0
,102458150755,92009,R,Other,Other,,4.375,4.375,148000.0,,0.0,360,72009,92009,1.0,359.0,359.0,82039.0,71,71,3,29,754,810.0,N,C,SF,2,P,PR,41980,7,,FRM,N,N,,,00,,N,,,,,,,,,,,,,,,,,,,,,,,,,,,,,,,,N,,,,,,,N,,,,,,N,,,,,,,,,,,,,,,,N,,,,,,2009-09-01,2009-07-01,,0.0,3.0,1.0,1.0,0,0,0,0.0,0.0,0,0,,,0,0,1,2009,1,0,0,0,100,2059,10.47222222222222,0.0,0,0.0,0,0,0,0.0,0,0.0,0,Current,None,0
,102458150755,102009,R,Other,Other,,4.375,4.375,148000.0,,0.0,360,72009,92009,2.0,358.0,358.0,82039.0,71,71,3,29,754,810.0,N,C,SF,2,P,PR,41980,7,,FRM,N,N,,,00,,N,,,,,,,,,,,,,,,,,,,,,,,,,,,,,,,,N,,,,,,,N,,,,,,N,,,,,,,,,,,,,,,,N,,,,,,2009-10-01,2009-07-01,,0.0,3.0,1.0,1.0,0,0,0,0.0,0.0,0,0,,,0,0,1,2009,1,0,0,0,100,2059,10.47222222222222,0.0,0,0.0,0,0,0,0.0,0,0.0,0,Current,None,0
,102458150755,112009,R,Other,Other,,4.375,4.375,148000.0,,0.0,360,72009,92009,3.0,357.0,357.0,82039.0,71,71,3,29,754,810.0,N,C,SF,2,P,PR,41980,7,,FRM,N,N,,,00,,N,,,,,,,,,,,,,,,,,,,,,,,,,,,,,,,,N,,,,,,,N,,,,,,N,,,,,,,,,,,,,,,,N,,,,,,2009-11-01,2009-07-01,,0.0,3.0,1.0,1.0,0,0,0,0.0,0.0,0,0,,,0,0,1,2009,1,0,0,0,100,2059,10.47222222222222,0.0,0,0.0,0,0,0,0.0,0,0.0,0,Current,None,0
,102458150755,122009,R,Other,Other,,4.375,4.375,148000.0,,0.0,360,72009,92009,4.0,356.0,356.0,82039.0,71,71,3,29,754,810.0,N,C,SF,2,P,PR,41980,7,,FRM,N,N,,,00,,N,,,,,,,,,,,,,,,,,,,,,,,,,,,,,,,,N,,,,,,,N,,,,,,N,,,,,,,,,,,,,,,,N,,,,,,2009-12-01,2009-07-01,,0.0,3.0,1.0,1.0,0,0,0,0.0,0.0,0,0,,,0,0,1,2009,1,0,0,0,100,2059,10.47222222222222,0.0,0,0.0,0,0,0,0.0,0,0.0,0,Current,None,0
,102458150755,12010,R,Other,Other,,4.375,4.375,148000.0,,0.0,360,72009,92009,5.0,355.0,355.0,82039.0,71,71,3,29,754,810.0,N,C,SF,2,P,PR,41980,7,,FRM,N,N,,,00,,N,,,,,,,,,,,,,,,,,,,,,,,,,,,,,,,,N,,,,,,,N,,,,,,N,,,,,,,,,,,,,,,,N,,,,,,2010-01-01,2009-07-01,,0.0,3.0,1.0,1.0,0,0,0,0.0,0.0,0,0,,,0,0,1,2009,1,0,0,0,100,2059,10.47222222222222,0.0,0,0.0,0,0,0,0.0,0,0.0,0,Current,None,0
,102458150755,22010,R,Other,Other,,4.375,4.375,148000.0,,0.0,360,72009,92009,6.0,354.0,354.0,82039.0,71,71,3,29,754,810.0,N,C,SF,2,P,PR,41980,7,,FRM,N,N,,,00,,N,,,,,,,,,,,,,,,,,,,,,,,,,,,,,,,,N,,,,,,,N,,,,,,N,,,,,,,,,,,,,,,,N,,,,,,2010-02-01,2009-07-01,,0.0,3.0,1.0,1.0,0,0,0,0.0,0.0,0,0,,,0,0,1,2009,1,0,0,0,100,2059,10.47222222222222,0.0,0,0.0,0,0,0,0.0,0,0.0,0,Current,None,0
,102458150755,32010,R,Other,Other,,4.375,4.375,148000.0,,146589.14,360,72009,92009,7.0,353.0,353.0,82039.0,71,71,3,29,754,810.0,N,C,SF,2,P,PR,41980,7,,FRM,N,N,,,00,,N,,,,,,,,,,,,,,,,,,,,,,,,,,,,,,,,N,,,,,,,N,,,,,,N,,,,,,,,,,,,,,,,N,,,,,,2010-03-01,2009-07-01,,0.0,3.0,1.0,1.0,0,0,0,0.0,0.0,0,0,,,0,0,1,2009,1,0,0,0,100,2059,10.47222222222222,0.0,0,0.0,0,0,0,0.0,0,0.0,0,Current,None,0
,102458150755,42010,R,Other,Other,,4.375,4.375,148000.0,,146384.64,360,72009,92009,8.0,352.0,352.0,82039.0,71,71,3,29,754,810.0,N,C,SF,2,P,PR,41980,7,,FRM,N,N,,,00,,N,,,,,,,,,,,,,,,,,,,,,,,,,,,,,,,,N,,,,,,,N,,,,,,N,,,,,,,,,,,,,,,,N,,,,,,2010-04-01,2009-07-01,,0.0,3.0,1.0,1.0,0,0,0,0.0,0.0,0,0,,,0,0,1,2009,1,0,0,0,100,2059,10.47222222222222,0.0,0,0.0,0,0,0,0.0,0,0.0,0,Current,None,0
,102458150755,52010,R,Other,Other,,4.375,4.375,148000.0,,146179.39,360,72009,92009,9.0,351.0,351.0,82039.0,71,71,3,29,754,810.0,N,C,SF,2,P,PR,41980,7,,FRM,N,N,,,00,,N,,,,,,,,,,,,,,,,,,,,,,,,,,,,,,,,N,,,,,,,N,,,,,,N,,,,,,,,,,,,,,,,N,,,,,,2010-05-01,2009-07-01,,0.0,3.0,1.0,1.0,0,0,0,0.0,0.0,0,0,,,0,0,1,2009,1,0,0,0,100,2059,10.47222222222222,0.0,0,0.0,0,0,0,0.0,0,0.0,0,Current,None,0
,102458150755,62010,R,Other,Other,,4.375,4.375,148000.0,,145973.4,360,72009,92009,10.0,350.0,350.0,82039.0,71,71,3,29,754,810.0,N,C,SF,2,P,PR,41980,7,,FRM,N,N,,,00,,N,,,,,,,,,,,,,,,,,,,,,,,,,,,,,,,,N,,,,,,,N,,,,,,N,,,,,,,,,,,,,,,,N,,,,,,2010-06-01,2009-07-01,,0.0,3.0,1.0,1.0,0,0,0,0.0,0.0,0,0,,,0,0,1,2009,1,0,0,0,100,2059,10.47222222222222,0.0,0,0.0,0,0,0,0.0,0,0.0,0,Current,None,0
,102458150755,72010,R,Other,Other,,4.375,4.375,148000.0,,145766.65,360,72009,92009,11.0,349.0,349.0,82039.0,71,71,3,29,754,810.0,N,C,SF,2,P,PR,41980,7,,FRM,N,N,,,00,,N,,,,,,,,,,,,,,,,,,,,,,,,,,,,,,,,N,,,,,,,N,,,,,,N,,,,,,,,,,,,,,,,N,,,,,,2010-07-01,2009-07-01,,0.0,3.0,1.0,1.0,0,0,0,0.0,0.0,0,0,,,0,0,1,2009,1,0,0,0,100,2059,10.47222222222222,0.0,0,0.0,0,0,0,0.0,0,0.0,0,Current,None,0
,102458150755,82010,R,Other,Other,,4.375,4.375,148000.0,,145559.15,360,72009,92009,12.0,348.0,348.0,82039.0,71,71,3,29,754,810.0,N,C,SF,2,P,PR,41980,7,,FRM,N,N,,,00,,N,,,,,,,,,,,,,,,,,,,,,,,,,,,,,,,,N,,,,,,,N,,,,,,N,,,,,,,,,,,,,,,,N,,,,,,2010-08-01,2009-07-01,,0.0,3.0,1.0,1.0,0,0,0,0.0,0.0,0,0,,,0,0,1,2009,1,0,0,0,100,2059,10.47222222222222,0.0,0,0.0,0,0,0,0.0,0,0.0,0,Current,None,0
,102458150755,92010,R,Other,Other,,4.375,4.375,148000.0,,145350.89,360,72009,92009,13.0,347.0,347.0,82039.0,71,71,3,29,754,810.0,N,C,SF,2,P,PR,41980,7,,FRM,N,N,,,00,,N,,,,,,,,,,,,,,,,,,,,,,,,,,,,,,,,N,,,,,,,N,,,,,,N,,,,,,,,,,,,,,,,N,,,,,,2010-09-01,2009-07-01,,0.0,3.0,1.0,1.0,0,0,0,0.0,0.0,0,0,,,0,0,1,2009,1,0,0,0,100,2059,10.47222222222222,0.0,0,0.0,0,0,0,0.0,0,0.0,0,Current,None,0
,102458150755,102010,R,Other,Other,,4.375,4.375,148000.0,,145141.88,360,72009,92009,14.0,346.0,346.0,82039.0,71,71,3,29,754,810.0,N,C,SF,2,P,PR,41980,7,,FRM,N,N,,,00,,N,,,,,,,,,,,,,,,,,,,,,,,,,,,,,,,,N,,,,,,,N,,,,,,N,,,,,,,,,,,,,,,,N,,,,,,2010-10-01,2009-07-01,,0.0,3.0,1.0,1.0,0,0,0,0.0,0.0,0,0,,,0,0,1,2009,1,0,0,0,100,2059,10.47222222222222,0.0,0,0.0,0,0,0,0.0,0,0.0,0,Current,None,0
,102458150755,112010,R,Other,Other,,4.375,4.375,148000.0,,144932.1,360,72009,92009,15.0,345.0,345.0,82039.0,71,71,3,29,754,810.0,N,C,SF,2,P,PR,41980,7,,FRM,N,N,,,00,,N,,,,,,,,,,,,,,,,,,,,,,,,,,,,,,,,N,,,,,,,N,,,,,,N,,,,,,,,,,,,,,,,N,,,,,,2010-11-01,2009-07-01,,0.0,3.0,1.0,1.0,0,0,0,0.0,0.0,0,0,,,0,0,1,2009,1,0,0,0,100,2059,10.47222222222222,0.0,0,0.0,0,0,0,0.0,0,0.0,0,Current,None,0
,102458150755,122010,R,Other,Other,,4.375,4.375,148000.0,,144721.56,360,72009,92009,16.0,344.0,344.0,82039.0,71,71,3,29,754,810.0,N,C,SF,2,P,PR,41980,7,,FRM,N,N,,,00,,N,,,,,,,,,,,,,,,,,,,,,,,,,,,,,,,,N,,,,,,,N,,,,,,N,,,,,,,,,,,,,,,,N,,,,,,2010-12-01,2009-07-01,,0.0,3.0,1.0,1.0,0,0,0,0.0,0.0,0,0,,,0,0,1,2009,1,0,0,0,100,2059,10.47222222222222,0.0,0,0.0,0,0,0,0.0,0,0.0,0,Current,None,0
,102458150755,12011,R,Other,Other,,4.375,4.375,148000.0,,144510.25,360,72009,92009,17.0,343.0,343.0,82039.0,71,71,3,29,754,810.0,N,C,SF,2,P,PR,41980,7,,FRM,N,N,,,00,,N,,,,,,,,,,,,,,,,,,,,,,,,,,,,,,,,N,,,,,,,N,,,,,,N,,,,,,,,,,,,,,,,N,,,,,,2011-01-01,2009-07-01,,0.0,3.0,1.0,1.0,0,0,0,0.0,0.0,0,0,,,0,0,1,2009,1,0,0,0,100,2059,10.47222222222222,0.0,0,0.0,0,0,0,0.0,0,0.0,0,Current,None,0
,102458150755,22011,R,Other,Other,,4.375,4.375,148000.0,,144298.17,360,72009,92009,18.0,342.0,342.0,82039.0,71,71,3,29,754,810.0,N,C,SF,2,P,PR,41980,7,,FRM,N,N,,,00,,N,,,,,,,,,,,,,,,,,,,,,,,,,,,,,,,,N,,,,,,,N,,,,,,N,,,,,,,,,,,,,,,,N,,,,,,2011-02-01,2009-07-01,,0.0,3.0,1.0,1.0,0,0,0,0.0,0.0,0,0,,,0,0,1,2009,1,0,0,0,100,2059,10.47222222222222,0.0,0,0.0,0,0,0,0.0,0,0.0,0,Current,None,0
,102458150755,32011,R,Other,Other,,4.375,4.375,148000.0,,144085.32,360,72009,92009,19.0,341.0,341.0,82039.0,71,71,3,29,754,810.0,N,C,SF,2,P,PR,41980,7,,FRM,N,N,,,00,,N,,,,,,,,,,,,,,,,,,,,,,,,,,,,,,,,N,,,,,,,N,,,,,,N,,,,,,,,,,,,,,,,N,,,,,,2011-03-01,2009-07-01,,0.0,3.0,1.0,1.0,0,0,0,0.0,0.0,0,0,,,0,0,1,2009,1,0,0,0,100,2059,10.47222222222222,0.0,0,0.0,0,0,0,0.0,0,0.0,0,Current,None,0
,102458150755,42011,R,Other,Other,,4.375,4.375,148000.0,,143871.69,360,72009,92009,20.0,340.0,340.0,82039.0,71,71,3,29,754,810.0,N,C,SF,2,P,PR,41980,7,,FRM,N,N,,,00,,N,,,,,,,,,,,,,,,,,,,,,,,,,,,,,,,,N,,,,,,,N,,,,,,N,,,,,,,,,,,,,,,,N,,,,,,2011-04-01,2009-07-01,,0.0,3.0,1.0,1.0,0,0,0,0.0,0.0,0,0,,,0,0,1,2009,1,0,0,0,100,2059,10.47222222222222,0.0,0,0.0,0,0,0,0.0,0,0.0,0,Current,None,0
,102458150755,52011,R,Other,Other,,4.375,4.375,148000.0,,143657.28,360,72009,92009,21.0,339.0,339.0,82039.0,71,71,3,29,754,810.0,N,C,SF,2,P,PR,41980,7,,FRM,N,N,,,00,,N,,,,,,,,,,,,,,,,,,,,,,,,,,,,,,,,N,,,,,,,N,,,,,,N,,,,,,,,,,,,,,,,N,,,,,,2011-05-01,2009-07-01,,0.0,3.0,1.0,1.0,0,0,0,0.0,0.0,0,0,,,0,0,1,2009,1,0,0,0,100,2059,10.47222222222222,0.0,0,0.0,0,0,0,0.0,0,0.0,0,Current,None,0
,102458150755,62011,R,Other,Other,,4.375,4.375,148000.0,,143442.09,360,72009,92009,22.0,338.0,338.0,82039.0,71,71,3,29,754,810.0,N,C,SF,2,P,PR,41980,7,,FRM,N,N,,,00,,N,,,,,,,,,,,,,,,,,,,,,,,,,,,,,,,,N,,,,,,,N,,,,,,N,,,,,,,,,,,,,,,,N,,,,,,2011-06-01,2009-07-01,,0.0,3.0,1.0,1.0,0,0,0,0.0,0.0,0,0,,,0,0,1,2009,1,0,0,0,100,2059,10.47222222222222,0.0,0,0.0,0,0,0,0.0,0,0.0,0,Current,None,0
,102458150755,72011,R,Other,Other,,4.375,4.375,148000.0,,143226.12,360,72009,92009,23.0,337.0,337.0,82039.0,71,71,3,29,754,810.0,N,C,SF,2,P,PR,41980,7,,FRM,N,N,,,00,,N,,,,,,,,,,,,,,,,,,,,,,,,,,,,,,,,N,,,,,,,N,,,,,,N,,,,,,,,,,,,,,,,N,,,,,,2011-07-01,2009-07-01,,0.0,3.0,1.0,1.0,0,0,0,0.0,0.0,0,0,,,0,0,1,2009,1,0,0,0,100,2059,10.47222222222222,0.0,0,0.0,0,0,0,0.0,0,0.0,0,Current,None,0
,102458150755,82011,R,Other,Other,,4.375,4.375,148000.0,,143009.36,360,72009,92009,24.0,336.0,336.0,82039.0,71,71,3,29,754,810.0,N,C,SF,2,P,PR,41980,7,,FRM,N,N,,,00,,N,,,,,,,,,,,,,,,,,,,,,,,,,,,,,,,,N,,,,,,,N,,,,,,N,,,,,,,,,,,,,,,,N,,,,,,2011-08-01,2009-07-01,,0.0,3.0,1.0,1.0,0,0,0,0.0,0.0,0,0,,,0,0,1,2009,1,0,0,0,100,2059,10.47222222222222,0.0,0,0.0,0,0,0,0.0,0,0.0,0,Current,None,0
,102458150755,92011,R,Other,Other,,4.375,4.375,148000.0,,142791.81,360,72009,92009,25.0,335.0,335.0,82039.0,71,71,3,29,754,810.0,N,C,SF,2,P,PR,41980,7,,FRM,N,N,,,00,,N,,,,,,,,,,,,,,,,,,,,,,,,,,,,,,,,N,,,,,,,N,,,,,,N,,,,,,,,,,,,,,,,N,,,,,,2011-09-01,2009-07-01,,0.0,3.0,1.0,1.0,0,0,0,0.0,0.0,0,0,,,0,0,1,2009,1,0,0,0,100,2059,10.47222222222222,0.0,0,0.0,0,0,0,0.0,0,0.0,0,Current,None,0
,102458150755,102011,R,Other,Other,,4.375,4.375,148000.0,,142573.47,360,72009,92009,26.0,334.0,334.0,82039.0,71,71,3,29,754,810.0,N,C,SF,2,P,PR,41980,7,,FRM,N,N,,,00,,N,,,,,,,,,,,,,,,,,,,,,,,,,,,,,,,,N,,,,,,,N,,,,,,N,,,,,,,,,,,,,,,,N,,,,,,2011-10-01,2009-07-01,,0.0,3.0,1.0,1.0,0,0,0,0.0,0.0,0,0,,,0,0,1,2009,1,0,0,0,100,2059,10.47222222222222,0.0,0,0.0,0,0,0,0.0,0,0.0,0,Current,None,0
,102458150755,112011,R,Other,Other,,4.375,4.375,148000.0,,142354.33,360,72009,92009,27.0,333.0,333.0,82039.0,71,71,3,29,754,810.0,N,C,SF,2,P,PR,41980,7,,FRM,N,N,,,00,,N,,,,,,,,,,,,,,,,,,,,,,,,,,,,,,,,N,,,,,,,N,,,,,,N,,,,,,,,,,,,,,,,N,,,,,,2011-11-01,2009-07-01,,0.0,3.0,1.0,1.0,0,0,0,0.0,0.0,0,0,,,0,0,1,2009,1,0,0,0,100,2059,10.47222222222222,0.0,0,0.0,0,0,0,0.0,0,0.0,0,Current,None,0
,102458150755,122011,R,Other,Other,,4.375,4.375,148000.0,,142134.39,360,72009,92009,28.0,332.0,332.0,82039.0,71,71,3,29,754,810.0,N,C,SF,2,P,PR,41980,7,,FRM,N,N,,,00,,N,,,,,,,,,,,,,,,,,,,,,,,,,,,,,,,,N,,,,,,,N,,,,,,N,,,,,,,,,,,,,,,,N,,,,,,2011-12-01,2009-07-01,,0.0,3.0,1.0,1.0,0,0,0,0.0,0.0,0,0,,,0,0,1,2009,1,0,0,0,100,2059,10.47222222222222,0.0,0,0.0,0,0,0,0.0,0,0.0,0,Current,None,0
,102458150755,12012,R,Other,Other,,4.375,4.375,148000.0,,141913.65,360,72009,92009,29.0,331.0,331.0,82039.0,71,71,3,29,754,810.0,N,C,SF,2,P,PR,41980,7,,FRM,N,N,,,00,,N,,,,,,,,,,,,,,,,,,,,,,,,,,,,,,,,N,,,,,,,N,,,,,,N,,,,,,,,,,,,,,,,N,,,,,,2012-01-01,2009-07-01,,0.0,3.0,1.0,1.0,0,0,0,0.0,0.0,0,0,,,0,0,1,2009,1,0,0,0,100,2059,10.47222222222222,0.0,0,0.0,0,0,0,0.0,0,0.0,0,Current,None,0
,102458150755,22012,R,Other,Other,,4.375,4.375,148000.0,,141692.1,360,72009,92009,30.0,330.0,330.0,82039.0,71,71,3,29,754,810.0,N,C,SF,2,P,PR,41980,7,,FRM,N,N,,,00,,N,,,,,,,,,,,,,,,,,,,,,,,,,,,,,,,,N,,,,,,,N,,,,,,N,,,,,,,,,,,,,,,,N,,,,,,2012-02-01,2009-07-01,,0.0,3.0,1.0,1.0,0,0,0,0.0,0.0,0,0,,,0,0,1,2009,1,0,0,0,100,2059,10.47222222222222,0.0,0,0.0,0,0,0,0.0,0,0.0,0,Current,None,0
,102458150755,32012,R,Other,Other,,4.375,4.375,148000.0,,141469.75,360,72009,92009,31.0,329.0,329.0,82039.0,71,71,3,29,754,810.0,N,C,SF,2,P,PR,41980,7,,FRM,N,N,,,00,,N,,,,,,,,,,,,,,,,,,,,,,,,,,,,,,,,N,,,,,,,N,,,,,,N,,,,,,,,,,,,,,,,N,,,,,,2012-03-01,2009-07-01,,0.0,3.0,1.0,1.0,0,0,0,0.0,0.0,0,0,,,0,0,1,2009,1,0,0,0,100,2059,10.47222222222222,0.0,0,0.0,0,0,0,0.0,0,0.0,0,Current,None,0
,102458150755,42012,R,Other,Other,,4.375,4.375,148000.0,,141246.59,360,72009,92009,32.0,328.0,328.0,82039.0,71,71,3,29,754,810.0,N,C,SF,2,P,PR,41980,7,,FRM,N,N,,,00,,N,,,,,,,,,,,,,,,,,,,,,,,,,,,,,,,,N,,,,,,,N,,,,,,N,,,,,,,,,,,,,,,,N,,,,,,2012-04-01,2009-07-01,,0.0,3.0,1.0,1.0,0,0,0,0.0,0.0,0,0,,,0,0,1,2009,1,0,0,0,100,2059,10.47222222222222,0.0,0,0.0,0,0,0,0.0,0,0.0,0,Current,None,0
,102458150755,52012,R,Other,Other,,4.375,4.375,148000.0,,141022.61,360,72009,92009,33.0,327.0,327.0,82039.0,71,71,3,29,754,810.0,N,C,SF,2,P,PR,41980,7,,FRM,N,N,,,00,,N,,,,,,,,,,,,,,,,,,,,,,,,,,,,,,,,N,,,,,,,N,,,,,,N,,,,,,,,,,,,,,,,N,,,,,,2012-05-01,2009-07-01,,0.0,3.0,1.0,1.0,0,0,0,0.0,0.0,0,0,,,0,0,1,2009,1,0,0,0,100,2059,10.47222222222222,0.0,0,0.0,0,0,0,0.0,0,0.0,0,Current,None,0
,102458150755,62012,R,Other,Other,,4.375,4.375,148000.0,,140797.81,360,72009,92009,34.0,326.0,326.0,82039.0,71,71,3,29,754,810.0,N,C,SF,2,P,PR,41980,7,,FRM,N,N,,,00,,N,,,,,,,,,,,,,,,,,,,,,,,,,,,,,,,,N,,,,,,,N,,,,,,N,,,,,,,,,,,,,,,,N,,,,,,2012-06-01,2009-07-01,,0.0,3.0,1.0,1.0,0,0,0,0.0,0.0,0,0,,,0,0,1,2009,1,0,0,0,100,2059,10.47222222222222,0.0,0,0.0,0,0,0,0.0,0,0.0,0,Current,None,0
,102458150755,72012,R,Other,Other,,4.375,4.375,148000.0,,140572.2,360,72009,92009,35.0,325.0,325.0,82039.0,71,71,3,29,754,810.0,N,C,SF,2,P,PR,41980,7,,FRM,N,N,,,00,,N,,,,,,,,,,,,,,,,,,,,,,,,,,,,,,,,N,,,,,,,N,,,,,,N,,,,,,,,,,,,,,,,N,,,,,,2012-07-01,2009-07-01,,0.0,3.0,1.0,1.0,0,0,0,0.0,0.0,0,0,,,0,0,1,2009,1,0,0,0,100,2059,10.47222222222222,0.0,0,0.0,0,0,0,0.0,0,0.0,0,Current,None,0
,102458150755,82012,R,Other,Other,,4.375,4.375,148000.0,,140345.76,360,72009,92009,36.0,324.0,324.0,82039.0,71,71,3,29,754,810.0,N,C,SF,2,P,PR,41980,7,,FRM,N,N,,,00,,N,,,,,,,,,,,,,,,,,,,,,,,,,,,,,,,,N,,,,,,,N,,,,,,N,,,,,,,,,,,,,,,,N,,,,,,2012-08-01,2009-07-01,,0.0,3.0,1.0,1.0,0,0,0,0.0,0.0,0,0,,,0,0,1,2009,1,0,0,0,100,2059,10.47222222222222,0.0,0,0.0,0,0,0,0.0,0,0.0,0,Current,None,0
,102458150755,92012,R,Other,Other,,4.375,4.375,148000.0,,140118.5,360,72009,92009,37.0,323.0,323.0,82039.0,71,71,3,29,754,810.0,N,C,SF,2,P,PR,41980,7,,FRM,N,N,,,00,,N,,,,,,,,,,,,,,,,,,,,,,,,,,,,,,,,N,,,,,,,N,,,,,,N,,,,,,,,,,,,,,,,N,,,,,,2012-09-01,2009-07-01,,0.0,3.0,1.0,1.0,0,0,0,0.0,0.0,0,0,,,0,0,1,2009,1,0,0,0,100,2059,10.47222222222222,0.0,0,0.0,0,0,0,0.0,0,0.0,0,Current,None,0
,102458150755,102012,R,Other,Other,,4.375,4.375,148000.0,,139890.41,360,72009,92009,38.0,322.0,322.0,82039.0,71,71,3,29,754,810.0,N,C,SF,2,P,PR,41980,7,,FRM,N,N,,,00,,N,,,,,,,,,,,,,,,,,,,,,,,,,,,,,,,,N,,,,,,,N,,,,,,N,,,,,,,,,,,,,,,,N,,,,,,2012-10-01,2009-07-01,,0.0,3.0,1.0,1.0,0,0,0,0.0,0.0,0,0,,,0,0,1,2009,1,0,0,0,100,2059,10.47222222222222,0.0,0,0.0,0,0,0,0.0,0,0.0,0,Current,None,0
,102458150755,112012,R,Other,Other,,4.375,4.375,148000.0,,139661.49,360,72009,92009,39.0,321.0,321.0,82039.0,71,71,3,29,754,810.0,N,C,SF,2,P,PR,41980,7,,FRM,N,N,,,00,,N,,,,,,,,,,,,,,,,,,,,,,,,,,,,,,,,N,,,,,,,N,,,,,,N,,,,,,,,,,,,,,,,N,,,,,,2012-11-01,2009-07-01,,0.0,3.0,1.0,1.0,0,0,0,0.0,0.0,0,0,,,0,0,1,2009,1,0,0,0,100,2059,10.47222222222222,0.0,0,0.0,0,0,0,0.0,0,0.0,0,Current,None,0
,102458150755,122012,R,Other,Other,,4.375,4.375,148000.0,,139431.73,360,72009,92009,40.0,320.0,320.0,82039.0,71,71,3,29,754,810.0,N,C,SF,2,P,PR,41980,7,,FRM,N,N,,,00,,N,,,,,,,,,,,,,,,,,,,,,,,,,,,,,,,,N,,,,,,,N,,,,,,N,,,,,,,,,,,,,,,,N,,,,,,2012-12-01,2009-07-01,,0.0,3.0,1.0,1.0,0,0,0,0.0,0.0,0,0,,,0,0,1,2009,1,0,0,0,100,2059,10.47222222222222,0.0,0,0.0,0,0,0,0.0,0,0.0,0,Current,None,0
,102458150755,12013,R,Other,Other,,4.375,4.375,148000.0,,139201.13,360,72009,92009,41.0,319.0,319.0,82039.0,71,71,3,29,754,810.0,N,C,SF,2,P,PR,41980,7,,FRM,N,N,,,00,,N,,,,,,,,,,,,,,,,,,,,,,,,,,,,,,,,N,,,,,,,N,,,,,,N,,,,,,,,,,,,,,,,N,,,,,,2013-01-01,2009-07-01,,0.0,3.0,1.0,1.0,0,0,0,0.0,0.0,0,0,,,0,0,1,2009,1,0,0,0,100,2059,10.47222222222222,0.0,0,0.0,0,0,0,0.0,0,0.0,0,Current,None,0
,102458150755,22013,R,Other,Other,,4.375,4.375,148000.0,,138969.69,360,72009,92009,42.0,318.0,318.0,82039.0,71,71,3,29,754,810.0,N,C,SF,2,P,PR,41980,7,,FRM,N,N,,,00,,N,,,,,,,,,,,,,,,,,,,,,,,,,,,,,,,,N,,,,,,,N,,,,,,N,,,,,,,,,,,,,,,,N,,,,,,2013-02-01,2009-07-01,,0.0,3.0,1.0,1.0,0,0,0,0.0,0.0,0,0,,,0,0,1,2009,1,0,0,0,100,2059,10.47222222222222,0.0,0,0.0,0,0,0,0.0,0,0.0,0,Current,None,0
,102458150755,32013,R,Other,Other,,4.375,4.375,148000.0,,138737.41,360,72009,92009,43.0,317.0,317.0,82039.0,71,71,3,29,754,810.0,N,C,SF,2,P,PR,41980,7,,FRM,N,N,,,00,,N,,,,,,,,,,,,,,,,,,,,,,,,,,,,,,,,N,,,,,,,N,,,,,,N,,,,,,,,,,,,,,,,N,,,,,,2013-03-01,2009-07-01,,0.0,3.0,1.0,1.0,0,0,0,0.0,0.0,0,0,,,0,0,1,2009,1,0,0,0,100,2059,10.47222222222222,0.0,0,0.0,0,0,0,0.0,0,0.0,0,Current,None,0
,102458150755,42013,R,Other,Other,,4.375,4.375,148000.0,,138504.28,360,72009,92009,44.0,316.0,316.0,82039.0,71,71,3,29,754,810.0,N,C,SF,2,P,PR,41980,7,,FRM,N,N,,,00,,N,,,,,,,,,,,,,,,,,,,,,,,,,,,,,,,,N,,,,,,,N,,,,,,N,,,,,,,,,,,,,,,,N,,,,,,2013-04-01,2009-07-01,,0.0,3.0,1.0,1.0,0,0,0,0.0,0.0,0,0,,,0,0,1,2009,1,0,0,0,100,2059,10.47222222222222,0.0,0,0.0,0,0,0,0.0,0,0.0,0,Current,None,0
,102458150755,52013,R,Other,Other,,4.375,4.375,148000.0,,138270.3,360,72009,92009,45.0,315.0,315.0,82039.0,71,71,3,29,754,810.0,N,C,SF,2,P,PR,41980,7,,FRM,N,N,,,00,,N,,,,,,,,,,,,,,,,,,,,,,,,,,,,,,,,N,,,,,,,N,,,,,,N,,,,,,,,,,,,,,,,N,,,,,,2013-05-01,2009-07-01,,0.0,3.0,1.0,1.0,0,0,0,0.0,0.0,0,0,,,0,0,1,2009,1,0,0,0,100,2059,10.47222222222222,0.0,0,0.0,0,0,0,0.0,0,0.0,0,Current,None,0
,102458150755,62013,R,Other,Other,,4.375,4.375,148000.0,,138035.47,360,72009,92009,46.0,314.0,314.0,82039.0,71,71,3,29,754,810.0,N,C,SF,2,P,PR,41980,7,,FRM,N,N,,,00,,N,,,,,,,,,,,,,,,,,,,,,,,,,,,,,,,,N,,,,,,,N,,,,,,N,,,,,,,,,,,,,,,,N,,,,,,2013-06-01,2009-07-01,,0.0,3.0,1.0,1.0,0,0,0,0.0,0.0,0,0,,,0,0,1,2009,1,0,0,0,100,2059,10.47222222222222,0.0,0,0.0,0,0,0,0.0,0,0.0,0,Current,None,0
,102458150755,72013,R,Other,Other,,4.375,4.375,148000.0,,137799.78,360,72009,92009,47.0,313.0,313.0,82039.0,71,71,3,29,754,810.0,N,C,SF,2,P,PR,41980,7,,FRM,N,N,,,00,,N,,,,,,,,,,,,,,,,,,,,,,,,,,,,,,,,N,,,,,,,N,,,,,,N,,,,,,,,,,,,,,,,N,,,,,,2013-07-01,2009-07-01,,0.0,3.0,1.0,1.0,0,0,0,0.0,0.0,0,0,,,0,0,1,2009,1,0,0,0,100,2059,10.47222222222222,0.0,0,0.0,0,0,0,0.0,0,0.0,0,Current,None,0
,102458150755,82013,R,Other,Other,,4.375,4.375,148000.0,,137563.23,360,72009,92009,48.0,312.0,312.0,82039.0,71,71,3,29,754,810.0,N,C,SF,2,P,PR,41980,7,,FRM,N,N,,,00,,N,,,,,,,,,,,,,,,,,,,,,,,,,,,,,,,,N,,,,,,,N,,,,,,N,,,,,,,,,,,,,,,,N,,,,,,2013-08-01,2009-07-01,,0.0,3.0,1.0,1.0,0,0,0,0.0,0.0,0,0,,,0,0,1,2009,1,0,0,0,100,2059,10.47222222222222,0.0,0,0.0,0,0,0,0.0,0,0.0,0,Current,None,0
,102458150755,92013,R,Other,Other,,4.375,4.375,148000.0,,137325.82,360,72009,92009,49.0,311.0,311.0,82039.0,71,71,3,29,754,810.0,N,C,SF,2,P,PR,41980,7,,FRM,N,N,,,00,,N,,,,,,,,,,,,,,,,,,,,,,,,,,,,,,,,N,,,,,,,N,,,,,,N,,,,,,,,,,,,,,,,N,,,,,,2013-09-01,2009-07-01,,0.0,3.0,1.0,1.0,0,0,0,0.0,0.0,0,0,,,0,0,1,2009,1,0,0,0,100,2059,10.47222222222222,0.0,0,0.0,0,0,0,0.0,0,0.0,0,Current,None,0
,102458150755,102013,R,Other,Other,,4.375,4.375,148000.0,,137087.55,360,72009,92009,50.0,310.0,310.0,82039.0,71,71,3,29,754,810.0,N,C,SF,2,P,PR,41980,7,,FRM,N,N,,,00,,N,,,,,,,,,,,,,,,,,,,,,,,,,,,,,,,,N,,,,,,,N,,,,,,N,,,,,,,,,,,,,,,,N,,,,,,2013-10-01,2009-07-01,,0.0,3.0,1.0,1.0,0,0,0,0.0,0.0,0,0,,,0,0,1,2009,1,0,0,0,100,2059,10.47222222222222,0.0,0,0.0,0,0,0,0.0,0,0.0,0,Current,None,0
,102458150755,112013,R,Other,Other,,4.375,4.375,148000.0,,136848.41,360,72009,92009,51.0,309.0,309.0,82039.0,71,71,3,29,754,810.0,N,C,SF,2,P,PR,41980,7,,FRM,N,N,,,00,,N,,,,,,,,,,,,,,,,,,,,,,,,,,,,,,,,N,,,,,,,N,,,,,,N,,,,,,,,,,,,,,,,N,,,,,,2013-11-01,2009-07-01,,0.0,3.0,1.0,1.0,0,0,0,0.0,0.0,0,0,,,0,0,1,2009,1,0,0,0,100,2059,10.47222222222222,0.0,0,0.0,0,0,0,0.0,0,0.0,0,Current,None,0
,102458150755,122013,R,Other,Other,,4.375,4.375,148000.0,,136608.4,360,72009,92009,52.0,308.0,308.0,82039.0,71,71,3,29,754,810.0,N,C,SF,2,P,PR,41980,7,,FRM,N,N,,,00,,N,,,,,,,,,,,,,,,,,,,,,,,,,,,,,,,,N,,,,,,,N,,,,,,N,,,,,,,,,,,,,,,,N,,,,,,2013-12-01,2009-07-01,,0.0,3.0,1.0,1.0,0,0,0,0.0,0.0,0,0,,,0,0,1,2009,1,0,0,0,100,2059,10.47222222222222,0.0,0,0.0,0,0,0,0.0,0,0.0,0,Current,None,0
,102458150755,12014,R,Other,Other,,4.375,4.375,148000.0,,136367.51,360,72009,92009,53.0,307.0,307.0,82039.0,71,71,3,29,754,810.0,N,C,SF,2,P,PR,41980,7,,FRM,N,N,,,00,,N,,,,,,,,,,,,,,,,,,,,,,,,,,,,,,,,N,,,,,,,N,,,,,,N,,,,,,,,,,,,,,,,N,,,,,,2014-01-01,2009-07-01,,0.0,3.0,1.0,1.0,0,0,0,0.0,0.0,0,0,,,0,0,1,2009,1,0,0,0,100,2059,10.47222222222222,0.0,0,0.0,0,0,0,0.0,0,0.0,0,Current,None,0
,102458150755,22014,R,Other,Other,,4.375,4.375,148000.0,,136125.74,360,72009,92009,54.0,306.0,306.0,82039.0,71,71,3,29,754,810.0,N,C,SF,2,P,PR,41980,7,,FRM,N,N,,,00,,N,,,,,,,,,,,,,,,,,,,,,,,,,,,,,,,,N,,,,,,,N,,,,,,N,,,,,,,,,,,,,,,,N,,,,,,2014-02-01,2009-07-01,,0.0,3.0,1.0,1.0,0,0,0,0.0,0.0,0,0,,,0,0,1,2009,1,0,0,0,100,2059,10.47222222222222,0.0,0,0.0,0,0,0,0.0,0,0.0,0,Current,None,0
,102458150755,32014,R,Other,Other,,4.375,4.375,148000.0,,135883.09,360,72009,92009,55.0,305.0,305.0,82039.0,71,71,3,29,754,810.0,N,C,SF,2,P,PR,41980,7,,FRM,N,N,,,00,,N,,,,,,,,,,,,,,,,,,,,,,,,,,,,,,,,N,,,,,,,N,,,,,,N,,,,,,,,,,,,,,,,N,,,,,,2014-03-01,2009-07-01,,0.0,3.0,1.0,1.0,0,0,0,0.0,0.0,0,0,,,0,0,1,2009,1,0,0,0,100,2059,10.47222222222222,0.0,0,0.0,0,0,0,0.0,0,0.0,0,Current,None,0
,102458150755,42014,R,Other,Other,,4.375,4.375,148000.0,,135639.56,360,72009,92009,56.0,304.0,304.0,82039.0,71,71,3,29,754,810.0,N,C,SF,2,P,PR,41980,7,,FRM,N,N,,,00,,N,,,,,,,,,,,,,,,,,,,,,,,,,,,,,,,,N,,,,,,,N,,,,,,N,,,,,,,,,,,,,,,,N,,,,,,2014-04-01,2009-07-01,,0.0,3.0,1.0,1.0,0,0,0,0.0,0.0,0,0,,,0,0,1,2009,1,0,0,0,100,2059,10.47222222222222,0.0,0,0.0,0,0,0,0.0,0,0.0,0,Current,None,0
,102458150755,52014,R,Other,Other,,4.375,4.375,148000.0,,135395.14,360,72009,92009,57.0,303.0,303.0,82039.0,71,71,3,29,754,810.0,N,C,SF,2,P,PR,41980,7,,FRM,N,N,,,00,,N,,,,,,,,,,,,,,,,,,,,,,,,,,,,,,,,N,,,,,,,N,,,,,,N,,,,,,,,,,,,,,,,N,,,,,,2014-05-01,2009-07-01,,0.0,3.0,1.0,1.0,0,0,0,0.0,0.0,0,0,,,0,0,1,2009,1,0,0,0,100,2059,10.47222222222222,0.0,0,0.0,0,0,0,0.0,0,0.0,0,Current,None,0
,102458150755,62014,R,Other,Other,,4.375,4.375,148000.0,,135149.83,360,72009,92009,58.0,302.0,302.0,82039.0,71,71,3,29,754,810.0,N,C,SF,2,P,PR,41980,7,,FRM,N,N,,,00,,N,,,,,,,,,,,,,,,,,,,,,,,,,,,,,,,,N,,,,,,,N,,,,,,N,,,,,,,,,,,,,,,,N,,,,,,2014-06-01,2009-07-01,,0.0,3.0,1.0,1.0,0,0,0,0.0,0.0,0,0,,,0,0,1,2009,1,0,0,0,100,2059,10.47222222222222,0.0,0,0.0,0,0,0,0.0,0,0.0,0,Current,None,0
,102458150755,72014,R,Other,Other,,4.375,4.375,148000.0,,134903.62,360,72009,92009,59.0,301.0,301.0,82039.0,71,71,3,29,754,810.0,N,C,SF,2,P,PR,41980,7,,FRM,N,N,,,00,,N,,,,,,,,,,,,,,,,,,,,,,,,,,,,,,,,N,,,,,,,N,,,,,,N,,,,,,,,,,,,,,,,N,,,,,,2014-07-01,2009-07-01,,0.0,3.0,1.0,1.0,0,0,0,0.0,0.0,0,0,,,0,0,1,2009,1,0,0,0,100,2059,10.47222222222222,0.0,0,0.0,0,0,0,0.0,0,0.0,0,Current,None,0
,102458150755,82014,R,Other,Other,,4.375,4.375,148000.0,,134656.52,360,72009,92009,60.0,300.0,300.0,82039.0,71,71,3,29,754,810.0,N,C,SF,2,P,PR,41980,7,,FRM,N,N,,,00,,N,,,,,,,,,,,,,,,,,,,,,,,,,,,,,,,,N,,,,,,,N,,,,,,N,,,,,,,,,,,,,,,,N,,,,,,2014-08-01,2009-07-01,,0.0,3.0,1.0,1.0,0,0,0,0.0,0.0,0,0,,,0,0,1,2009,1,0,0,0,100,2059,10.47222222222222,0.0,0,0.0,0,0,0,0.0,0,0.0,0,Current,None,0
,102458150755,92014,R,Other,Other,,4.375,4.375,148000.0,,134408.52,360,72009,92009,61.0,299.0,299.0,82039.0,71,71,3,29,754,810.0,N,C,SF,2,P,PR,41980,7,,FRM,N,N,,,00,,N,,,,,,,,,,,,,,,,,,,,,,,,,,,,,,,,N,,,,,,,N,,,,,,N,,,,,,,,,,,,,,,,N,,,,,,2014-09-01,2009-07-01,,0.0,3.0,1.0,1.0,0,0,0,0.0,0.0,0,0,,,0,0,1,2009,1,0,0,0,100,2059,10.47222222222222,0.0,0,0.0,0,0,0,0.0,0,0.0,0,Current,None,0
,102458150755,102014,R,Other,Other,,4.375,4.375,148000.0,,134159.61,360,72009,92009,62.0,298.0,298.0,82039.0,71,71,3,29,754,810.0,N,C,SF,2,P,PR,41980,7,,FRM,N,N,,,00,,N,,,,,,,,,,,,,,,,,,,,,,,,,,,,,,,,N,,,,,,,N,,,,,,N,,,,,,,,,,,,,,,,N,,,,,,2014-10-01,2009-07-01,,0.0,3.0,1.0,1.0,0,0,0,0.0,0.0,0,0,,,0,0,1,2009,1,0,0,0,100,2059,10.47222222222222,0.0,0,0.0,0,0,0,0.0,0,0.0,0,Current,None,0
,102458150755,112014,R,Other,Other,,4.375,4.375,148000.0,,133909.79,360,72009,92009,63.0,297.0,297.0,82039.0,71,71,3,29,754,810.0,N,C,SF,2,P,PR,41980,7,,FRM,N,N,,,00,,N,,,,,,,,,,,,,,,,,,,,,,,,,,,,,,,,N,,,,,,,N,,,,,,N,,,,,,,,,,,,,,,,N,,,,,,2014-11-01,2009-07-01,,0.0,3.0,1.0,1.0,0,0,0,0.0,0.0,0,0,,,0,0,1,2009,1,0,0,0,100,2059,10.47222222222222,0.0,0,0.0,0,0,0,0.0,0,0.0,0,Current,None,0
,102458150755,122014,R,Other,Other,,4.375,4.375,148000.0,,133659.06,360,72009,92009,64.0,296.0,296.0,82039.0,71,71,3,29,754,810.0,N,C,SF,2,P,PR,41980,7,,FRM,N,N,,,00,,N,,,,,,,,,,,,,,,,,,,,,,,,,,,,,,,,N,,,,,,,N,,,,,,N,,,,,,,,,,,,,,,,N,,,,,,2014-12-01,2009-07-01,,0.0,3.0,1.0,1.0,0,0,0,0.0,0.0,0,0,,,0,0,1,2009,1,0,0,0,100,2059,10.47222222222222,0.0,0,0.0,0,0,0,0.0,0,0.0,0,Current,None,0
,102458150755,12015,R,Other,Other,,4.375,4.375,148000.0,,133407.42,360,72009,92009,65.0,295.0,295.0,82039.0,71,71,3,29,754,810.0,N,C,SF,2,P,PR,41980,7,,FRM,N,N,,,00,,N,,,,,,,,,,,,,,,,,,,,,,,,,,,,,,,,N,,,,,,,N,,,,,,N,,,,,,,,,,,,,,,,N,,,,,,2015-01-01,2009-07-01,,0.0,3.0,1.0,1.0,0,0,0,0.0,0.0,0,0,,,0,0,1,2009,1,0,0,0,100,2059,10.47222222222222,0.0,0,0.0,0,0,0,0.0,0,0.0,0,Current,None,0
,102458150755,22015,R,Other,Other,,4.375,4.375,148000.0,,133154.86,360,72009,92009,66.0,294.0,294.0,82039.0,71,71,3,29,754,810.0,N,C,SF,2,P,PR,41980,7,,FRM,N,N,,,00,,N,,,,,,,,,,,,,,,,,,,,,,,,,,,,,,,,N,,,,,,,N,,,,,,N,,,,,,,,,,,,,,,,N,,,,,,2015-02-01,2009-07-01,,0.0,3.0,1.0,1.0,0,0,0,0.0,0.0,0,0,,,0,0,1,2009,1,0,0,0,100,2059,10.47222222222222,0.0,0,0.0,0,0,0,0.0,0,0.0,0,Current,None,0
,102458150755,32015,R,Other,Other,,4.375,4.375,148000.0,,132901.38,360,72009,92009,67.0,293.0,293.0,82039.0,71,71,3,29,754,810.0,N,C,SF,2,P,PR,41980,7,,FRM,N,N,,,00,,N,,,,,,,,,,,,,,,,,,,,,,,,,,,,,,,,N,,,,,,,N,,,,,,N,,,,,,,,,,,,,,,,N,,,,,,2015-03-01,2009-07-01,,0.0,3.0,1.0,1.0,0,0,0,0.0,0.0,0,0,,,0,0,1,2009,1,0,0,0,100,2059,10.47222222222222,0.0,0,0.0,0,0,0,0.0,0,0.0,0,Current,None,0
,102458150755,42015,R,Other,Other,,4.375,4.375,148000.0,,132646.98,360,72009,92009,68.0,292.0,292.0,82039.0,71,71,3,29,754,810.0,N,C,SF,2,P,PR,41980,7,,FRM,N,N,,,00,,N,,,,,,,,,,,,,,,,,,,,,,,,,,,,,,,,N,,,,,,,N,,,,,,N,,,,,,,,,,,,,,,,N,,,,,,2015-04-01,2009-07-01,,0.0,3.0,1.0,1.0,0,0,0,0.0,0.0,0,0,,,0,0,1,2009,1,0,0,0,100,2059,10.47222222222222,0.0,0,0.0,0,0,0,0.0,0,0.0,0,Current,None,0
,102458150755,52015,R,Other,Other,,4.375,4.375,148000.0,,132391.65,360,72009,92009,69.0,291.0,291.0,82039.0,71,71,3,29,754,810.0,N,C,SF,2,P,PR,41980,7,,FRM,N,N,,,00,,N,,,,,,,,,,,,,,,,,,,,,,,,,,,,,,,,N,,,,,,,N,,,,,,N,,,,,,,,,,,,,,,,N,,,,,,2015-05-01,2009-07-01,,0.0,3.0,1.0,1.0,0,0,0,0.0,0.0,0,0,,,0,0,1,2009,1,0,0,0,100,2059,10.47222222222222,0.0,0,0.0,0,0,0,0.0,0,0.0,0,Current,None,0
,102458150755,62015,R,Other,Other,,4.375,4.375,148000.0,,132135.39,360,72009,92009,70.0,290.0,290.0,82039.0,71,71,3,29,754,810.0,N,C,SF,2,P,PR,41980,7,,FRM,N,N,,,00,,N,,,,,,,,,,,,,,,,,,,,,,,,,,,,,,,,N,,,,,,,N,,,,,,N,,,,,,,,,,,,,,,,N,,,,,,2015-06-01,2009-07-01,,0.0,3.0,1.0,1.0,0,0,0,0.0,0.0,0,0,,,0,0,1,2009,1,0,0,0,100,2059,10.47222222222222,0.0,0,0.0,0,0,0,0.0,0,0.0,0,Current,None,0
,102458150755,72015,R,Other,Other,,4.375,4.375,148000.0,,131878.19,360,72009,92009,71.0,289.0,289.0,82039.0,71,71,3,29,754,810.0,N,C,SF,2,P,PR,41980,7,,FRM,N,N,,,00,,N,,,,,,,,,,,,,,,,,,,,,,,,,,,,,,,,N,,,,,,,N,,,,,,N,,,,,,,,,,,,,,,,N,,,,,,2015-07-01,2009-07-01,,0.0,3.0,1.0,1.0,0,0,0,0.0,0.0,0,0,,,0,0,1,2009,1,0,0,0,100,2059,10.47222222222222,0.0,0,0.0,0,0,0,0.0,0,0.0,0,Current,None,0
,102458150755,82015,R,Other,Other,,4.375,4.375,148000.0,,131620.06,360,72009,92009,72.0,288.0,288.0,82039.0,71,71,3,29,754,810.0,N,C,SF,2,P,PR,41980,7,,FRM,N,N,,,00,,N,,,,,,,,,,,,,,,,,,,,,,,,,,,,,,,,N,,,,,,,N,,,,,,N,,,,,,,,,,,,,,,,N,,,,,,2015-08-01,2009-07-01,,0.0,3.0,1.0,1.0,0,0,0,0.0,0.0,0,0,,,0,0,1,2009,1,0,0,0,100,2059,10.47222222222222,0.0,0,0.0,0,0,0,0.0,0,0.0,0,Current,None,0
,102458150755,92015,R,Other,Other,,4.375,4.375,148000.0,,131360.98,360,72009,92009,73.0,287.0,287.0,82039.0,71,71,3,29,754,810.0,N,C,SF,2,P,PR,41980,7,,FRM,N,N,,,00,,N,,,,,,,,,,,,,,,,,,,,,,,,,,,,,,,,N,,,,,,,N,,,,,,N,,,,,,,,,,,,,,,,N,,,,,,2015-09-01,2009-07-01,,0.0,3.0,1.0,1.0,0,0,0,0.0,0.0,0,0,,,0,0,1,2009,1,0,0,0,100,2059,10.47222222222222,0.0,0,0.0,0,0,0,0.0,0,0.0,0,Current,None,0
,102458150755,102015,R,Other,Other,,4.375,4.375,148000.0,,131100.96,360,72009,92009,74.0,286.0,286.0,82039.0,71,71,3,29,754,810.0,N,C,SF,2,P,PR,41980,7,,FRM,N,N,,,00,,N,,,,,,,,,,,,,,,,,,,,,,,,,,,,,,,,N,,,,,,,N,,,,,,N,,,,,,,,,,,,,,,,N,,,,,,2015-10-01,2009-07-01,,0.0,3.0,1.0,1.0,0,0,0,0.0,0.0,0,0,,,0,0,1,2009,1,0,0,0,100,2059,10.47222222222222,0.0,0,0.0,0,0,0,0.0,0,0.0,0,Current,None,0
,102458150755,112015,R,Other,Other,,4.375,4.375,148000.0,,130839.99,360,72009,92009,75.0,285.0,285.0,82039.0,71,71,3,29,754,810.0,N,C,SF,2,P,PR,41980,7,,FRM,N,N,,,00,,N,,,,,,,,,,,,,,,,,,,,,,,,,,,,,,,,N,,,,,,,N,,,,,,N,,,,,,,,,,,,,,,,N,,,,,,2015-11-01,2009-07-01,,0.0,3.0,1.0,1.0,0,0,0,0.0,0.0,0,0,,,0,0,1,2009,1,0,0,0,100,2059,10.47222222222222,0.0,0,0.0,0,0,0,0.0,0,0.0,0,Current,None,0
,102458150755,122015,R,Other,Other,,4.375,4.375,148000.0,,130578.07,360,72009,92009,76.0,284.0,284.0,82039.0,71,71,3,29,754,810.0,N,C,SF,2,P,PR,41980,7,,FRM,N,N,,,00,,N,,,,,,,,,,,,,,,,,,,,,,,,,,,,,,,,N,,,,,,,N,,,,,,N,,,,,,,,,,,,,,,,N,,,,,,2015-12-01,2009-07-01,,0.0,3.0,1.0,1.0,0,0,0,0.0,0.0,0,0,,,0,0,1,2009,1,0,0,0,100,2059,10.47222222222222,0.0,0,0.0,0,0,0,0.0,0,0.0,0,Current,None,0
,102458150755,12016,R,Other,Other,,4.375,4.375,148000.0,,130315.2,360,72009,92009,77.0,283.0,283.0,82039.0,71,71,3,29,754,810.0,N,C,SF,2,P,PR,41980,7,,FRM,N,N,,,00,,N,,,,,,,,,,,,,,,,,,,,,,,,,,,,,,,,N,,,,,,,N,,,,,,N,,,,,,,,,,,,,,,,N,,,,,,2016-01-01,2009-07-01,,0.0,3.0,1.0,1.0,0,0,0,0.0,0.0,0,0,,,0,0,1,2009,1,0,0,0,100,2059,10.47222222222222,0.0,0,0.0,0,0,0,0.0,0,0.0,0,Current,None,0
,102458150755,22016,R,Other,Other,,4.375,4.375,148000.0,,130051.37,360,72009,92009,78.0,282.0,282.0,82039.0,71,71,3,29,754,810.0,N,C,SF,2,P,PR,41980,7,,FRM,N,N,,,00,,N,,,,,,,,,,,,,,,,,,,,,,,,,,,,,,,,N,,,,,,,N,,,,,,N,,,,,,,,,,,,,,,,N,,,,,,2016-02-01,2009-07-01,,0.0,3.0,1.0,1.0,0,0,0,0.0,0.0,0,0,,,0,0,1,2009,1,0,0,0,100,2059,10.47222222222222,0.0,0,0.0,0,0,0,0.0,0,0.0,0,Current,None,0
,102458150755,32016,R,Other,Other,,4.375,4.375,148000.0,,129786.58,360,72009,92009,79.0,281.0,281.0,82039.0,71,71,3,29,754,810.0,N,C,SF,2,P,PR,41980,7,,FRM,N,N,,,00,,N,,,,,,,,,,,,,,,,,,,,,,,,,,,,,,,,N,,,,,,,N,,,,,,N,,,,,,,,,,,,,,,,N,,,,,,2016-03-01,2009-07-01,,0.0,3.0,1.0,1.0,0,0,0,0.0,0.0,0,0,,,0,0,1,2009,1,0,0,0,100,2059,10.47222222222222,0.0,0,0.0,0,0,0,0.0,0,0.0,0,Current,None,0
,102458150755,42016,R,Other,Other,,4.375,4.375,148000.0,,129520.82,360,72009,92009,80.0,280.0,280.0,82039.0,71,71,3,29,754,810.0,N,C,SF,2,P,PR,41980,7,,FRM,N,N,,,00,,N,,,,,,,,,,,,,,,,,,,,,,,,,,,,,,,,N,,,,,,,N,,,,,,N,,,,,,,,,,,,,,,,N,,,,,,2016-04-01,2009-07-01,,0.0,3.0,1.0,1.0,0,0,0,0.0,0.0,0,0,,,0,0,1,2009,1,0,0,0,100,2059,10.47222222222222,0.0,0,0.0,0,0,0,0.0,0,0.0,0,Current,None,0
,102458150755,52016,R,Other,Other,,4.375,4.375,148000.0,,129254.09,360,72009,92009,81.0,279.0,279.0,82039.0,71,71,3,29,754,810.0,N,C,SF,2,P,PR,41980,7,,FRM,N,N,,,00,,N,,,,,,,,,,,,,,,,,,,,,,,,,,,,,,,,N,,,,,,,N,,,,,,N,,,,,,,,,,,,,,,,N,,,,,,2016-05-01,2009-07-01,,0.0,3.0,1.0,1.0,0,0,0,0.0,0.0,0,0,,,0,0,1,2009,1,0,0,0,100,2059,10.47222222222222,0.0,0,0.0,0,0,0,0.0,0,0.0,0,Current,None,0
,102458150755,62016,R,Other,Other,,4.375,4.375,148000.0,,128986.39,360,72009,92009,82.0,278.0,278.0,82039.0,71,71,3,29,754,810.0,N,C,SF,2,P,PR,41980,7,,FRM,N,N,,,00,,N,,,,,,,,,,,,,,,,,,,,,,,,,,,,,,,,N,,,,,,,N,,,,,,N,,,,,,,,,,,,,,,,N,,,,,,2016-06-01,2009-07-01,,0.0,3.0,1.0,1.0,0,0,0,0.0,0.0,0,0,,,0,0,1,2009,1,0,0,0,100,2059,10.47222222222222,0.0,0,0.0,0,0,0,0.0,0,0.0,0,Current,None,0
,102458150755,72016,R,Other,Other,,4.375,4.375,148000.0,,128717.71,360,72009,92009,83.0,277.0,277.0,82039.0,71,71,3,29,754,810.0,N,C,SF,2,P,PR,41980,7,,FRM,N,N,,,00,,N,,,,,,,,,,,,,,,,,,,,,,,,,,,,,,,,N,,,,,,,N,,,,,,N,,,,,,,,,,,,,,,,N,,,,,,2016-07-01,2009-07-01,,0.0,3.0,1.0,1.0,0,0,0,0.0,0.0,0,0,,,0,0,1,2009,1,0,0,0,100,2059,10.47222222222222,0.0,0,0.0,0,0,0,0.0,0,0.0,0,Current,None,0
,102458150755,82016,R,Other,Other,,4.375,4.375,148000.0,,128448.05,360,72009,92009,84.0,276.0,276.0,82039.0,71,71,3,29,754,810.0,N,C,SF,2,P,PR,41980,7,,FRM,N,N,,,00,,N,,,,,,,,,,,,,,,,,,,,,,,,,,,,,,,,N,,,,,,,N,,,,,,N,,,,,,,,,,,,,,,,N,,,,,,2016-08-01,2009-07-01,,0.0,3.0,1.0,1.0,0,0,0,0.0,0.0,0,0,,,0,0,1,2009,1,0,0,0,100,2059,10.47222222222222,0.0,0,0.0,0,0,0,0.0,0,0.0,0,Current,None,0
,102458150755,92016,R,Other,Other,,4.375,4.375,148000.0,,128177.41,360,72009,92009,85.0,275.0,275.0,82039.0,71,71,3,29,754,810.0,N,C,SF,2,P,PR,41980,7,,FRM,N,N,,,00,,N,,,,,,,,,,,,,,,,,,,,,,,,,,,,,,,,N,,,,,,,N,,,,,,N,,,,,,,,,,,,,,,,N,,,,,,2016-09-01,2009-07-01,,0.0,3.0,1.0,1.0,0,0,0,0.0,0.0,0,0,,,0,0,1,2009,1,0,0,0,100,2059,10.47222222222222,0.0,0,0.0,0,0,0,0.0,0,0.0,0,Current,None,0
,102458150755,102016,R,Other,Other,,4.375,4.375,148000.0,,127905.78,360,72009,92009,86.0,274.0,274.0,82039.0,71,71,3,29,754,810.0,N,C,SF,2,P,PR,41980,7,,FRM,N,N,,,00,,N,,,,,,,,,,,,,,,,,,,,,,,,,,,,,,,,N,,,,,,,N,,,,,,N,,,,,,,,,,,,,,,,N,,,,,,2016-10-01,2009-07-01,,0.0,3.0,1.0,1.0,0,0,0,0.0,0.0,0,0,,,0,0,1,2009,1,0,0,0,100,2059,10.47222222222222,0.0,0,0.0,0,0,0,0.0,0,0.0,0,Current,None,0
,102458150755,112016,R,Other,Other,,4.375,4.375,148000.0,,127633.16,360,72009,92009,87.0,273.0,273.0,82039.0,71,71,3,29,754,810.0,N,C,SF,2,P,PR,41980,7,,FRM,N,N,,,00,,N,,,,,,,,,,,,,,,,,,,,,,,,,,,,,,,,N,,,,,,,N,,,,,,N,,,,,,,,,,,,,,,,N,,,,,,2016-11-01,2009-07-01,,0.0,3.0,1.0,1.0,0,0,0,0.0,0.0,0,0,,,0,0,1,2009,1,0,0,0,100,2059,10.47222222222222,0.0,0,0.0,0,0,0,0.0,0,0.0,0,Current,None,0
,102458150755,122016,R,Other,Other,,4.375,4.375,148000.0,,127359.55,360,72009,92009,88.0,272.0,272.0,82039.0,71,71,3,29,754,810.0,N,C,SF,2,P,PR,41980,7,,FRM,N,N,,,00,,N,,,,,,,,,,,,,,,,,,,,,,,,,,,,,,,,N,,,,,,,N,,,,,,N,,,,,,,,,,,,,,,,N,,,,,,2016-12-01,2009-07-01,,0.0,3.0,1.0,1.0,0,0,0,0.0,0.0,0,0,,,0,0,1,2009,1,0,0,0,100,2059,10.47222222222222,0.0,0,0.0,0,0,0,0.0,0,0.0,0,Current,None,0
,102458150755,12017,R,Other,Other,,4.375,4.375,148000.0,,127084.94,360,72009,92009,89.0,271.0,271.0,82039.0,71,71,3,29,754,810.0,N,C,SF,2,P,PR,41980,7,,FRM,N,N,,,00,,N,,,,,,,,,,,,,,,,,,,,,,,,,,,,,,,,N,,,,,,,N,,,,,,N,,,,,,,,,,,,,,,,N,,,,,,2017-01-01,2009-07-01,,0.0,3.0,1.0,1.0,0,0,0,0.0,0.0,0,0,,,0,0,1,2009,1,0,0,0,100,2059,10.47222222222222,0.0,0,0.0,0,0,0,0.0,0,0.0,0,Current,None,0
,102458150755,22017,R,Other,Other,,4.375,4.375,148000.0,,126809.33,360,72009,92009,90.0,270.0,270.0,82039.0,71,71,3,29,754,810.0,N,C,SF,2,P,PR,41980,7,,FRM,N,N,,,00,,N,,,,,,,,,,,,,,,,,,,,,,,,,,,,,,,,N,,,,,,,N,,,,,,N,,,,,,,,,,,,,,,,N,,,,,,2017-02-01,2009-07-01,,0.0,3.0,1.0,1.0,0,0,0,0.0,0.0,0,0,,,0,0,1,2009,1,0,0,0,100,2059,10.47222222222222,0.0,0,0.0,0,0,0,0.0,0,0.0,0,Current,None,0
,102458150755,32017,R,Other,Other,,4.375,4.375,148000.0,,126532.72,360,72009,92009,91.0,269.0,269.0,82039.0,71,71,3,29,754,810.0,N,C,SF,2,P,PR,41980,7,,FRM,N,N,,,00,,N,,,,,,,,,,,,,,,,,,,,,,,,,,,,,,,,N,,,,,,,N,,,,,,N,,,,,,,,,,,,,,,,N,,,,,,2017-03-01,2009-07-01,,0.0,3.0,1.0,1.0,0,0,0,0.0,0.0,0,0,,,0,0,1,2009,1,0,0,0,100,2059,10.47222222222222,0.0,0,0.0,0,0,0,0.0,0,0.0,0,Current,None,0
